[2021-06-17 02:31:47] local.ERROR: Invalid argument supplied for foreach() {"userId":2,"exception":"[object] (ErrorException(code: 0): Invalid argument supplied for foreach() at /home/adminlsp/appdir/app/Http/Controllers/UserController.php:336)
[stacktrace]
#0 /home/adminlsp/appdir/app/Http/Controllers/UserController.php(336): Illuminate\\Foundation\\Bootstrap\\HandleExceptions->handleError(2, 'Invalid argumen...', '/home/adminlsp/...', 336, Array)
#1 [internal function]: App\\Http\\Controllers\\UserController->store(Object(Illuminate\\Http\\Request), Object(Illuminate\\Auth\\SessionGuard))
#2 /home/adminlsp/appdir/vendor/laravel/framework/src/Illuminate/Routing/Controller.php(54): call_user_func_array(Array, Array)
#3 /home/adminlsp/appdir/vendor/laravel/framework/src/Illuminate/Routing/ControllerDispatcher.php(45): Illuminate\\Routing\\Controller->callAction('store', Array)
#4 /home/adminlsp/appdir/vendor/laravel/framework/src/Illuminate/Routing/Route.php(219): Illuminate\\Routing\\ControllerDispatcher->dispatch(Object(Illuminate\\Routing\\Route), Object(App\\Http\\Controllers\\UserController), 'store')
#5 /home/adminlsp/appdir/vendor/laravel/framework/src/Illuminate/Routing/Route.php(176): Illuminate\\Routing\\Route->runController()
#6 /home/adminlsp/appdir/vendor/laravel/framework/src/Illuminate/Routing/Router.php(680): Illuminate\\Routing\\Route->run()
#7 /home/adminlsp/appdir/vendor/laravel/framework/src/Illuminate/Routing/Pipeline.php(30): Illuminate\\Routing\\Router->Illuminate\\Routing\\{closure}(Object(Illuminate\\Http\\Request))
#8 /home/adminlsp/appdir/app/Http/Controllers/UserController.php(43): Illuminate\\Routing\\Pipeline->Illuminate\\Routing\\{closure}(Object(Illuminate\\Http\\Request))
#9 /home/adminlsp/appdir/vendor/laravel/framework/src/Illuminate/Pipeline/Pipeline.php(145): App\\Http\\Controllers\\UserController->App\\Http\\Controllers\\{closure}(Object(Illuminate\\Http\\Request), Object(Closure))
#10 /home/adminlsp/appdir/vendor/laravel/framework/src/Illuminate/Routing/Pipeline.php(53): Illuminate\\Pipeline\\Pipeline->Illuminate\\Pipeline\\{closure}(Object(Illuminate\\Http\\Request))
#11 /home/adminlsp/appdir/vendor/laravel/framework/src/Illuminate/Routing/Middleware/SubstituteBindings.php(41): Illuminate\\Routing\\Pipeline->Illuminate\\Routing\\{closure}(Object(Illuminate\\Http\\Request))
#12 /home/adminlsp/appdir/vendor/laravel/framework/src/Illuminate/Pipeline/Pipeline.php(163): Illuminate\\Routing\\Middleware\\SubstituteBindings->handle(Object(Illuminate\\Http\\Request), Object(Closure))
#13 /home/adminlsp/appdir/vendor/laravel/framework/src/Illuminate/Routing/Pipeline.php(53): Illuminate\\Pipeline\\Pipeline->Illuminate\\Pipeline\\{closure}(Object(Illuminate\\Http\\Request))
#14 /home/adminlsp/appdir/vendor/laravel/framework/src/Illuminate/Foundation/Http/Middleware/VerifyCsrfToken.php(75): Illuminate\\Routing\\Pipeline->Illuminate\\Routing\\{closure}(Object(Illuminate\\Http\\Request))
#15 /home/adminlsp/appdir/vendor/laravel/framework/src/Illuminate/Pipeline/Pipeline.php(163): Illuminate\\Foundation\\Http\\Middleware\\VerifyCsrfToken->handle(Object(Illuminate\\Http\\Request), Object(Closure))
#16 /home/adminlsp/appdir/vendor/laravel/framework/src/Illuminate/Routing/Pipeline.php(53): Illuminate\\Pipeline\\Pipeline->Illuminate\\Pipeline\\{closure}(Object(Illuminate\\Http\\Request))
#17 /home/adminlsp/appdir/vendor/laravel/framework/src/Illuminate/Session/Middleware/AuthenticateSession.php(58): Illuminate\\Routing\\Pipeline->Illuminate\\Routing\\{closure}(Object(Illuminate\\Http\\Request))
#18 /home/adminlsp/appdir/vendor/laravel/framework/src/Illuminate/Pipeline/Pipeline.php(163): Illuminate\\Session\\Middleware\\AuthenticateSession->handle(Object(Illuminate\\Http\\Request), Object(Closure))
#19 /home/adminlsp/appdir/vendor/laravel/framework/src/Illuminate/Routing/Pipeline.php(53): Illuminate\\Pipeline\\Pipeline->Illuminate\\Pipeline\\{closure}(Object(Illuminate\\Http\\Request))
#20 /home/adminlsp/appdir/vendor/laravel/framework/src/Illuminate/Auth/Middleware/Authenticate.php(43): Illuminate\\Routing\\Pipeline->Illuminate\\Routing\\{closure}(Object(Illuminate\\Http\\Request))
#21 /home/adminlsp/appdir/vendor/laravel/framework/src/Illuminate/Pipeline/Pipeline.php(163): Illuminate\\Auth\\Middleware\\Authenticate->handle(Object(Illuminate\\Http\\Request), Object(Closure))
#22 /home/adminlsp/appdir/vendor/laravel/framework/src/Illuminate/Routing/Pipeline.php(53): Illuminate\\Pipeline\\Pipeline->Illuminate\\Pipeline\\{closure}(Object(Illuminate\\Http\\Request))
#23 /home/adminlsp/appdir/vendor/laravel/framework/src/Illuminate/View/Middleware/ShareErrorsFromSession.php(49): Illuminate\\Routing\\Pipeline->Illuminate\\Routing\\{closure}(Object(Illuminate\\Http\\Request))
#24 /home/adminlsp/appdir/vendor/laravel/framework/src/Illuminate/Pipeline/Pipeline.php(163): Illuminate\\View\\Middleware\\ShareErrorsFromSession->handle(Object(Illuminate\\Http\\Request), Object(Closure))
#25 /home/adminlsp/appdir/vendor/laravel/framework/src/Illuminate/Routing/Pipeline.php(53): Illuminate\\Pipeline\\Pipeline->Illuminate\\Pipeline\\{closure}(Object(Illuminate\\Http\\Request))
#26 /home/adminlsp/appdir/vendor/laravel/framework/src/Illuminate/Session/Middleware/StartSession.php(56): Illuminate\\Routing\\Pipeline->Illuminate\\Routing\\{closure}(Object(Illuminate\\Http\\Request))
#27 /home/adminlsp/appdir/vendor/laravel/framework/src/Illuminate/Pipeline/Pipeline.php(163): Illuminate\\Session\\Middleware\\StartSession->handle(Object(Illuminate\\Http\\Request), Object(Closure))
#28 /home/adminlsp/appdir/vendor/laravel/framework/src/Illuminate/Routing/Pipeline.php(53): Illuminate\\Pipeline\\Pipeline->Illuminate\\Pipeline\\{closure}(Object(Illuminate\\Http\\Request))
#29 /home/adminlsp/appdir/vendor/laravel/framework/src/Illuminate/Cookie/Middleware/AddQueuedCookiesToResponse.php(37): Illuminate\\Routing\\Pipeline->Illuminate\\Routing\\{closure}(Object(Illuminate\\Http\\Request))
#30 /home/adminlsp/appdir/vendor/laravel/framework/src/Illuminate/Pipeline/Pipeline.php(163): Illuminate\\Cookie\\Middleware\\AddQueuedCookiesToResponse->handle(Object(Illuminate\\Http\\Request), Object(Closure))
#31 /home/adminlsp/appdir/vendor/laravel/framework/src/Illuminate/Routing/Pipeline.php(53): Illuminate\\Pipeline\\Pipeline->Illuminate\\Pipeline\\{closure}(Object(Illuminate\\Http\\Request))
#32 /home/adminlsp/appdir/vendor/laravel/framework/src/Illuminate/Cookie/Middleware/EncryptCookies.php(66): Illuminate\\Routing\\Pipeline->Illuminate\\Routing\\{closure}(Object(Illuminate\\Http\\Request))
#33 /home/adminlsp/appdir/vendor/laravel/framework/src/Illuminate/Pipeline/Pipeline.php(163): Illuminate\\Cookie\\Middleware\\EncryptCookies->handle(Object(Illuminate\\Http\\Request), Object(Closure))
#34 /home/adminlsp/appdir/vendor/laravel/framework/src/Illuminate/Routing/Pipeline.php(53): Illuminate\\Pipeline\\Pipeline->Illuminate\\Pipeline\\{closure}(Object(Illuminate\\Http\\Request))
#35 /home/adminlsp/appdir/vendor/laravel/framework/src/Illuminate/Pipeline/Pipeline.php(104): Illuminate\\Routing\\Pipeline->Illuminate\\Routing\\{closure}(Object(Illuminate\\Http\\Request))
#36 /home/adminlsp/appdir/vendor/laravel/framework/src/Illuminate/Routing/Router.php(682): Illuminate\\Pipeline\\Pipeline->then(Object(Closure))
#37 /home/adminlsp/appdir/vendor/laravel/framework/src/Illuminate/Routing/Router.php(657): Illuminate\\Routing\\Router->runRouteWithinStack(Object(Illuminate\\Routing\\Route), Object(Illuminate\\Http\\Request))
#38 /home/adminlsp/appdir/vendor/laravel/framework/src/Illuminate/Routing/Router.php(623): Illuminate\\Routing\\Router->runRoute(Object(Illuminate\\Http\\Request), Object(Illuminate\\Routing\\Route))
#39 /home/adminlsp/appdir/vendor/laravel/framework/src/Illuminate/Routing/Router.php(612): Illuminate\\Routing\\Router->dispatchToRoute(Object(Illuminate\\Http\\Request))
#40 /home/adminlsp/appdir/vendor/laravel/framework/src/Illuminate/Foundation/Http/Kernel.php(176): Illuminate\\Routing\\Router->dispatch(Object(Illuminate\\Http\\Request))
#41 /home/adminlsp/appdir/vendor/laravel/framework/src/Illuminate/Routing/Pipeline.php(30): Illuminate\\Foundation\\Http\\Kernel->Illuminate\\Foundation\\Http\\{closure}(Object(Illuminate\\Http\\Request))
#42 /home/adminlsp/appdir/vendor/fideloper/proxy/src/TrustProxies.php(57): Illuminate\\Routing\\Pipeline->Illuminate\\Routing\\{closure}(Object(Illuminate\\Http\\Request))
#43 /home/adminlsp/appdir/vendor/laravel/framework/src/Illuminate/Pipeline/Pipeline.php(163): Fideloper\\Proxy\\TrustProxies->handle(Object(Illuminate\\Http\\Request), Object(Closure))
#44 /home/adminlsp/appdir/vendor/laravel/framework/src/Illuminate/Routing/Pipeline.php(53): Illuminate\\Pipeline\\Pipeline->Illuminate\\Pipeline\\{closure}(Object(Illuminate\\Http\\Request))
#45 /home/adminlsp/appdir/vendor/laravel/framework/src/Illuminate/Foundation/Http/Middleware/TransformsRequest.php(21): Illuminate\\Routing\\Pipeline->Illuminate\\Routing\\{closure}(Object(Illuminate\\Http\\Request))
#46 /home/adminlsp/appdir/vendor/laravel/framework/src/Illuminate/Pipeline/Pipeline.php(163): Illuminate\\Foundation\\Http\\Middleware\\TransformsRequest->handle(Object(Illuminate\\Http\\Request), Object(Closure))
#47 /home/adminlsp/appdir/vendor/laravel/framework/src/Illuminate/Routing/Pipeline.php(53): Illuminate\\Pipeline\\Pipeline->Illuminate\\Pipeline\\{closure}(Object(Illuminate\\Http\\Request))
#48 /home/adminlsp/appdir/vendor/laravel/framework/src/Illuminate/Foundation/Http/Middleware/TransformsRequest.php(21): Illuminate\\Routing\\Pipeline->Illuminate\\Routing\\{closure}(Object(Illuminate\\Http\\Request))
#49 /home/adminlsp/appdir/vendor/laravel/framework/src/Illuminate/Pipeline/Pipeline.php(163): Illuminate\\Foundation\\Http\\Middleware\\TransformsRequest->handle(Object(Illuminate\\Http\\Request), Object(Closure))
#50 /home/adminlsp/appdir/vendor/laravel/framework/src/Illuminate/Routing/Pipeline.php(53): Illuminate\\Pipeline\\Pipeline->Illuminate\\Pipeline\\{closure}(Object(Illuminate\\Http\\Request))
#51 /home/adminlsp/appdir/vendor/laravel/framework/src/Illuminate/Foundation/Http/Middleware/ValidatePostSize.php(27): Illuminate\\Routing\\Pipeline->Illuminate\\Routing\\{closure}(Object(Illuminate\\Http\\Request))
#52 /home/adminlsp/appdir/vendor/laravel/framework/src/Illuminate/Pipeline/Pipeline.php(163): Illuminate\\Foundation\\Http\\Middleware\\ValidatePostSize->handle(Object(Illuminate\\Http\\Request), Object(Closure))
#53 /home/adminlsp/appdir/vendor/laravel/framework/src/Illuminate/Routing/Pipeline.php(53): Illuminate\\Pipeline\\Pipeline->Illuminate\\Pipeline\\{closure}(Object(Illuminate\\Http\\Request))
#54 /home/adminlsp/appdir/vendor/laravel/framework/src/Illuminate/Foundation/Http/Middleware/CheckForMaintenanceMode.php(62): Illuminate\\Routing\\Pipeline->Illuminate\\Routing\\{closure}(Object(Illuminate\\Http\\Request))
#55 /home/adminlsp/appdir/vendor/laravel/framework/src/Illuminate/Pipeline/Pipeline.php(163): Illuminate\\Foundation\\Http\\Middleware\\CheckForMaintenanceMode->handle(Object(Illuminate\\Http\\Request), Object(Closure))
#56 /home/adminlsp/appdir/vendor/laravel/framework/src/Illuminate/Routing/Pipeline.php(53): Illuminate\\Pipeline\\Pipeline->Illuminate\\Pipeline\\{closure}(Object(Illuminate\\Http\\Request))
#57 /home/adminlsp/appdir/vendor/laravel/framework/src/Illuminate/Pipeline/Pipeline.php(104): Illuminate\\Routing\\Pipeline->Illuminate\\Routing\\{closure}(Object(Illuminate\\Http\\Request))
#58 /home/adminlsp/appdir/vendor/laravel/framework/src/Illuminate/Foundation/Http/Kernel.php(151): Illuminate\\Pipeline\\Pipeline->then(Object(Closure))
#59 /home/adminlsp/appdir/vendor/laravel/framework/src/Illuminate/Foundation/Http/Kernel.php(116): Illuminate\\Foundation\\Http\\Kernel->sendRequestThroughRouter(Object(Illuminate\\Http\\Request))
#60 /home/adminlsp/appdir/public/index.php(55): Illuminate\\Foundation\\Http\\Kernel->handle(Object(Illuminate\\Http\\Request))
#61 /home/adminlsp/appdir/server.php(21): require_once('/home/adminlsp/...')
#62 {main}
"} 
[2021-06-17 03:01:35] local.ERROR: Failed to authenticate on SMTP server with username "lsp@polije.ac.id" using 3 possible authenticators. Authenticator LOGIN returned Expected response code 235 but got code "535", with message "535-5.7.8 Username and Password not accepted. Learn more at
535 5.7.8  https://support.google.com/mail/?p=BadCredentials t136sm3559486pfc.70 - gsmtp
". Authenticator PLAIN returned Expected response code 235 but got code "535", with message "535-5.7.8 Username and Password not accepted. Learn more at
535 5.7.8  https://support.google.com/mail/?p=BadCredentials t136sm3559486pfc.70 - gsmtp
". Authenticator XOAUTH2 returned Expected response code 250 but got code "535", with message "535-5.7.8 Username and Password not accepted. Learn more at
535 5.7.8  https://support.google.com/mail/?p=BadCredentials t136sm3559486pfc.70 - gsmtp
". {"exception":"[object] (Swift_TransportException(code: 0): Failed to authenticate on SMTP server with username \"lsp@polije.ac.id\" using 3 possible authenticators. Authenticator LOGIN returned Expected response code 235 but got code \"535\", with message \"535-5.7.8 Username and Password not accepted. Learn more at
535 5.7.8  https://support.google.com/mail/?p=BadCredentials t136sm3559486pfc.70 - gsmtp
\". Authenticator PLAIN returned Expected response code 235 but got code \"535\", with message \"535-5.7.8 Username and Password not accepted. Learn more at
535 5.7.8  https://support.google.com/mail/?p=BadCredentials t136sm3559486pfc.70 - gsmtp
\". Authenticator XOAUTH2 returned Expected response code 250 but got code \"535\", with message \"535-5.7.8 Username and Password not accepted. Learn more at
535 5.7.8  https://support.google.com/mail/?p=BadCredentials t136sm3559486pfc.70 - gsmtp
\". at /home/adminlsp/appdir/vendor/swiftmailer/swiftmailer/lib/classes/Swift/Transport/Esmtp/AuthHandler.php:191)
[stacktrace]
#0 /home/adminlsp/appdir/vendor/swiftmailer/swiftmailer/lib/classes/Swift/Transport/EsmtpTransport.php(371): Swift_Transport_Esmtp_AuthHandler->afterEhlo(Object(Swift_SmtpTransport))
#1 /home/adminlsp/appdir/vendor/swiftmailer/swiftmailer/lib/classes/Swift/Transport/AbstractSmtpTransport.php(148): Swift_Transport_EsmtpTransport->doHeloCommand()
#2 /home/adminlsp/appdir/vendor/swiftmailer/swiftmailer/lib/classes/Swift/Mailer.php(65): Swift_Transport_AbstractSmtpTransport->start()
#3 /home/adminlsp/appdir/vendor/laravel/framework/src/Illuminate/Mail/Mailer.php(484): Swift_Mailer->send(Object(Swift_Message), Array)
#4 /home/adminlsp/appdir/vendor/laravel/framework/src/Illuminate/Mail/Mailer.php(259): Illuminate\\Mail\\Mailer->sendSwiftMessage(Object(Swift_Message))
#5 /home/adminlsp/appdir/vendor/laravel/framework/src/Illuminate/Mail/Mailable.php(159): Illuminate\\Mail\\Mailer->send('auth.mail', Array, Object(Closure))
#6 /home/adminlsp/appdir/vendor/laravel/framework/src/Illuminate/Support/Traits/Localizable.php(19): Illuminate\\Mail\\Mailable->Illuminate\\Mail\\{closure}()
#7 /home/adminlsp/appdir/vendor/laravel/framework/src/Illuminate/Mail/Mailable.php(160): Illuminate\\Mail\\Mailable->withLocale(NULL, Object(Closure))
#8 /home/adminlsp/appdir/vendor/laravel/framework/src/Illuminate/Mail/Mailer.php(275): Illuminate\\Mail\\Mailable->send(Object(Illuminate\\Mail\\Mailer))
#9 /home/adminlsp/appdir/vendor/laravel/framework/src/Illuminate/Mail/Mailer.php(229): Illuminate\\Mail\\Mailer->sendMailable(Object(App\\Mail\\RegisterMail))
#10 /home/adminlsp/appdir/vendor/laravel/framework/src/Illuminate/Mail/PendingMail.php(127): Illuminate\\Mail\\Mailer->send(Object(App\\Mail\\RegisterMail))
#11 /home/adminlsp/appdir/app/Listeners/RegisteredListener.php(30): Illuminate\\Mail\\PendingMail->send(Object(App\\Mail\\RegisterMail))
#12 [internal function]: App\\Listeners\\RegisteredListener->handle(Object(Illuminate\\Auth\\Events\\Registered))
#13 /home/adminlsp/appdir/vendor/laravel/framework/src/Illuminate/Events/Dispatcher.php(366): call_user_func_array(Array, Array)
#14 /home/adminlsp/appdir/vendor/laravel/framework/src/Illuminate/Events/Dispatcher.php(196): Illuminate\\Events\\Dispatcher->Illuminate\\Events\\{closure}('Illuminate\\\\Auth...', Array)
#15 /home/adminlsp/appdir/vendor/laravel/framework/src/Illuminate/Foundation/helpers.php(482): Illuminate\\Events\\Dispatcher->dispatch('Illuminate\\\\Auth...')
#16 /home/adminlsp/appdir/vendor/laravel/framework/src/Illuminate/Foundation/Auth/RegistersUsers.php(34): event(Object(Illuminate\\Auth\\Events\\Registered))
#17 [internal function]: App\\Http\\Controllers\\Auth\\RegisterController->register(Object(Illuminate\\Http\\Request))
#18 /home/adminlsp/appdir/vendor/laravel/framework/src/Illuminate/Routing/Controller.php(54): call_user_func_array(Array, Array)
#19 /home/adminlsp/appdir/vendor/laravel/framework/src/Illuminate/Routing/ControllerDispatcher.php(45): Illuminate\\Routing\\Controller->callAction('register', Array)
#20 /home/adminlsp/appdir/vendor/laravel/framework/src/Illuminate/Routing/Route.php(219): Illuminate\\Routing\\ControllerDispatcher->dispatch(Object(Illuminate\\Routing\\Route), Object(App\\Http\\Controllers\\Auth\\RegisterController), 'register')
#21 /home/adminlsp/appdir/vendor/laravel/framework/src/Illuminate/Routing/Route.php(176): Illuminate\\Routing\\Route->runController()
#22 /home/adminlsp/appdir/vendor/laravel/framework/src/Illuminate/Routing/Router.php(680): Illuminate\\Routing\\Route->run()
#23 /home/adminlsp/appdir/vendor/laravel/framework/src/Illuminate/Routing/Pipeline.php(30): Illuminate\\Routing\\Router->Illuminate\\Routing\\{closure}(Object(Illuminate\\Http\\Request))
#24 /home/adminlsp/appdir/app/Http/Middleware/RedirectIfAuthenticated.php(24): Illuminate\\Routing\\Pipeline->Illuminate\\Routing\\{closure}(Object(Illuminate\\Http\\Request))
#25 /home/adminlsp/appdir/vendor/laravel/framework/src/Illuminate/Pipeline/Pipeline.php(163): App\\Http\\Middleware\\RedirectIfAuthenticated->handle(Object(Illuminate\\Http\\Request), Object(Closure))
#26 /home/adminlsp/appdir/vendor/laravel/framework/src/Illuminate/Routing/Pipeline.php(53): Illuminate\\Pipeline\\Pipeline->Illuminate\\Pipeline\\{closure}(Object(Illuminate\\Http\\Request))
#27 /home/adminlsp/appdir/vendor/laravel/framework/src/Illuminate/Routing/Middleware/SubstituteBindings.php(41): Illuminate\\Routing\\Pipeline->Illuminate\\Routing\\{closure}(Object(Illuminate\\Http\\Request))
#28 /home/adminlsp/appdir/vendor/laravel/framework/src/Illuminate/Pipeline/Pipeline.php(163): Illuminate\\Routing\\Middleware\\SubstituteBindings->handle(Object(Illuminate\\Http\\Request), Object(Closure))
#29 /home/adminlsp/appdir/vendor/laravel/framework/src/Illuminate/Routing/Pipeline.php(53): Illuminate\\Pipeline\\Pipeline->Illuminate\\Pipeline\\{closure}(Object(Illuminate\\Http\\Request))
#30 /home/adminlsp/appdir/vendor/laravel/framework/src/Illuminate/Foundation/Http/Middleware/VerifyCsrfToken.php(75): Illuminate\\Routing\\Pipeline->Illuminate\\Routing\\{closure}(Object(Illuminate\\Http\\Request))
#31 /home/adminlsp/appdir/vendor/laravel/framework/src/Illuminate/Pipeline/Pipeline.php(163): Illuminate\\Foundation\\Http\\Middleware\\VerifyCsrfToken->handle(Object(Illuminate\\Http\\Request), Object(Closure))
#32 /home/adminlsp/appdir/vendor/laravel/framework/src/Illuminate/Routing/Pipeline.php(53): Illuminate\\Pipeline\\Pipeline->Illuminate\\Pipeline\\{closure}(Object(Illuminate\\Http\\Request))
#33 /home/adminlsp/appdir/vendor/laravel/framework/src/Illuminate/Session/Middleware/AuthenticateSession.php(39): Illuminate\\Routing\\Pipeline->Illuminate\\Routing\\{closure}(Object(Illuminate\\Http\\Request))
#34 /home/adminlsp/appdir/vendor/laravel/framework/src/Illuminate/Pipeline/Pipeline.php(163): Illuminate\\Session\\Middleware\\AuthenticateSession->handle(Object(Illuminate\\Http\\Request), Object(Closure))
#35 /home/adminlsp/appdir/vendor/laravel/framework/src/Illuminate/Routing/Pipeline.php(53): Illuminate\\Pipeline\\Pipeline->Illuminate\\Pipeline\\{closure}(Object(Illuminate\\Http\\Request))
#36 /home/adminlsp/appdir/vendor/laravel/framework/src/Illuminate/View/Middleware/ShareErrorsFromSession.php(49): Illuminate\\Routing\\Pipeline->Illuminate\\Routing\\{closure}(Object(Illuminate\\Http\\Request))
#37 /home/adminlsp/appdir/vendor/laravel/framework/src/Illuminate/Pipeline/Pipeline.php(163): Illuminate\\View\\Middleware\\ShareErrorsFromSession->handle(Object(Illuminate\\Http\\Request), Object(Closure))
#38 /home/adminlsp/appdir/vendor/laravel/framework/src/Illuminate/Routing/Pipeline.php(53): Illuminate\\Pipeline\\Pipeline->Illuminate\\Pipeline\\{closure}(Object(Illuminate\\Http\\Request))
#39 /home/adminlsp/appdir/vendor/laravel/framework/src/Illuminate/Session/Middleware/StartSession.php(56): Illuminate\\Routing\\Pipeline->Illuminate\\Routing\\{closure}(Object(Illuminate\\Http\\Request))
#40 /home/adminlsp/appdir/vendor/laravel/framework/src/Illuminate/Pipeline/Pipeline.php(163): Illuminate\\Session\\Middleware\\StartSession->handle(Object(Illuminate\\Http\\Request), Object(Closure))
#41 /home/adminlsp/appdir/vendor/laravel/framework/src/Illuminate/Routing/Pipeline.php(53): Illuminate\\Pipeline\\Pipeline->Illuminate\\Pipeline\\{closure}(Object(Illuminate\\Http\\Request))
#42 /home/adminlsp/appdir/vendor/laravel/framework/src/Illuminate/Cookie/Middleware/AddQueuedCookiesToResponse.php(37): Illuminate\\Routing\\Pipeline->Illuminate\\Routing\\{closure}(Object(Illuminate\\Http\\Request))
#43 /home/adminlsp/appdir/vendor/laravel/framework/src/Illuminate/Pipeline/Pipeline.php(163): Illuminate\\Cookie\\Middleware\\AddQueuedCookiesToResponse->handle(Object(Illuminate\\Http\\Request), Object(Closure))
#44 /home/adminlsp/appdir/vendor/laravel/framework/src/Illuminate/Routing/Pipeline.php(53): Illuminate\\Pipeline\\Pipeline->Illuminate\\Pipeline\\{closure}(Object(Illuminate\\Http\\Request))
#45 /home/adminlsp/appdir/vendor/laravel/framework/src/Illuminate/Cookie/Middleware/EncryptCookies.php(66): Illuminate\\Routing\\Pipeline->Illuminate\\Routing\\{closure}(Object(Illuminate\\Http\\Request))
#46 /home/adminlsp/appdir/vendor/laravel/framework/src/Illuminate/Pipeline/Pipeline.php(163): Illuminate\\Cookie\\Middleware\\EncryptCookies->handle(Object(Illuminate\\Http\\Request), Object(Closure))
#47 /home/adminlsp/appdir/vendor/laravel/framework/src/Illuminate/Routing/Pipeline.php(53): Illuminate\\Pipeline\\Pipeline->Illuminate\\Pipeline\\{closure}(Object(Illuminate\\Http\\Request))
#48 /home/adminlsp/appdir/vendor/laravel/framework/src/Illuminate/Pipeline/Pipeline.php(104): Illuminate\\Routing\\Pipeline->Illuminate\\Routing\\{closure}(Object(Illuminate\\Http\\Request))
#49 /home/adminlsp/appdir/vendor/laravel/framework/src/Illuminate/Routing/Router.php(682): Illuminate\\Pipeline\\Pipeline->then(Object(Closure))
#50 /home/adminlsp/appdir/vendor/laravel/framework/src/Illuminate/Routing/Router.php(657): Illuminate\\Routing\\Router->runRouteWithinStack(Object(Illuminate\\Routing\\Route), Object(Illuminate\\Http\\Request))
#51 /home/adminlsp/appdir/vendor/laravel/framework/src/Illuminate/Routing/Router.php(623): Illuminate\\Routing\\Router->runRoute(Object(Illuminate\\Http\\Request), Object(Illuminate\\Routing\\Route))
#52 /home/adminlsp/appdir/vendor/laravel/framework/src/Illuminate/Routing/Router.php(612): Illuminate\\Routing\\Router->dispatchToRoute(Object(Illuminate\\Http\\Request))
#53 /home/adminlsp/appdir/vendor/laravel/framework/src/Illuminate/Foundation/Http/Kernel.php(176): Illuminate\\Routing\\Router->dispatch(Object(Illuminate\\Http\\Request))
#54 /home/adminlsp/appdir/vendor/laravel/framework/src/Illuminate/Routing/Pipeline.php(30): Illuminate\\Foundation\\Http\\Kernel->Illuminate\\Foundation\\Http\\{closure}(Object(Illuminate\\Http\\Request))
#55 /home/adminlsp/appdir/vendor/fideloper/proxy/src/TrustProxies.php(57): Illuminate\\Routing\\Pipeline->Illuminate\\Routing\\{closure}(Object(Illuminate\\Http\\Request))
#56 /home/adminlsp/appdir/vendor/laravel/framework/src/Illuminate/Pipeline/Pipeline.php(163): Fideloper\\Proxy\\TrustProxies->handle(Object(Illuminate\\Http\\Request), Object(Closure))
#57 /home/adminlsp/appdir/vendor/laravel/framework/src/Illuminate/Routing/Pipeline.php(53): Illuminate\\Pipeline\\Pipeline->Illuminate\\Pipeline\\{closure}(Object(Illuminate\\Http\\Request))
#58 /home/adminlsp/appdir/vendor/laravel/framework/src/Illuminate/Foundation/Http/Middleware/TransformsRequest.php(21): Illuminate\\Routing\\Pipeline->Illuminate\\Routing\\{closure}(Object(Illuminate\\Http\\Request))
#59 /home/adminlsp/appdir/vendor/laravel/framework/src/Illuminate/Pipeline/Pipeline.php(163): Illuminate\\Foundation\\Http\\Middleware\\TransformsRequest->handle(Object(Illuminate\\Http\\Request), Object(Closure))
#60 /home/adminlsp/appdir/vendor/laravel/framework/src/Illuminate/Routing/Pipeline.php(53): Illuminate\\Pipeline\\Pipeline->Illuminate\\Pipeline\\{closure}(Object(Illuminate\\Http\\Request))
#61 /home/adminlsp/appdir/vendor/laravel/framework/src/Illuminate/Foundation/Http/Middleware/TransformsRequest.php(21): Illuminate\\Routing\\Pipeline->Illuminate\\Routing\\{closure}(Object(Illuminate\\Http\\Request))
#62 /home/adminlsp/appdir/vendor/laravel/framework/src/Illuminate/Pipeline/Pipeline.php(163): Illuminate\\Foundation\\Http\\Middleware\\TransformsRequest->handle(Object(Illuminate\\Http\\Request), Object(Closure))
#63 /home/adminlsp/appdir/vendor/laravel/framework/src/Illuminate/Routing/Pipeline.php(53): Illuminate\\Pipeline\\Pipeline->Illuminate\\Pipeline\\{closure}(Object(Illuminate\\Http\\Request))
#64 /home/adminlsp/appdir/vendor/laravel/framework/src/Illuminate/Foundation/Http/Middleware/ValidatePostSize.php(27): Illuminate\\Routing\\Pipeline->Illuminate\\Routing\\{closure}(Object(Illuminate\\Http\\Request))
#65 /home/adminlsp/appdir/vendor/laravel/framework/src/Illuminate/Pipeline/Pipeline.php(163): Illuminate\\Foundation\\Http\\Middleware\\ValidatePostSize->handle(Object(Illuminate\\Http\\Request), Object(Closure))
#66 /home/adminlsp/appdir/vendor/laravel/framework/src/Illuminate/Routing/Pipeline.php(53): Illuminate\\Pipeline\\Pipeline->Illuminate\\Pipeline\\{closure}(Object(Illuminate\\Http\\Request))
#67 /home/adminlsp/appdir/vendor/laravel/framework/src/Illuminate/Foundation/Http/Middleware/CheckForMaintenanceMode.php(62): Illuminate\\Routing\\Pipeline->Illuminate\\Routing\\{closure}(Object(Illuminate\\Http\\Request))
#68 /home/adminlsp/appdir/vendor/laravel/framework/src/Illuminate/Pipeline/Pipeline.php(163): Illuminate\\Foundation\\Http\\Middleware\\CheckForMaintenanceMode->handle(Object(Illuminate\\Http\\Request), Object(Closure))
#69 /home/adminlsp/appdir/vendor/laravel/framework/src/Illuminate/Routing/Pipeline.php(53): Illuminate\\Pipeline\\Pipeline->Illuminate\\Pipeline\\{closure}(Object(Illuminate\\Http\\Request))
#70 /home/adminlsp/appdir/vendor/laravel/framework/src/Illuminate/Pipeline/Pipeline.php(104): Illuminate\\Routing\\Pipeline->Illuminate\\Routing\\{closure}(Object(Illuminate\\Http\\Request))
#71 /home/adminlsp/appdir/vendor/laravel/framework/src/Illuminate/Foundation/Http/Kernel.php(151): Illuminate\\Pipeline\\Pipeline->then(Object(Closure))
#72 /home/adminlsp/appdir/vendor/laravel/framework/src/Illuminate/Foundation/Http/Kernel.php(116): Illuminate\\Foundation\\Http\\Kernel->sendRequestThroughRouter(Object(Illuminate\\Http\\Request))
#73 /home/adminlsp/appdir/public/index.php(55): Illuminate\\Foundation\\Http\\Kernel->handle(Object(Illuminate\\Http\\Request))
#74 /home/adminlsp/appdir/server.php(21): require_once('/home/adminlsp/...')
#75 {main}
"} 
[2021-06-17 03:09:43] local.ERROR: Failed to authenticate on SMTP server with username "lsp@polije.ac.id" using 3 possible authenticators. Authenticator LOGIN returned Expected response code 235 but got code "535", with message "535-5.7.8 Username and Password not accepted. Learn more at
535 5.7.8  https://support.google.com/mail/?p=BadCredentials a25sm3331519pff.54 - gsmtp
". Authenticator PLAIN returned Expected response code 235 but got code "535", with message "535-5.7.8 Username and Password not accepted. Learn more at
535 5.7.8  https://support.google.com/mail/?p=BadCredentials a25sm3331519pff.54 - gsmtp
". Authenticator XOAUTH2 returned Expected response code 250 but got code "535", with message "535-5.7.8 Username and Password not accepted. Learn more at
535 5.7.8  https://support.google.com/mail/?p=BadCredentials a25sm3331519pff.54 - gsmtp
". {"exception":"[object] (Swift_TransportException(code: 0): Failed to authenticate on SMTP server with username \"lsp@polije.ac.id\" using 3 possible authenticators. Authenticator LOGIN returned Expected response code 235 but got code \"535\", with message \"535-5.7.8 Username and Password not accepted. Learn more at
535 5.7.8  https://support.google.com/mail/?p=BadCredentials a25sm3331519pff.54 - gsmtp
\". Authenticator PLAIN returned Expected response code 235 but got code \"535\", with message \"535-5.7.8 Username and Password not accepted. Learn more at
535 5.7.8  https://support.google.com/mail/?p=BadCredentials a25sm3331519pff.54 - gsmtp
\". Authenticator XOAUTH2 returned Expected response code 250 but got code \"535\", with message \"535-5.7.8 Username and Password not accepted. Learn more at
535 5.7.8  https://support.google.com/mail/?p=BadCredentials a25sm3331519pff.54 - gsmtp
\". at /home/adminlsp/appdir/vendor/swiftmailer/swiftmailer/lib/classes/Swift/Transport/Esmtp/AuthHandler.php:191)
[stacktrace]
#0 /home/adminlsp/appdir/vendor/swiftmailer/swiftmailer/lib/classes/Swift/Transport/EsmtpTransport.php(371): Swift_Transport_Esmtp_AuthHandler->afterEhlo(Object(Swift_SmtpTransport))
#1 /home/adminlsp/appdir/vendor/swiftmailer/swiftmailer/lib/classes/Swift/Transport/AbstractSmtpTransport.php(148): Swift_Transport_EsmtpTransport->doHeloCommand()
#2 /home/adminlsp/appdir/vendor/swiftmailer/swiftmailer/lib/classes/Swift/Mailer.php(65): Swift_Transport_AbstractSmtpTransport->start()
#3 /home/adminlsp/appdir/vendor/laravel/framework/src/Illuminate/Mail/Mailer.php(484): Swift_Mailer->send(Object(Swift_Message), Array)
#4 /home/adminlsp/appdir/vendor/laravel/framework/src/Illuminate/Mail/Mailer.php(259): Illuminate\\Mail\\Mailer->sendSwiftMessage(Object(Swift_Message))
#5 /home/adminlsp/appdir/vendor/laravel/framework/src/Illuminate/Mail/Mailable.php(159): Illuminate\\Mail\\Mailer->send('auth.mail', Array, Object(Closure))
#6 /home/adminlsp/appdir/vendor/laravel/framework/src/Illuminate/Support/Traits/Localizable.php(19): Illuminate\\Mail\\Mailable->Illuminate\\Mail\\{closure}()
#7 /home/adminlsp/appdir/vendor/laravel/framework/src/Illuminate/Mail/Mailable.php(160): Illuminate\\Mail\\Mailable->withLocale(NULL, Object(Closure))
#8 /home/adminlsp/appdir/vendor/laravel/framework/src/Illuminate/Mail/Mailer.php(275): Illuminate\\Mail\\Mailable->send(Object(Illuminate\\Mail\\Mailer))
#9 /home/adminlsp/appdir/vendor/laravel/framework/src/Illuminate/Mail/Mailer.php(229): Illuminate\\Mail\\Mailer->sendMailable(Object(App\\Mail\\RegisterMail))
#10 /home/adminlsp/appdir/vendor/laravel/framework/src/Illuminate/Mail/PendingMail.php(127): Illuminate\\Mail\\Mailer->send(Object(App\\Mail\\RegisterMail))
#11 /home/adminlsp/appdir/app/Listeners/RegisteredListener.php(30): Illuminate\\Mail\\PendingMail->send(Object(App\\Mail\\RegisterMail))
#12 [internal function]: App\\Listeners\\RegisteredListener->handle(Object(Illuminate\\Auth\\Events\\Registered))
#13 /home/adminlsp/appdir/vendor/laravel/framework/src/Illuminate/Events/Dispatcher.php(366): call_user_func_array(Array, Array)
#14 /home/adminlsp/appdir/vendor/laravel/framework/src/Illuminate/Events/Dispatcher.php(196): Illuminate\\Events\\Dispatcher->Illuminate\\Events\\{closure}('Illuminate\\\\Auth...', Array)
#15 /home/adminlsp/appdir/vendor/laravel/framework/src/Illuminate/Foundation/helpers.php(482): Illuminate\\Events\\Dispatcher->dispatch('Illuminate\\\\Auth...')
#16 /home/adminlsp/appdir/vendor/laravel/framework/src/Illuminate/Foundation/Auth/RegistersUsers.php(34): event(Object(Illuminate\\Auth\\Events\\Registered))
#17 [internal function]: App\\Http\\Controllers\\Auth\\RegisterController->register(Object(Illuminate\\Http\\Request))
#18 /home/adminlsp/appdir/vendor/laravel/framework/src/Illuminate/Routing/Controller.php(54): call_user_func_array(Array, Array)
#19 /home/adminlsp/appdir/vendor/laravel/framework/src/Illuminate/Routing/ControllerDispatcher.php(45): Illuminate\\Routing\\Controller->callAction('register', Array)
#20 /home/adminlsp/appdir/vendor/laravel/framework/src/Illuminate/Routing/Route.php(219): Illuminate\\Routing\\ControllerDispatcher->dispatch(Object(Illuminate\\Routing\\Route), Object(App\\Http\\Controllers\\Auth\\RegisterController), 'register')
#21 /home/adminlsp/appdir/vendor/laravel/framework/src/Illuminate/Routing/Route.php(176): Illuminate\\Routing\\Route->runController()
#22 /home/adminlsp/appdir/vendor/laravel/framework/src/Illuminate/Routing/Router.php(680): Illuminate\\Routing\\Route->run()
#23 /home/adminlsp/appdir/vendor/laravel/framework/src/Illuminate/Routing/Pipeline.php(30): Illuminate\\Routing\\Router->Illuminate\\Routing\\{closure}(Object(Illuminate\\Http\\Request))
#24 /home/adminlsp/appdir/app/Http/Middleware/RedirectIfAuthenticated.php(24): Illuminate\\Routing\\Pipeline->Illuminate\\Routing\\{closure}(Object(Illuminate\\Http\\Request))
#25 /home/adminlsp/appdir/vendor/laravel/framework/src/Illuminate/Pipeline/Pipeline.php(163): App\\Http\\Middleware\\RedirectIfAuthenticated->handle(Object(Illuminate\\Http\\Request), Object(Closure))
#26 /home/adminlsp/appdir/vendor/laravel/framework/src/Illuminate/Routing/Pipeline.php(53): Illuminate\\Pipeline\\Pipeline->Illuminate\\Pipeline\\{closure}(Object(Illuminate\\Http\\Request))
#27 /home/adminlsp/appdir/vendor/laravel/framework/src/Illuminate/Routing/Middleware/SubstituteBindings.php(41): Illuminate\\Routing\\Pipeline->Illuminate\\Routing\\{closure}(Object(Illuminate\\Http\\Request))
#28 /home/adminlsp/appdir/vendor/laravel/framework/src/Illuminate/Pipeline/Pipeline.php(163): Illuminate\\Routing\\Middleware\\SubstituteBindings->handle(Object(Illuminate\\Http\\Request), Object(Closure))
#29 /home/adminlsp/appdir/vendor/laravel/framework/src/Illuminate/Routing/Pipeline.php(53): Illuminate\\Pipeline\\Pipeline->Illuminate\\Pipeline\\{closure}(Object(Illuminate\\Http\\Request))
#30 /home/adminlsp/appdir/vendor/laravel/framework/src/Illuminate/Foundation/Http/Middleware/VerifyCsrfToken.php(75): Illuminate\\Routing\\Pipeline->Illuminate\\Routing\\{closure}(Object(Illuminate\\Http\\Request))
#31 /home/adminlsp/appdir/vendor/laravel/framework/src/Illuminate/Pipeline/Pipeline.php(163): Illuminate\\Foundation\\Http\\Middleware\\VerifyCsrfToken->handle(Object(Illuminate\\Http\\Request), Object(Closure))
#32 /home/adminlsp/appdir/vendor/laravel/framework/src/Illuminate/Routing/Pipeline.php(53): Illuminate\\Pipeline\\Pipeline->Illuminate\\Pipeline\\{closure}(Object(Illuminate\\Http\\Request))
#33 /home/adminlsp/appdir/vendor/laravel/framework/src/Illuminate/Session/Middleware/AuthenticateSession.php(39): Illuminate\\Routing\\Pipeline->Illuminate\\Routing\\{closure}(Object(Illuminate\\Http\\Request))
#34 /home/adminlsp/appdir/vendor/laravel/framework/src/Illuminate/Pipeline/Pipeline.php(163): Illuminate\\Session\\Middleware\\AuthenticateSession->handle(Object(Illuminate\\Http\\Request), Object(Closure))
#35 /home/adminlsp/appdir/vendor/laravel/framework/src/Illuminate/Routing/Pipeline.php(53): Illuminate\\Pipeline\\Pipeline->Illuminate\\Pipeline\\{closure}(Object(Illuminate\\Http\\Request))
#36 /home/adminlsp/appdir/vendor/laravel/framework/src/Illuminate/View/Middleware/ShareErrorsFromSession.php(49): Illuminate\\Routing\\Pipeline->Illuminate\\Routing\\{closure}(Object(Illuminate\\Http\\Request))
#37 /home/adminlsp/appdir/vendor/laravel/framework/src/Illuminate/Pipeline/Pipeline.php(163): Illuminate\\View\\Middleware\\ShareErrorsFromSession->handle(Object(Illuminate\\Http\\Request), Object(Closure))
#38 /home/adminlsp/appdir/vendor/laravel/framework/src/Illuminate/Routing/Pipeline.php(53): Illuminate\\Pipeline\\Pipeline->Illuminate\\Pipeline\\{closure}(Object(Illuminate\\Http\\Request))
#39 /home/adminlsp/appdir/vendor/laravel/framework/src/Illuminate/Session/Middleware/StartSession.php(56): Illuminate\\Routing\\Pipeline->Illuminate\\Routing\\{closure}(Object(Illuminate\\Http\\Request))
#40 /home/adminlsp/appdir/vendor/laravel/framework/src/Illuminate/Pipeline/Pipeline.php(163): Illuminate\\Session\\Middleware\\StartSession->handle(Object(Illuminate\\Http\\Request), Object(Closure))
#41 /home/adminlsp/appdir/vendor/laravel/framework/src/Illuminate/Routing/Pipeline.php(53): Illuminate\\Pipeline\\Pipeline->Illuminate\\Pipeline\\{closure}(Object(Illuminate\\Http\\Request))
#42 /home/adminlsp/appdir/vendor/laravel/framework/src/Illuminate/Cookie/Middleware/AddQueuedCookiesToResponse.php(37): Illuminate\\Routing\\Pipeline->Illuminate\\Routing\\{closure}(Object(Illuminate\\Http\\Request))
#43 /home/adminlsp/appdir/vendor/laravel/framework/src/Illuminate/Pipeline/Pipeline.php(163): Illuminate\\Cookie\\Middleware\\AddQueuedCookiesToResponse->handle(Object(Illuminate\\Http\\Request), Object(Closure))
#44 /home/adminlsp/appdir/vendor/laravel/framework/src/Illuminate/Routing/Pipeline.php(53): Illuminate\\Pipeline\\Pipeline->Illuminate\\Pipeline\\{closure}(Object(Illuminate\\Http\\Request))
#45 /home/adminlsp/appdir/vendor/laravel/framework/src/Illuminate/Cookie/Middleware/EncryptCookies.php(66): Illuminate\\Routing\\Pipeline->Illuminate\\Routing\\{closure}(Object(Illuminate\\Http\\Request))
#46 /home/adminlsp/appdir/vendor/laravel/framework/src/Illuminate/Pipeline/Pipeline.php(163): Illuminate\\Cookie\\Middleware\\EncryptCookies->handle(Object(Illuminate\\Http\\Request), Object(Closure))
#47 /home/adminlsp/appdir/vendor/laravel/framework/src/Illuminate/Routing/Pipeline.php(53): Illuminate\\Pipeline\\Pipeline->Illuminate\\Pipeline\\{closure}(Object(Illuminate\\Http\\Request))
#48 /home/adminlsp/appdir/vendor/laravel/framework/src/Illuminate/Pipeline/Pipeline.php(104): Illuminate\\Routing\\Pipeline->Illuminate\\Routing\\{closure}(Object(Illuminate\\Http\\Request))
#49 /home/adminlsp/appdir/vendor/laravel/framework/src/Illuminate/Routing/Router.php(682): Illuminate\\Pipeline\\Pipeline->then(Object(Closure))
#50 /home/adminlsp/appdir/vendor/laravel/framework/src/Illuminate/Routing/Router.php(657): Illuminate\\Routing\\Router->runRouteWithinStack(Object(Illuminate\\Routing\\Route), Object(Illuminate\\Http\\Request))
#51 /home/adminlsp/appdir/vendor/laravel/framework/src/Illuminate/Routing/Router.php(623): Illuminate\\Routing\\Router->runRoute(Object(Illuminate\\Http\\Request), Object(Illuminate\\Routing\\Route))
#52 /home/adminlsp/appdir/vendor/laravel/framework/src/Illuminate/Routing/Router.php(612): Illuminate\\Routing\\Router->dispatchToRoute(Object(Illuminate\\Http\\Request))
#53 /home/adminlsp/appdir/vendor/laravel/framework/src/Illuminate/Foundation/Http/Kernel.php(176): Illuminate\\Routing\\Router->dispatch(Object(Illuminate\\Http\\Request))
#54 /home/adminlsp/appdir/vendor/laravel/framework/src/Illuminate/Routing/Pipeline.php(30): Illuminate\\Foundation\\Http\\Kernel->Illuminate\\Foundation\\Http\\{closure}(Object(Illuminate\\Http\\Request))
#55 /home/adminlsp/appdir/vendor/fideloper/proxy/src/TrustProxies.php(57): Illuminate\\Routing\\Pipeline->Illuminate\\Routing\\{closure}(Object(Illuminate\\Http\\Request))
#56 /home/adminlsp/appdir/vendor/laravel/framework/src/Illuminate/Pipeline/Pipeline.php(163): Fideloper\\Proxy\\TrustProxies->handle(Object(Illuminate\\Http\\Request), Object(Closure))
#57 /home/adminlsp/appdir/vendor/laravel/framework/src/Illuminate/Routing/Pipeline.php(53): Illuminate\\Pipeline\\Pipeline->Illuminate\\Pipeline\\{closure}(Object(Illuminate\\Http\\Request))
#58 /home/adminlsp/appdir/vendor/laravel/framework/src/Illuminate/Foundation/Http/Middleware/TransformsRequest.php(21): Illuminate\\Routing\\Pipeline->Illuminate\\Routing\\{closure}(Object(Illuminate\\Http\\Request))
#59 /home/adminlsp/appdir/vendor/laravel/framework/src/Illuminate/Pipeline/Pipeline.php(163): Illuminate\\Foundation\\Http\\Middleware\\TransformsRequest->handle(Object(Illuminate\\Http\\Request), Object(Closure))
#60 /home/adminlsp/appdir/vendor/laravel/framework/src/Illuminate/Routing/Pipeline.php(53): Illuminate\\Pipeline\\Pipeline->Illuminate\\Pipeline\\{closure}(Object(Illuminate\\Http\\Request))
#61 /home/adminlsp/appdir/vendor/laravel/framework/src/Illuminate/Foundation/Http/Middleware/TransformsRequest.php(21): Illuminate\\Routing\\Pipeline->Illuminate\\Routing\\{closure}(Object(Illuminate\\Http\\Request))
#62 /home/adminlsp/appdir/vendor/laravel/framework/src/Illuminate/Pipeline/Pipeline.php(163): Illuminate\\Foundation\\Http\\Middleware\\TransformsRequest->handle(Object(Illuminate\\Http\\Request), Object(Closure))
#63 /home/adminlsp/appdir/vendor/laravel/framework/src/Illuminate/Routing/Pipeline.php(53): Illuminate\\Pipeline\\Pipeline->Illuminate\\Pipeline\\{closure}(Object(Illuminate\\Http\\Request))
#64 /home/adminlsp/appdir/vendor/laravel/framework/src/Illuminate/Foundation/Http/Middleware/ValidatePostSize.php(27): Illuminate\\Routing\\Pipeline->Illuminate\\Routing\\{closure}(Object(Illuminate\\Http\\Request))
#65 /home/adminlsp/appdir/vendor/laravel/framework/src/Illuminate/Pipeline/Pipeline.php(163): Illuminate\\Foundation\\Http\\Middleware\\ValidatePostSize->handle(Object(Illuminate\\Http\\Request), Object(Closure))
#66 /home/adminlsp/appdir/vendor/laravel/framework/src/Illuminate/Routing/Pipeline.php(53): Illuminate\\Pipeline\\Pipeline->Illuminate\\Pipeline\\{closure}(Object(Illuminate\\Http\\Request))
#67 /home/adminlsp/appdir/vendor/laravel/framework/src/Illuminate/Foundation/Http/Middleware/CheckForMaintenanceMode.php(62): Illuminate\\Routing\\Pipeline->Illuminate\\Routing\\{closure}(Object(Illuminate\\Http\\Request))
#68 /home/adminlsp/appdir/vendor/laravel/framework/src/Illuminate/Pipeline/Pipeline.php(163): Illuminate\\Foundation\\Http\\Middleware\\CheckForMaintenanceMode->handle(Object(Illuminate\\Http\\Request), Object(Closure))
#69 /home/adminlsp/appdir/vendor/laravel/framework/src/Illuminate/Routing/Pipeline.php(53): Illuminate\\Pipeline\\Pipeline->Illuminate\\Pipeline\\{closure}(Object(Illuminate\\Http\\Request))
#70 /home/adminlsp/appdir/vendor/laravel/framework/src/Illuminate/Pipeline/Pipeline.php(104): Illuminate\\Routing\\Pipeline->Illuminate\\Routing\\{closure}(Object(Illuminate\\Http\\Request))
#71 /home/adminlsp/appdir/vendor/laravel/framework/src/Illuminate/Foundation/Http/Kernel.php(151): Illuminate\\Pipeline\\Pipeline->then(Object(Closure))
#72 /home/adminlsp/appdir/vendor/laravel/framework/src/Illuminate/Foundation/Http/Kernel.php(116): Illuminate\\Foundation\\Http\\Kernel->sendRequestThroughRouter(Object(Illuminate\\Http\\Request))
#73 /home/adminlsp/appdir/public/index.php(55): Illuminate\\Foundation\\Http\\Kernel->handle(Object(Illuminate\\Http\\Request))
#74 /home/adminlsp/appdir/server.php(21): require_once('/home/adminlsp/...')
#75 {main}
"} 
[2021-06-17 03:38:00] local.ERROR: Failed to authenticate on SMTP server with username "lsp@polije.ac.id" using 3 possible authenticators. Authenticator LOGIN returned Expected response code 235 but got code "535", with message "535-5.7.8 Username and Password not accepted. Learn more at
535 5.7.8  https://support.google.com/mail/?p=BadCredentials u13sm3635948pga.64 - gsmtp
". Authenticator PLAIN returned Expected response code 235 but got code "535", with message "535-5.7.8 Username and Password not accepted. Learn more at
535 5.7.8  https://support.google.com/mail/?p=BadCredentials u13sm3635948pga.64 - gsmtp
". Authenticator XOAUTH2 returned Expected response code 250 but got code "535", with message "535-5.7.8 Username and Password not accepted. Learn more at
535 5.7.8  https://support.google.com/mail/?p=BadCredentials u13sm3635948pga.64 - gsmtp
". {"exception":"[object] (Swift_TransportException(code: 0): Failed to authenticate on SMTP server with username \"lsp@polije.ac.id\" using 3 possible authenticators. Authenticator LOGIN returned Expected response code 235 but got code \"535\", with message \"535-5.7.8 Username and Password not accepted. Learn more at
535 5.7.8  https://support.google.com/mail/?p=BadCredentials u13sm3635948pga.64 - gsmtp
\". Authenticator PLAIN returned Expected response code 235 but got code \"535\", with message \"535-5.7.8 Username and Password not accepted. Learn more at
535 5.7.8  https://support.google.com/mail/?p=BadCredentials u13sm3635948pga.64 - gsmtp
\". Authenticator XOAUTH2 returned Expected response code 250 but got code \"535\", with message \"535-5.7.8 Username and Password not accepted. Learn more at
535 5.7.8  https://support.google.com/mail/?p=BadCredentials u13sm3635948pga.64 - gsmtp
\". at /home/adminlsp/appdir/vendor/swiftmailer/swiftmailer/lib/classes/Swift/Transport/Esmtp/AuthHandler.php:191)
[stacktrace]
#0 /home/adminlsp/appdir/vendor/swiftmailer/swiftmailer/lib/classes/Swift/Transport/EsmtpTransport.php(371): Swift_Transport_Esmtp_AuthHandler->afterEhlo(Object(Swift_SmtpTransport))
#1 /home/adminlsp/appdir/vendor/swiftmailer/swiftmailer/lib/classes/Swift/Transport/AbstractSmtpTransport.php(148): Swift_Transport_EsmtpTransport->doHeloCommand()
#2 /home/adminlsp/appdir/vendor/swiftmailer/swiftmailer/lib/classes/Swift/Mailer.php(65): Swift_Transport_AbstractSmtpTransport->start()
#3 /home/adminlsp/appdir/vendor/laravel/framework/src/Illuminate/Mail/Mailer.php(484): Swift_Mailer->send(Object(Swift_Message), Array)
#4 /home/adminlsp/appdir/vendor/laravel/framework/src/Illuminate/Mail/Mailer.php(259): Illuminate\\Mail\\Mailer->sendSwiftMessage(Object(Swift_Message))
#5 /home/adminlsp/appdir/vendor/laravel/framework/src/Illuminate/Mail/Mailable.php(159): Illuminate\\Mail\\Mailer->send('auth.mail', Array, Object(Closure))
#6 /home/adminlsp/appdir/vendor/laravel/framework/src/Illuminate/Support/Traits/Localizable.php(19): Illuminate\\Mail\\Mailable->Illuminate\\Mail\\{closure}()
#7 /home/adminlsp/appdir/vendor/laravel/framework/src/Illuminate/Mail/Mailable.php(160): Illuminate\\Mail\\Mailable->withLocale(NULL, Object(Closure))
#8 /home/adminlsp/appdir/vendor/laravel/framework/src/Illuminate/Mail/Mailer.php(275): Illuminate\\Mail\\Mailable->send(Object(Illuminate\\Mail\\Mailer))
#9 /home/adminlsp/appdir/vendor/laravel/framework/src/Illuminate/Mail/Mailer.php(229): Illuminate\\Mail\\Mailer->sendMailable(Object(App\\Mail\\RegisterMail))
#10 /home/adminlsp/appdir/vendor/laravel/framework/src/Illuminate/Mail/PendingMail.php(127): Illuminate\\Mail\\Mailer->send(Object(App\\Mail\\RegisterMail))
#11 /home/adminlsp/appdir/app/Listeners/RegisteredListener.php(30): Illuminate\\Mail\\PendingMail->send(Object(App\\Mail\\RegisterMail))
#12 [internal function]: App\\Listeners\\RegisteredListener->handle(Object(Illuminate\\Auth\\Events\\Registered))
#13 /home/adminlsp/appdir/vendor/laravel/framework/src/Illuminate/Events/Dispatcher.php(366): call_user_func_array(Array, Array)
#14 /home/adminlsp/appdir/vendor/laravel/framework/src/Illuminate/Events/Dispatcher.php(196): Illuminate\\Events\\Dispatcher->Illuminate\\Events\\{closure}('Illuminate\\\\Auth...', Array)
#15 /home/adminlsp/appdir/vendor/laravel/framework/src/Illuminate/Foundation/helpers.php(482): Illuminate\\Events\\Dispatcher->dispatch('Illuminate\\\\Auth...')
#16 /home/adminlsp/appdir/vendor/laravel/framework/src/Illuminate/Foundation/Auth/RegistersUsers.php(34): event(Object(Illuminate\\Auth\\Events\\Registered))
#17 [internal function]: App\\Http\\Controllers\\Auth\\RegisterController->register(Object(Illuminate\\Http\\Request))
#18 /home/adminlsp/appdir/vendor/laravel/framework/src/Illuminate/Routing/Controller.php(54): call_user_func_array(Array, Array)
#19 /home/adminlsp/appdir/vendor/laravel/framework/src/Illuminate/Routing/ControllerDispatcher.php(45): Illuminate\\Routing\\Controller->callAction('register', Array)
#20 /home/adminlsp/appdir/vendor/laravel/framework/src/Illuminate/Routing/Route.php(219): Illuminate\\Routing\\ControllerDispatcher->dispatch(Object(Illuminate\\Routing\\Route), Object(App\\Http\\Controllers\\Auth\\RegisterController), 'register')
#21 /home/adminlsp/appdir/vendor/laravel/framework/src/Illuminate/Routing/Route.php(176): Illuminate\\Routing\\Route->runController()
#22 /home/adminlsp/appdir/vendor/laravel/framework/src/Illuminate/Routing/Router.php(680): Illuminate\\Routing\\Route->run()
#23 /home/adminlsp/appdir/vendor/laravel/framework/src/Illuminate/Routing/Pipeline.php(30): Illuminate\\Routing\\Router->Illuminate\\Routing\\{closure}(Object(Illuminate\\Http\\Request))
#24 /home/adminlsp/appdir/app/Http/Middleware/RedirectIfAuthenticated.php(24): Illuminate\\Routing\\Pipeline->Illuminate\\Routing\\{closure}(Object(Illuminate\\Http\\Request))
#25 /home/adminlsp/appdir/vendor/laravel/framework/src/Illuminate/Pipeline/Pipeline.php(163): App\\Http\\Middleware\\RedirectIfAuthenticated->handle(Object(Illuminate\\Http\\Request), Object(Closure))
#26 /home/adminlsp/appdir/vendor/laravel/framework/src/Illuminate/Routing/Pipeline.php(53): Illuminate\\Pipeline\\Pipeline->Illuminate\\Pipeline\\{closure}(Object(Illuminate\\Http\\Request))
#27 /home/adminlsp/appdir/vendor/laravel/framework/src/Illuminate/Routing/Middleware/SubstituteBindings.php(41): Illuminate\\Routing\\Pipeline->Illuminate\\Routing\\{closure}(Object(Illuminate\\Http\\Request))
#28 /home/adminlsp/appdir/vendor/laravel/framework/src/Illuminate/Pipeline/Pipeline.php(163): Illuminate\\Routing\\Middleware\\SubstituteBindings->handle(Object(Illuminate\\Http\\Request), Object(Closure))
#29 /home/adminlsp/appdir/vendor/laravel/framework/src/Illuminate/Routing/Pipeline.php(53): Illuminate\\Pipeline\\Pipeline->Illuminate\\Pipeline\\{closure}(Object(Illuminate\\Http\\Request))
#30 /home/adminlsp/appdir/vendor/laravel/framework/src/Illuminate/Foundation/Http/Middleware/VerifyCsrfToken.php(75): Illuminate\\Routing\\Pipeline->Illuminate\\Routing\\{closure}(Object(Illuminate\\Http\\Request))
#31 /home/adminlsp/appdir/vendor/laravel/framework/src/Illuminate/Pipeline/Pipeline.php(163): Illuminate\\Foundation\\Http\\Middleware\\VerifyCsrfToken->handle(Object(Illuminate\\Http\\Request), Object(Closure))
#32 /home/adminlsp/appdir/vendor/laravel/framework/src/Illuminate/Routing/Pipeline.php(53): Illuminate\\Pipeline\\Pipeline->Illuminate\\Pipeline\\{closure}(Object(Illuminate\\Http\\Request))
#33 /home/adminlsp/appdir/vendor/laravel/framework/src/Illuminate/Session/Middleware/AuthenticateSession.php(39): Illuminate\\Routing\\Pipeline->Illuminate\\Routing\\{closure}(Object(Illuminate\\Http\\Request))
#34 /home/adminlsp/appdir/vendor/laravel/framework/src/Illuminate/Pipeline/Pipeline.php(163): Illuminate\\Session\\Middleware\\AuthenticateSession->handle(Object(Illuminate\\Http\\Request), Object(Closure))
#35 /home/adminlsp/appdir/vendor/laravel/framework/src/Illuminate/Routing/Pipeline.php(53): Illuminate\\Pipeline\\Pipeline->Illuminate\\Pipeline\\{closure}(Object(Illuminate\\Http\\Request))
#36 /home/adminlsp/appdir/vendor/laravel/framework/src/Illuminate/View/Middleware/ShareErrorsFromSession.php(49): Illuminate\\Routing\\Pipeline->Illuminate\\Routing\\{closure}(Object(Illuminate\\Http\\Request))
#37 /home/adminlsp/appdir/vendor/laravel/framework/src/Illuminate/Pipeline/Pipeline.php(163): Illuminate\\View\\Middleware\\ShareErrorsFromSession->handle(Object(Illuminate\\Http\\Request), Object(Closure))
#38 /home/adminlsp/appdir/vendor/laravel/framework/src/Illuminate/Routing/Pipeline.php(53): Illuminate\\Pipeline\\Pipeline->Illuminate\\Pipeline\\{closure}(Object(Illuminate\\Http\\Request))
#39 /home/adminlsp/appdir/vendor/laravel/framework/src/Illuminate/Session/Middleware/StartSession.php(56): Illuminate\\Routing\\Pipeline->Illuminate\\Routing\\{closure}(Object(Illuminate\\Http\\Request))
#40 /home/adminlsp/appdir/vendor/laravel/framework/src/Illuminate/Pipeline/Pipeline.php(163): Illuminate\\Session\\Middleware\\StartSession->handle(Object(Illuminate\\Http\\Request), Object(Closure))
#41 /home/adminlsp/appdir/vendor/laravel/framework/src/Illuminate/Routing/Pipeline.php(53): Illuminate\\Pipeline\\Pipeline->Illuminate\\Pipeline\\{closure}(Object(Illuminate\\Http\\Request))
#42 /home/adminlsp/appdir/vendor/laravel/framework/src/Illuminate/Cookie/Middleware/AddQueuedCookiesToResponse.php(37): Illuminate\\Routing\\Pipeline->Illuminate\\Routing\\{closure}(Object(Illuminate\\Http\\Request))
#43 /home/adminlsp/appdir/vendor/laravel/framework/src/Illuminate/Pipeline/Pipeline.php(163): Illuminate\\Cookie\\Middleware\\AddQueuedCookiesToResponse->handle(Object(Illuminate\\Http\\Request), Object(Closure))
#44 /home/adminlsp/appdir/vendor/laravel/framework/src/Illuminate/Routing/Pipeline.php(53): Illuminate\\Pipeline\\Pipeline->Illuminate\\Pipeline\\{closure}(Object(Illuminate\\Http\\Request))
#45 /home/adminlsp/appdir/vendor/laravel/framework/src/Illuminate/Cookie/Middleware/EncryptCookies.php(66): Illuminate\\Routing\\Pipeline->Illuminate\\Routing\\{closure}(Object(Illuminate\\Http\\Request))
#46 /home/adminlsp/appdir/vendor/laravel/framework/src/Illuminate/Pipeline/Pipeline.php(163): Illuminate\\Cookie\\Middleware\\EncryptCookies->handle(Object(Illuminate\\Http\\Request), Object(Closure))
#47 /home/adminlsp/appdir/vendor/laravel/framework/src/Illuminate/Routing/Pipeline.php(53): Illuminate\\Pipeline\\Pipeline->Illuminate\\Pipeline\\{closure}(Object(Illuminate\\Http\\Request))
#48 /home/adminlsp/appdir/vendor/laravel/framework/src/Illuminate/Pipeline/Pipeline.php(104): Illuminate\\Routing\\Pipeline->Illuminate\\Routing\\{closure}(Object(Illuminate\\Http\\Request))
#49 /home/adminlsp/appdir/vendor/laravel/framework/src/Illuminate/Routing/Router.php(682): Illuminate\\Pipeline\\Pipeline->then(Object(Closure))
#50 /home/adminlsp/appdir/vendor/laravel/framework/src/Illuminate/Routing/Router.php(657): Illuminate\\Routing\\Router->runRouteWithinStack(Object(Illuminate\\Routing\\Route), Object(Illuminate\\Http\\Request))
#51 /home/adminlsp/appdir/vendor/laravel/framework/src/Illuminate/Routing/Router.php(623): Illuminate\\Routing\\Router->runRoute(Object(Illuminate\\Http\\Request), Object(Illuminate\\Routing\\Route))
#52 /home/adminlsp/appdir/vendor/laravel/framework/src/Illuminate/Routing/Router.php(612): Illuminate\\Routing\\Router->dispatchToRoute(Object(Illuminate\\Http\\Request))
#53 /home/adminlsp/appdir/vendor/laravel/framework/src/Illuminate/Foundation/Http/Kernel.php(176): Illuminate\\Routing\\Router->dispatch(Object(Illuminate\\Http\\Request))
#54 /home/adminlsp/appdir/vendor/laravel/framework/src/Illuminate/Routing/Pipeline.php(30): Illuminate\\Foundation\\Http\\Kernel->Illuminate\\Foundation\\Http\\{closure}(Object(Illuminate\\Http\\Request))
#55 /home/adminlsp/appdir/vendor/fideloper/proxy/src/TrustProxies.php(57): Illuminate\\Routing\\Pipeline->Illuminate\\Routing\\{closure}(Object(Illuminate\\Http\\Request))
#56 /home/adminlsp/appdir/vendor/laravel/framework/src/Illuminate/Pipeline/Pipeline.php(163): Fideloper\\Proxy\\TrustProxies->handle(Object(Illuminate\\Http\\Request), Object(Closure))
#57 /home/adminlsp/appdir/vendor/laravel/framework/src/Illuminate/Routing/Pipeline.php(53): Illuminate\\Pipeline\\Pipeline->Illuminate\\Pipeline\\{closure}(Object(Illuminate\\Http\\Request))
#58 /home/adminlsp/appdir/vendor/laravel/framework/src/Illuminate/Foundation/Http/Middleware/TransformsRequest.php(21): Illuminate\\Routing\\Pipeline->Illuminate\\Routing\\{closure}(Object(Illuminate\\Http\\Request))
#59 /home/adminlsp/appdir/vendor/laravel/framework/src/Illuminate/Pipeline/Pipeline.php(163): Illuminate\\Foundation\\Http\\Middleware\\TransformsRequest->handle(Object(Illuminate\\Http\\Request), Object(Closure))
#60 /home/adminlsp/appdir/vendor/laravel/framework/src/Illuminate/Routing/Pipeline.php(53): Illuminate\\Pipeline\\Pipeline->Illuminate\\Pipeline\\{closure}(Object(Illuminate\\Http\\Request))
#61 /home/adminlsp/appdir/vendor/laravel/framework/src/Illuminate/Foundation/Http/Middleware/TransformsRequest.php(21): Illuminate\\Routing\\Pipeline->Illuminate\\Routing\\{closure}(Object(Illuminate\\Http\\Request))
#62 /home/adminlsp/appdir/vendor/laravel/framework/src/Illuminate/Pipeline/Pipeline.php(163): Illuminate\\Foundation\\Http\\Middleware\\TransformsRequest->handle(Object(Illuminate\\Http\\Request), Object(Closure))
#63 /home/adminlsp/appdir/vendor/laravel/framework/src/Illuminate/Routing/Pipeline.php(53): Illuminate\\Pipeline\\Pipeline->Illuminate\\Pipeline\\{closure}(Object(Illuminate\\Http\\Request))
#64 /home/adminlsp/appdir/vendor/laravel/framework/src/Illuminate/Foundation/Http/Middleware/ValidatePostSize.php(27): Illuminate\\Routing\\Pipeline->Illuminate\\Routing\\{closure}(Object(Illuminate\\Http\\Request))
#65 /home/adminlsp/appdir/vendor/laravel/framework/src/Illuminate/Pipeline/Pipeline.php(163): Illuminate\\Foundation\\Http\\Middleware\\ValidatePostSize->handle(Object(Illuminate\\Http\\Request), Object(Closure))
#66 /home/adminlsp/appdir/vendor/laravel/framework/src/Illuminate/Routing/Pipeline.php(53): Illuminate\\Pipeline\\Pipeline->Illuminate\\Pipeline\\{closure}(Object(Illuminate\\Http\\Request))
#67 /home/adminlsp/appdir/vendor/laravel/framework/src/Illuminate/Foundation/Http/Middleware/CheckForMaintenanceMode.php(62): Illuminate\\Routing\\Pipeline->Illuminate\\Routing\\{closure}(Object(Illuminate\\Http\\Request))
#68 /home/adminlsp/appdir/vendor/laravel/framework/src/Illuminate/Pipeline/Pipeline.php(163): Illuminate\\Foundation\\Http\\Middleware\\CheckForMaintenanceMode->handle(Object(Illuminate\\Http\\Request), Object(Closure))
#69 /home/adminlsp/appdir/vendor/laravel/framework/src/Illuminate/Routing/Pipeline.php(53): Illuminate\\Pipeline\\Pipeline->Illuminate\\Pipeline\\{closure}(Object(Illuminate\\Http\\Request))
#70 /home/adminlsp/appdir/vendor/laravel/framework/src/Illuminate/Pipeline/Pipeline.php(104): Illuminate\\Routing\\Pipeline->Illuminate\\Routing\\{closure}(Object(Illuminate\\Http\\Request))
#71 /home/adminlsp/appdir/vendor/laravel/framework/src/Illuminate/Foundation/Http/Kernel.php(151): Illuminate\\Pipeline\\Pipeline->then(Object(Closure))
#72 /home/adminlsp/appdir/vendor/laravel/framework/src/Illuminate/Foundation/Http/Kernel.php(116): Illuminate\\Foundation\\Http\\Kernel->sendRequestThroughRouter(Object(Illuminate\\Http\\Request))
#73 /home/adminlsp/appdir/public/index.php(55): Illuminate\\Foundation\\Http\\Kernel->handle(Object(Illuminate\\Http\\Request))
#74 /home/adminlsp/appdir/server.php(21): require_once('/home/adminlsp/...')
#75 {main}
"} 
[2021-06-17 03:38:44] local.ERROR: Failed to authenticate on SMTP server with username "lsp@polije.ac.id" using 3 possible authenticators. Authenticator LOGIN returned Expected response code 235 but got code "535", with message "535-5.7.8 Username and Password not accepted. Learn more at
535 5.7.8  https://support.google.com/mail/?p=BadCredentials j15sm3428549pjn.28 - gsmtp
". Authenticator PLAIN returned Expected response code 235 but got code "535", with message "535-5.7.8 Username and Password not accepted. Learn more at
535 5.7.8  https://support.google.com/mail/?p=BadCredentials j15sm3428549pjn.28 - gsmtp
". Authenticator XOAUTH2 returned Expected response code 250 but got code "535", with message "535-5.7.8 Username and Password not accepted. Learn more at
535 5.7.8  https://support.google.com/mail/?p=BadCredentials j15sm3428549pjn.28 - gsmtp
". {"exception":"[object] (Swift_TransportException(code: 0): Failed to authenticate on SMTP server with username \"lsp@polije.ac.id\" using 3 possible authenticators. Authenticator LOGIN returned Expected response code 235 but got code \"535\", with message \"535-5.7.8 Username and Password not accepted. Learn more at
535 5.7.8  https://support.google.com/mail/?p=BadCredentials j15sm3428549pjn.28 - gsmtp
\". Authenticator PLAIN returned Expected response code 235 but got code \"535\", with message \"535-5.7.8 Username and Password not accepted. Learn more at
535 5.7.8  https://support.google.com/mail/?p=BadCredentials j15sm3428549pjn.28 - gsmtp
\". Authenticator XOAUTH2 returned Expected response code 250 but got code \"535\", with message \"535-5.7.8 Username and Password not accepted. Learn more at
535 5.7.8  https://support.google.com/mail/?p=BadCredentials j15sm3428549pjn.28 - gsmtp
\". at /home/adminlsp/appdir/vendor/swiftmailer/swiftmailer/lib/classes/Swift/Transport/Esmtp/AuthHandler.php:191)
[stacktrace]
#0 /home/adminlsp/appdir/vendor/swiftmailer/swiftmailer/lib/classes/Swift/Transport/EsmtpTransport.php(371): Swift_Transport_Esmtp_AuthHandler->afterEhlo(Object(Swift_SmtpTransport))
#1 /home/adminlsp/appdir/vendor/swiftmailer/swiftmailer/lib/classes/Swift/Transport/AbstractSmtpTransport.php(148): Swift_Transport_EsmtpTransport->doHeloCommand()
#2 /home/adminlsp/appdir/vendor/swiftmailer/swiftmailer/lib/classes/Swift/Mailer.php(65): Swift_Transport_AbstractSmtpTransport->start()
#3 /home/adminlsp/appdir/vendor/laravel/framework/src/Illuminate/Mail/Mailer.php(484): Swift_Mailer->send(Object(Swift_Message), Array)
#4 /home/adminlsp/appdir/vendor/laravel/framework/src/Illuminate/Mail/Mailer.php(259): Illuminate\\Mail\\Mailer->sendSwiftMessage(Object(Swift_Message))
#5 /home/adminlsp/appdir/vendor/laravel/framework/src/Illuminate/Mail/Mailable.php(159): Illuminate\\Mail\\Mailer->send('auth.mail', Array, Object(Closure))
#6 /home/adminlsp/appdir/vendor/laravel/framework/src/Illuminate/Support/Traits/Localizable.php(19): Illuminate\\Mail\\Mailable->Illuminate\\Mail\\{closure}()
#7 /home/adminlsp/appdir/vendor/laravel/framework/src/Illuminate/Mail/Mailable.php(160): Illuminate\\Mail\\Mailable->withLocale(NULL, Object(Closure))
#8 /home/adminlsp/appdir/vendor/laravel/framework/src/Illuminate/Mail/Mailer.php(275): Illuminate\\Mail\\Mailable->send(Object(Illuminate\\Mail\\Mailer))
#9 /home/adminlsp/appdir/vendor/laravel/framework/src/Illuminate/Mail/Mailer.php(229): Illuminate\\Mail\\Mailer->sendMailable(Object(App\\Mail\\RegisterMail))
#10 /home/adminlsp/appdir/vendor/laravel/framework/src/Illuminate/Mail/PendingMail.php(127): Illuminate\\Mail\\Mailer->send(Object(App\\Mail\\RegisterMail))
#11 /home/adminlsp/appdir/app/Listeners/RegisteredListener.php(30): Illuminate\\Mail\\PendingMail->send(Object(App\\Mail\\RegisterMail))
#12 [internal function]: App\\Listeners\\RegisteredListener->handle(Object(Illuminate\\Auth\\Events\\Registered))
#13 /home/adminlsp/appdir/vendor/laravel/framework/src/Illuminate/Events/Dispatcher.php(366): call_user_func_array(Array, Array)
#14 /home/adminlsp/appdir/vendor/laravel/framework/src/Illuminate/Events/Dispatcher.php(196): Illuminate\\Events\\Dispatcher->Illuminate\\Events\\{closure}('Illuminate\\\\Auth...', Array)
#15 /home/adminlsp/appdir/vendor/laravel/framework/src/Illuminate/Foundation/helpers.php(482): Illuminate\\Events\\Dispatcher->dispatch('Illuminate\\\\Auth...')
#16 /home/adminlsp/appdir/vendor/laravel/framework/src/Illuminate/Foundation/Auth/RegistersUsers.php(34): event(Object(Illuminate\\Auth\\Events\\Registered))
#17 [internal function]: App\\Http\\Controllers\\Auth\\RegisterController->register(Object(Illuminate\\Http\\Request))
#18 /home/adminlsp/appdir/vendor/laravel/framework/src/Illuminate/Routing/Controller.php(54): call_user_func_array(Array, Array)
#19 /home/adminlsp/appdir/vendor/laravel/framework/src/Illuminate/Routing/ControllerDispatcher.php(45): Illuminate\\Routing\\Controller->callAction('register', Array)
#20 /home/adminlsp/appdir/vendor/laravel/framework/src/Illuminate/Routing/Route.php(219): Illuminate\\Routing\\ControllerDispatcher->dispatch(Object(Illuminate\\Routing\\Route), Object(App\\Http\\Controllers\\Auth\\RegisterController), 'register')
#21 /home/adminlsp/appdir/vendor/laravel/framework/src/Illuminate/Routing/Route.php(176): Illuminate\\Routing\\Route->runController()
#22 /home/adminlsp/appdir/vendor/laravel/framework/src/Illuminate/Routing/Router.php(680): Illuminate\\Routing\\Route->run()
#23 /home/adminlsp/appdir/vendor/laravel/framework/src/Illuminate/Routing/Pipeline.php(30): Illuminate\\Routing\\Router->Illuminate\\Routing\\{closure}(Object(Illuminate\\Http\\Request))
#24 /home/adminlsp/appdir/app/Http/Middleware/RedirectIfAuthenticated.php(24): Illuminate\\Routing\\Pipeline->Illuminate\\Routing\\{closure}(Object(Illuminate\\Http\\Request))
#25 /home/adminlsp/appdir/vendor/laravel/framework/src/Illuminate/Pipeline/Pipeline.php(163): App\\Http\\Middleware\\RedirectIfAuthenticated->handle(Object(Illuminate\\Http\\Request), Object(Closure))
#26 /home/adminlsp/appdir/vendor/laravel/framework/src/Illuminate/Routing/Pipeline.php(53): Illuminate\\Pipeline\\Pipeline->Illuminate\\Pipeline\\{closure}(Object(Illuminate\\Http\\Request))
#27 /home/adminlsp/appdir/vendor/laravel/framework/src/Illuminate/Routing/Middleware/SubstituteBindings.php(41): Illuminate\\Routing\\Pipeline->Illuminate\\Routing\\{closure}(Object(Illuminate\\Http\\Request))
#28 /home/adminlsp/appdir/vendor/laravel/framework/src/Illuminate/Pipeline/Pipeline.php(163): Illuminate\\Routing\\Middleware\\SubstituteBindings->handle(Object(Illuminate\\Http\\Request), Object(Closure))
#29 /home/adminlsp/appdir/vendor/laravel/framework/src/Illuminate/Routing/Pipeline.php(53): Illuminate\\Pipeline\\Pipeline->Illuminate\\Pipeline\\{closure}(Object(Illuminate\\Http\\Request))
#30 /home/adminlsp/appdir/vendor/laravel/framework/src/Illuminate/Foundation/Http/Middleware/VerifyCsrfToken.php(75): Illuminate\\Routing\\Pipeline->Illuminate\\Routing\\{closure}(Object(Illuminate\\Http\\Request))
#31 /home/adminlsp/appdir/vendor/laravel/framework/src/Illuminate/Pipeline/Pipeline.php(163): Illuminate\\Foundation\\Http\\Middleware\\VerifyCsrfToken->handle(Object(Illuminate\\Http\\Request), Object(Closure))
#32 /home/adminlsp/appdir/vendor/laravel/framework/src/Illuminate/Routing/Pipeline.php(53): Illuminate\\Pipeline\\Pipeline->Illuminate\\Pipeline\\{closure}(Object(Illuminate\\Http\\Request))
#33 /home/adminlsp/appdir/vendor/laravel/framework/src/Illuminate/Session/Middleware/AuthenticateSession.php(39): Illuminate\\Routing\\Pipeline->Illuminate\\Routing\\{closure}(Object(Illuminate\\Http\\Request))
#34 /home/adminlsp/appdir/vendor/laravel/framework/src/Illuminate/Pipeline/Pipeline.php(163): Illuminate\\Session\\Middleware\\AuthenticateSession->handle(Object(Illuminate\\Http\\Request), Object(Closure))
#35 /home/adminlsp/appdir/vendor/laravel/framework/src/Illuminate/Routing/Pipeline.php(53): Illuminate\\Pipeline\\Pipeline->Illuminate\\Pipeline\\{closure}(Object(Illuminate\\Http\\Request))
#36 /home/adminlsp/appdir/vendor/laravel/framework/src/Illuminate/View/Middleware/ShareErrorsFromSession.php(49): Illuminate\\Routing\\Pipeline->Illuminate\\Routing\\{closure}(Object(Illuminate\\Http\\Request))
#37 /home/adminlsp/appdir/vendor/laravel/framework/src/Illuminate/Pipeline/Pipeline.php(163): Illuminate\\View\\Middleware\\ShareErrorsFromSession->handle(Object(Illuminate\\Http\\Request), Object(Closure))
#38 /home/adminlsp/appdir/vendor/laravel/framework/src/Illuminate/Routing/Pipeline.php(53): Illuminate\\Pipeline\\Pipeline->Illuminate\\Pipeline\\{closure}(Object(Illuminate\\Http\\Request))
#39 /home/adminlsp/appdir/vendor/laravel/framework/src/Illuminate/Session/Middleware/StartSession.php(56): Illuminate\\Routing\\Pipeline->Illuminate\\Routing\\{closure}(Object(Illuminate\\Http\\Request))
#40 /home/adminlsp/appdir/vendor/laravel/framework/src/Illuminate/Pipeline/Pipeline.php(163): Illuminate\\Session\\Middleware\\StartSession->handle(Object(Illuminate\\Http\\Request), Object(Closure))
#41 /home/adminlsp/appdir/vendor/laravel/framework/src/Illuminate/Routing/Pipeline.php(53): Illuminate\\Pipeline\\Pipeline->Illuminate\\Pipeline\\{closure}(Object(Illuminate\\Http\\Request))
#42 /home/adminlsp/appdir/vendor/laravel/framework/src/Illuminate/Cookie/Middleware/AddQueuedCookiesToResponse.php(37): Illuminate\\Routing\\Pipeline->Illuminate\\Routing\\{closure}(Object(Illuminate\\Http\\Request))
#43 /home/adminlsp/appdir/vendor/laravel/framework/src/Illuminate/Pipeline/Pipeline.php(163): Illuminate\\Cookie\\Middleware\\AddQueuedCookiesToResponse->handle(Object(Illuminate\\Http\\Request), Object(Closure))
#44 /home/adminlsp/appdir/vendor/laravel/framework/src/Illuminate/Routing/Pipeline.php(53): Illuminate\\Pipeline\\Pipeline->Illuminate\\Pipeline\\{closure}(Object(Illuminate\\Http\\Request))
#45 /home/adminlsp/appdir/vendor/laravel/framework/src/Illuminate/Cookie/Middleware/EncryptCookies.php(66): Illuminate\\Routing\\Pipeline->Illuminate\\Routing\\{closure}(Object(Illuminate\\Http\\Request))
#46 /home/adminlsp/appdir/vendor/laravel/framework/src/Illuminate/Pipeline/Pipeline.php(163): Illuminate\\Cookie\\Middleware\\EncryptCookies->handle(Object(Illuminate\\Http\\Request), Object(Closure))
#47 /home/adminlsp/appdir/vendor/laravel/framework/src/Illuminate/Routing/Pipeline.php(53): Illuminate\\Pipeline\\Pipeline->Illuminate\\Pipeline\\{closure}(Object(Illuminate\\Http\\Request))
#48 /home/adminlsp/appdir/vendor/laravel/framework/src/Illuminate/Pipeline/Pipeline.php(104): Illuminate\\Routing\\Pipeline->Illuminate\\Routing\\{closure}(Object(Illuminate\\Http\\Request))
#49 /home/adminlsp/appdir/vendor/laravel/framework/src/Illuminate/Routing/Router.php(682): Illuminate\\Pipeline\\Pipeline->then(Object(Closure))
#50 /home/adminlsp/appdir/vendor/laravel/framework/src/Illuminate/Routing/Router.php(657): Illuminate\\Routing\\Router->runRouteWithinStack(Object(Illuminate\\Routing\\Route), Object(Illuminate\\Http\\Request))
#51 /home/adminlsp/appdir/vendor/laravel/framework/src/Illuminate/Routing/Router.php(623): Illuminate\\Routing\\Router->runRoute(Object(Illuminate\\Http\\Request), Object(Illuminate\\Routing\\Route))
#52 /home/adminlsp/appdir/vendor/laravel/framework/src/Illuminate/Routing/Router.php(612): Illuminate\\Routing\\Router->dispatchToRoute(Object(Illuminate\\Http\\Request))
#53 /home/adminlsp/appdir/vendor/laravel/framework/src/Illuminate/Foundation/Http/Kernel.php(176): Illuminate\\Routing\\Router->dispatch(Object(Illuminate\\Http\\Request))
#54 /home/adminlsp/appdir/vendor/laravel/framework/src/Illuminate/Routing/Pipeline.php(30): Illuminate\\Foundation\\Http\\Kernel->Illuminate\\Foundation\\Http\\{closure}(Object(Illuminate\\Http\\Request))
#55 /home/adminlsp/appdir/vendor/fideloper/proxy/src/TrustProxies.php(57): Illuminate\\Routing\\Pipeline->Illuminate\\Routing\\{closure}(Object(Illuminate\\Http\\Request))
#56 /home/adminlsp/appdir/vendor/laravel/framework/src/Illuminate/Pipeline/Pipeline.php(163): Fideloper\\Proxy\\TrustProxies->handle(Object(Illuminate\\Http\\Request), Object(Closure))
#57 /home/adminlsp/appdir/vendor/laravel/framework/src/Illuminate/Routing/Pipeline.php(53): Illuminate\\Pipeline\\Pipeline->Illuminate\\Pipeline\\{closure}(Object(Illuminate\\Http\\Request))
#58 /home/adminlsp/appdir/vendor/laravel/framework/src/Illuminate/Foundation/Http/Middleware/TransformsRequest.php(21): Illuminate\\Routing\\Pipeline->Illuminate\\Routing\\{closure}(Object(Illuminate\\Http\\Request))
#59 /home/adminlsp/appdir/vendor/laravel/framework/src/Illuminate/Pipeline/Pipeline.php(163): Illuminate\\Foundation\\Http\\Middleware\\TransformsRequest->handle(Object(Illuminate\\Http\\Request), Object(Closure))
#60 /home/adminlsp/appdir/vendor/laravel/framework/src/Illuminate/Routing/Pipeline.php(53): Illuminate\\Pipeline\\Pipeline->Illuminate\\Pipeline\\{closure}(Object(Illuminate\\Http\\Request))
#61 /home/adminlsp/appdir/vendor/laravel/framework/src/Illuminate/Foundation/Http/Middleware/TransformsRequest.php(21): Illuminate\\Routing\\Pipeline->Illuminate\\Routing\\{closure}(Object(Illuminate\\Http\\Request))
#62 /home/adminlsp/appdir/vendor/laravel/framework/src/Illuminate/Pipeline/Pipeline.php(163): Illuminate\\Foundation\\Http\\Middleware\\TransformsRequest->handle(Object(Illuminate\\Http\\Request), Object(Closure))
#63 /home/adminlsp/appdir/vendor/laravel/framework/src/Illuminate/Routing/Pipeline.php(53): Illuminate\\Pipeline\\Pipeline->Illuminate\\Pipeline\\{closure}(Object(Illuminate\\Http\\Request))
#64 /home/adminlsp/appdir/vendor/laravel/framework/src/Illuminate/Foundation/Http/Middleware/ValidatePostSize.php(27): Illuminate\\Routing\\Pipeline->Illuminate\\Routing\\{closure}(Object(Illuminate\\Http\\Request))
#65 /home/adminlsp/appdir/vendor/laravel/framework/src/Illuminate/Pipeline/Pipeline.php(163): Illuminate\\Foundation\\Http\\Middleware\\ValidatePostSize->handle(Object(Illuminate\\Http\\Request), Object(Closure))
#66 /home/adminlsp/appdir/vendor/laravel/framework/src/Illuminate/Routing/Pipeline.php(53): Illuminate\\Pipeline\\Pipeline->Illuminate\\Pipeline\\{closure}(Object(Illuminate\\Http\\Request))
#67 /home/adminlsp/appdir/vendor/laravel/framework/src/Illuminate/Foundation/Http/Middleware/CheckForMaintenanceMode.php(62): Illuminate\\Routing\\Pipeline->Illuminate\\Routing\\{closure}(Object(Illuminate\\Http\\Request))
#68 /home/adminlsp/appdir/vendor/laravel/framework/src/Illuminate/Pipeline/Pipeline.php(163): Illuminate\\Foundation\\Http\\Middleware\\CheckForMaintenanceMode->handle(Object(Illuminate\\Http\\Request), Object(Closure))
#69 /home/adminlsp/appdir/vendor/laravel/framework/src/Illuminate/Routing/Pipeline.php(53): Illuminate\\Pipeline\\Pipeline->Illuminate\\Pipeline\\{closure}(Object(Illuminate\\Http\\Request))
#70 /home/adminlsp/appdir/vendor/laravel/framework/src/Illuminate/Pipeline/Pipeline.php(104): Illuminate\\Routing\\Pipeline->Illuminate\\Routing\\{closure}(Object(Illuminate\\Http\\Request))
#71 /home/adminlsp/appdir/vendor/laravel/framework/src/Illuminate/Foundation/Http/Kernel.php(151): Illuminate\\Pipeline\\Pipeline->then(Object(Closure))
#72 /home/adminlsp/appdir/vendor/laravel/framework/src/Illuminate/Foundation/Http/Kernel.php(116): Illuminate\\Foundation\\Http\\Kernel->sendRequestThroughRouter(Object(Illuminate\\Http\\Request))
#73 /home/adminlsp/appdir/public/index.php(55): Illuminate\\Foundation\\Http\\Kernel->handle(Object(Illuminate\\Http\\Request))
#74 /home/adminlsp/appdir/server.php(21): require_once('/home/adminlsp/...')
#75 {main}
"} 
[2021-06-17 03:39:34] local.ERROR: Failed to authenticate on SMTP server with username "lsp@polije.ac.id" using 3 possible authenticators. Authenticator LOGIN returned Expected response code 235 but got code "535", with message "535-5.7.8 Username and Password not accepted. Learn more at
535 5.7.8  https://support.google.com/mail/?p=BadCredentials fs10sm6609821pjb.31 - gsmtp
". Authenticator PLAIN returned Expected response code 235 but got code "535", with message "535-5.7.8 Username and Password not accepted. Learn more at
535 5.7.8  https://support.google.com/mail/?p=BadCredentials fs10sm6609821pjb.31 - gsmtp
". Authenticator XOAUTH2 returned Expected response code 250 but got code "535", with message "535-5.7.8 Username and Password not accepted. Learn more at
535 5.7.8  https://support.google.com/mail/?p=BadCredentials fs10sm6609821pjb.31 - gsmtp
". {"exception":"[object] (Swift_TransportException(code: 0): Failed to authenticate on SMTP server with username \"lsp@polije.ac.id\" using 3 possible authenticators. Authenticator LOGIN returned Expected response code 235 but got code \"535\", with message \"535-5.7.8 Username and Password not accepted. Learn more at
535 5.7.8  https://support.google.com/mail/?p=BadCredentials fs10sm6609821pjb.31 - gsmtp
\". Authenticator PLAIN returned Expected response code 235 but got code \"535\", with message \"535-5.7.8 Username and Password not accepted. Learn more at
535 5.7.8  https://support.google.com/mail/?p=BadCredentials fs10sm6609821pjb.31 - gsmtp
\". Authenticator XOAUTH2 returned Expected response code 250 but got code \"535\", with message \"535-5.7.8 Username and Password not accepted. Learn more at
535 5.7.8  https://support.google.com/mail/?p=BadCredentials fs10sm6609821pjb.31 - gsmtp
\". at /home/adminlsp/appdir/vendor/swiftmailer/swiftmailer/lib/classes/Swift/Transport/Esmtp/AuthHandler.php:191)
[stacktrace]
#0 /home/adminlsp/appdir/vendor/swiftmailer/swiftmailer/lib/classes/Swift/Transport/EsmtpTransport.php(371): Swift_Transport_Esmtp_AuthHandler->afterEhlo(Object(Swift_SmtpTransport))
#1 /home/adminlsp/appdir/vendor/swiftmailer/swiftmailer/lib/classes/Swift/Transport/AbstractSmtpTransport.php(148): Swift_Transport_EsmtpTransport->doHeloCommand()
#2 /home/adminlsp/appdir/vendor/swiftmailer/swiftmailer/lib/classes/Swift/Mailer.php(65): Swift_Transport_AbstractSmtpTransport->start()
#3 /home/adminlsp/appdir/vendor/laravel/framework/src/Illuminate/Mail/Mailer.php(484): Swift_Mailer->send(Object(Swift_Message), Array)
#4 /home/adminlsp/appdir/vendor/laravel/framework/src/Illuminate/Mail/Mailer.php(259): Illuminate\\Mail\\Mailer->sendSwiftMessage(Object(Swift_Message))
#5 /home/adminlsp/appdir/vendor/laravel/framework/src/Illuminate/Mail/Mailable.php(159): Illuminate\\Mail\\Mailer->send('auth.mail', Array, Object(Closure))
#6 /home/adminlsp/appdir/vendor/laravel/framework/src/Illuminate/Support/Traits/Localizable.php(19): Illuminate\\Mail\\Mailable->Illuminate\\Mail\\{closure}()
#7 /home/adminlsp/appdir/vendor/laravel/framework/src/Illuminate/Mail/Mailable.php(160): Illuminate\\Mail\\Mailable->withLocale(NULL, Object(Closure))
#8 /home/adminlsp/appdir/vendor/laravel/framework/src/Illuminate/Mail/Mailer.php(275): Illuminate\\Mail\\Mailable->send(Object(Illuminate\\Mail\\Mailer))
#9 /home/adminlsp/appdir/vendor/laravel/framework/src/Illuminate/Mail/Mailer.php(229): Illuminate\\Mail\\Mailer->sendMailable(Object(App\\Mail\\RegisterMail))
#10 /home/adminlsp/appdir/vendor/laravel/framework/src/Illuminate/Mail/PendingMail.php(127): Illuminate\\Mail\\Mailer->send(Object(App\\Mail\\RegisterMail))
#11 /home/adminlsp/appdir/app/Listeners/RegisteredListener.php(30): Illuminate\\Mail\\PendingMail->send(Object(App\\Mail\\RegisterMail))
#12 [internal function]: App\\Listeners\\RegisteredListener->handle(Object(Illuminate\\Auth\\Events\\Registered))
#13 /home/adminlsp/appdir/vendor/laravel/framework/src/Illuminate/Events/Dispatcher.php(366): call_user_func_array(Array, Array)
#14 /home/adminlsp/appdir/vendor/laravel/framework/src/Illuminate/Events/Dispatcher.php(196): Illuminate\\Events\\Dispatcher->Illuminate\\Events\\{closure}('Illuminate\\\\Auth...', Array)
#15 /home/adminlsp/appdir/vendor/laravel/framework/src/Illuminate/Foundation/helpers.php(482): Illuminate\\Events\\Dispatcher->dispatch('Illuminate\\\\Auth...')
#16 /home/adminlsp/appdir/vendor/laravel/framework/src/Illuminate/Foundation/Auth/RegistersUsers.php(34): event(Object(Illuminate\\Auth\\Events\\Registered))
#17 [internal function]: App\\Http\\Controllers\\Auth\\RegisterController->register(Object(Illuminate\\Http\\Request))
#18 /home/adminlsp/appdir/vendor/laravel/framework/src/Illuminate/Routing/Controller.php(54): call_user_func_array(Array, Array)
#19 /home/adminlsp/appdir/vendor/laravel/framework/src/Illuminate/Routing/ControllerDispatcher.php(45): Illuminate\\Routing\\Controller->callAction('register', Array)
#20 /home/adminlsp/appdir/vendor/laravel/framework/src/Illuminate/Routing/Route.php(219): Illuminate\\Routing\\ControllerDispatcher->dispatch(Object(Illuminate\\Routing\\Route), Object(App\\Http\\Controllers\\Auth\\RegisterController), 'register')
#21 /home/adminlsp/appdir/vendor/laravel/framework/src/Illuminate/Routing/Route.php(176): Illuminate\\Routing\\Route->runController()
#22 /home/adminlsp/appdir/vendor/laravel/framework/src/Illuminate/Routing/Router.php(680): Illuminate\\Routing\\Route->run()
#23 /home/adminlsp/appdir/vendor/laravel/framework/src/Illuminate/Routing/Pipeline.php(30): Illuminate\\Routing\\Router->Illuminate\\Routing\\{closure}(Object(Illuminate\\Http\\Request))
#24 /home/adminlsp/appdir/app/Http/Middleware/RedirectIfAuthenticated.php(24): Illuminate\\Routing\\Pipeline->Illuminate\\Routing\\{closure}(Object(Illuminate\\Http\\Request))
#25 /home/adminlsp/appdir/vendor/laravel/framework/src/Illuminate/Pipeline/Pipeline.php(163): App\\Http\\Middleware\\RedirectIfAuthenticated->handle(Object(Illuminate\\Http\\Request), Object(Closure))
#26 /home/adminlsp/appdir/vendor/laravel/framework/src/Illuminate/Routing/Pipeline.php(53): Illuminate\\Pipeline\\Pipeline->Illuminate\\Pipeline\\{closure}(Object(Illuminate\\Http\\Request))
#27 /home/adminlsp/appdir/vendor/laravel/framework/src/Illuminate/Routing/Middleware/SubstituteBindings.php(41): Illuminate\\Routing\\Pipeline->Illuminate\\Routing\\{closure}(Object(Illuminate\\Http\\Request))
#28 /home/adminlsp/appdir/vendor/laravel/framework/src/Illuminate/Pipeline/Pipeline.php(163): Illuminate\\Routing\\Middleware\\SubstituteBindings->handle(Object(Illuminate\\Http\\Request), Object(Closure))
#29 /home/adminlsp/appdir/vendor/laravel/framework/src/Illuminate/Routing/Pipeline.php(53): Illuminate\\Pipeline\\Pipeline->Illuminate\\Pipeline\\{closure}(Object(Illuminate\\Http\\Request))
#30 /home/adminlsp/appdir/vendor/laravel/framework/src/Illuminate/Foundation/Http/Middleware/VerifyCsrfToken.php(75): Illuminate\\Routing\\Pipeline->Illuminate\\Routing\\{closure}(Object(Illuminate\\Http\\Request))
#31 /home/adminlsp/appdir/vendor/laravel/framework/src/Illuminate/Pipeline/Pipeline.php(163): Illuminate\\Foundation\\Http\\Middleware\\VerifyCsrfToken->handle(Object(Illuminate\\Http\\Request), Object(Closure))
#32 /home/adminlsp/appdir/vendor/laravel/framework/src/Illuminate/Routing/Pipeline.php(53): Illuminate\\Pipeline\\Pipeline->Illuminate\\Pipeline\\{closure}(Object(Illuminate\\Http\\Request))
#33 /home/adminlsp/appdir/vendor/laravel/framework/src/Illuminate/Session/Middleware/AuthenticateSession.php(39): Illuminate\\Routing\\Pipeline->Illuminate\\Routing\\{closure}(Object(Illuminate\\Http\\Request))
#34 /home/adminlsp/appdir/vendor/laravel/framework/src/Illuminate/Pipeline/Pipeline.php(163): Illuminate\\Session\\Middleware\\AuthenticateSession->handle(Object(Illuminate\\Http\\Request), Object(Closure))
#35 /home/adminlsp/appdir/vendor/laravel/framework/src/Illuminate/Routing/Pipeline.php(53): Illuminate\\Pipeline\\Pipeline->Illuminate\\Pipeline\\{closure}(Object(Illuminate\\Http\\Request))
#36 /home/adminlsp/appdir/vendor/laravel/framework/src/Illuminate/View/Middleware/ShareErrorsFromSession.php(49): Illuminate\\Routing\\Pipeline->Illuminate\\Routing\\{closure}(Object(Illuminate\\Http\\Request))
#37 /home/adminlsp/appdir/vendor/laravel/framework/src/Illuminate/Pipeline/Pipeline.php(163): Illuminate\\View\\Middleware\\ShareErrorsFromSession->handle(Object(Illuminate\\Http\\Request), Object(Closure))
#38 /home/adminlsp/appdir/vendor/laravel/framework/src/Illuminate/Routing/Pipeline.php(53): Illuminate\\Pipeline\\Pipeline->Illuminate\\Pipeline\\{closure}(Object(Illuminate\\Http\\Request))
#39 /home/adminlsp/appdir/vendor/laravel/framework/src/Illuminate/Session/Middleware/StartSession.php(56): Illuminate\\Routing\\Pipeline->Illuminate\\Routing\\{closure}(Object(Illuminate\\Http\\Request))
#40 /home/adminlsp/appdir/vendor/laravel/framework/src/Illuminate/Pipeline/Pipeline.php(163): Illuminate\\Session\\Middleware\\StartSession->handle(Object(Illuminate\\Http\\Request), Object(Closure))
#41 /home/adminlsp/appdir/vendor/laravel/framework/src/Illuminate/Routing/Pipeline.php(53): Illuminate\\Pipeline\\Pipeline->Illuminate\\Pipeline\\{closure}(Object(Illuminate\\Http\\Request))
#42 /home/adminlsp/appdir/vendor/laravel/framework/src/Illuminate/Cookie/Middleware/AddQueuedCookiesToResponse.php(37): Illuminate\\Routing\\Pipeline->Illuminate\\Routing\\{closure}(Object(Illuminate\\Http\\Request))
#43 /home/adminlsp/appdir/vendor/laravel/framework/src/Illuminate/Pipeline/Pipeline.php(163): Illuminate\\Cookie\\Middleware\\AddQueuedCookiesToResponse->handle(Object(Illuminate\\Http\\Request), Object(Closure))
#44 /home/adminlsp/appdir/vendor/laravel/framework/src/Illuminate/Routing/Pipeline.php(53): Illuminate\\Pipeline\\Pipeline->Illuminate\\Pipeline\\{closure}(Object(Illuminate\\Http\\Request))
#45 /home/adminlsp/appdir/vendor/laravel/framework/src/Illuminate/Cookie/Middleware/EncryptCookies.php(66): Illuminate\\Routing\\Pipeline->Illuminate\\Routing\\{closure}(Object(Illuminate\\Http\\Request))
#46 /home/adminlsp/appdir/vendor/laravel/framework/src/Illuminate/Pipeline/Pipeline.php(163): Illuminate\\Cookie\\Middleware\\EncryptCookies->handle(Object(Illuminate\\Http\\Request), Object(Closure))
#47 /home/adminlsp/appdir/vendor/laravel/framework/src/Illuminate/Routing/Pipeline.php(53): Illuminate\\Pipeline\\Pipeline->Illuminate\\Pipeline\\{closure}(Object(Illuminate\\Http\\Request))
#48 /home/adminlsp/appdir/vendor/laravel/framework/src/Illuminate/Pipeline/Pipeline.php(104): Illuminate\\Routing\\Pipeline->Illuminate\\Routing\\{closure}(Object(Illuminate\\Http\\Request))
#49 /home/adminlsp/appdir/vendor/laravel/framework/src/Illuminate/Routing/Router.php(682): Illuminate\\Pipeline\\Pipeline->then(Object(Closure))
#50 /home/adminlsp/appdir/vendor/laravel/framework/src/Illuminate/Routing/Router.php(657): Illuminate\\Routing\\Router->runRouteWithinStack(Object(Illuminate\\Routing\\Route), Object(Illuminate\\Http\\Request))
#51 /home/adminlsp/appdir/vendor/laravel/framework/src/Illuminate/Routing/Router.php(623): Illuminate\\Routing\\Router->runRoute(Object(Illuminate\\Http\\Request), Object(Illuminate\\Routing\\Route))
#52 /home/adminlsp/appdir/vendor/laravel/framework/src/Illuminate/Routing/Router.php(612): Illuminate\\Routing\\Router->dispatchToRoute(Object(Illuminate\\Http\\Request))
#53 /home/adminlsp/appdir/vendor/laravel/framework/src/Illuminate/Foundation/Http/Kernel.php(176): Illuminate\\Routing\\Router->dispatch(Object(Illuminate\\Http\\Request))
#54 /home/adminlsp/appdir/vendor/laravel/framework/src/Illuminate/Routing/Pipeline.php(30): Illuminate\\Foundation\\Http\\Kernel->Illuminate\\Foundation\\Http\\{closure}(Object(Illuminate\\Http\\Request))
#55 /home/adminlsp/appdir/vendor/fideloper/proxy/src/TrustProxies.php(57): Illuminate\\Routing\\Pipeline->Illuminate\\Routing\\{closure}(Object(Illuminate\\Http\\Request))
#56 /home/adminlsp/appdir/vendor/laravel/framework/src/Illuminate/Pipeline/Pipeline.php(163): Fideloper\\Proxy\\TrustProxies->handle(Object(Illuminate\\Http\\Request), Object(Closure))
#57 /home/adminlsp/appdir/vendor/laravel/framework/src/Illuminate/Routing/Pipeline.php(53): Illuminate\\Pipeline\\Pipeline->Illuminate\\Pipeline\\{closure}(Object(Illuminate\\Http\\Request))
#58 /home/adminlsp/appdir/vendor/laravel/framework/src/Illuminate/Foundation/Http/Middleware/TransformsRequest.php(21): Illuminate\\Routing\\Pipeline->Illuminate\\Routing\\{closure}(Object(Illuminate\\Http\\Request))
#59 /home/adminlsp/appdir/vendor/laravel/framework/src/Illuminate/Pipeline/Pipeline.php(163): Illuminate\\Foundation\\Http\\Middleware\\TransformsRequest->handle(Object(Illuminate\\Http\\Request), Object(Closure))
#60 /home/adminlsp/appdir/vendor/laravel/framework/src/Illuminate/Routing/Pipeline.php(53): Illuminate\\Pipeline\\Pipeline->Illuminate\\Pipeline\\{closure}(Object(Illuminate\\Http\\Request))
#61 /home/adminlsp/appdir/vendor/laravel/framework/src/Illuminate/Foundation/Http/Middleware/TransformsRequest.php(21): Illuminate\\Routing\\Pipeline->Illuminate\\Routing\\{closure}(Object(Illuminate\\Http\\Request))
#62 /home/adminlsp/appdir/vendor/laravel/framework/src/Illuminate/Pipeline/Pipeline.php(163): Illuminate\\Foundation\\Http\\Middleware\\TransformsRequest->handle(Object(Illuminate\\Http\\Request), Object(Closure))
#63 /home/adminlsp/appdir/vendor/laravel/framework/src/Illuminate/Routing/Pipeline.php(53): Illuminate\\Pipeline\\Pipeline->Illuminate\\Pipeline\\{closure}(Object(Illuminate\\Http\\Request))
#64 /home/adminlsp/appdir/vendor/laravel/framework/src/Illuminate/Foundation/Http/Middleware/ValidatePostSize.php(27): Illuminate\\Routing\\Pipeline->Illuminate\\Routing\\{closure}(Object(Illuminate\\Http\\Request))
#65 /home/adminlsp/appdir/vendor/laravel/framework/src/Illuminate/Pipeline/Pipeline.php(163): Illuminate\\Foundation\\Http\\Middleware\\ValidatePostSize->handle(Object(Illuminate\\Http\\Request), Object(Closure))
#66 /home/adminlsp/appdir/vendor/laravel/framework/src/Illuminate/Routing/Pipeline.php(53): Illuminate\\Pipeline\\Pipeline->Illuminate\\Pipeline\\{closure}(Object(Illuminate\\Http\\Request))
#67 /home/adminlsp/appdir/vendor/laravel/framework/src/Illuminate/Foundation/Http/Middleware/CheckForMaintenanceMode.php(62): Illuminate\\Routing\\Pipeline->Illuminate\\Routing\\{closure}(Object(Illuminate\\Http\\Request))
#68 /home/adminlsp/appdir/vendor/laravel/framework/src/Illuminate/Pipeline/Pipeline.php(163): Illuminate\\Foundation\\Http\\Middleware\\CheckForMaintenanceMode->handle(Object(Illuminate\\Http\\Request), Object(Closure))
#69 /home/adminlsp/appdir/vendor/laravel/framework/src/Illuminate/Routing/Pipeline.php(53): Illuminate\\Pipeline\\Pipeline->Illuminate\\Pipeline\\{closure}(Object(Illuminate\\Http\\Request))
#70 /home/adminlsp/appdir/vendor/laravel/framework/src/Illuminate/Pipeline/Pipeline.php(104): Illuminate\\Routing\\Pipeline->Illuminate\\Routing\\{closure}(Object(Illuminate\\Http\\Request))
#71 /home/adminlsp/appdir/vendor/laravel/framework/src/Illuminate/Foundation/Http/Kernel.php(151): Illuminate\\Pipeline\\Pipeline->then(Object(Closure))
#72 /home/adminlsp/appdir/vendor/laravel/framework/src/Illuminate/Foundation/Http/Kernel.php(116): Illuminate\\Foundation\\Http\\Kernel->sendRequestThroughRouter(Object(Illuminate\\Http\\Request))
#73 /home/adminlsp/appdir/public/index.php(55): Illuminate\\Foundation\\Http\\Kernel->handle(Object(Illuminate\\Http\\Request))
#74 /home/adminlsp/appdir/server.php(21): require_once('/home/adminlsp/...')
#75 {main}
"} 
[2021-06-17 03:40:25] local.ERROR: Failed to authenticate on SMTP server with username "lsp@polije.ac.id" using 3 possible authenticators. Authenticator LOGIN returned Expected response code 235 but got code "535", with message "535-5.7.8 Username and Password not accepted. Learn more at
535 5.7.8  https://support.google.com/mail/?p=BadCredentials h20sm3237208pfh.24 - gsmtp
". Authenticator PLAIN returned Expected response code 235 but got code "535", with message "535-5.7.8 Username and Password not accepted. Learn more at
535 5.7.8  https://support.google.com/mail/?p=BadCredentials h20sm3237208pfh.24 - gsmtp
". Authenticator XOAUTH2 returned Expected response code 250 but got code "535", with message "535-5.7.8 Username and Password not accepted. Learn more at
535 5.7.8  https://support.google.com/mail/?p=BadCredentials h20sm3237208pfh.24 - gsmtp
". {"exception":"[object] (Swift_TransportException(code: 0): Failed to authenticate on SMTP server with username \"lsp@polije.ac.id\" using 3 possible authenticators. Authenticator LOGIN returned Expected response code 235 but got code \"535\", with message \"535-5.7.8 Username and Password not accepted. Learn more at
535 5.7.8  https://support.google.com/mail/?p=BadCredentials h20sm3237208pfh.24 - gsmtp
\". Authenticator PLAIN returned Expected response code 235 but got code \"535\", with message \"535-5.7.8 Username and Password not accepted. Learn more at
535 5.7.8  https://support.google.com/mail/?p=BadCredentials h20sm3237208pfh.24 - gsmtp
\". Authenticator XOAUTH2 returned Expected response code 250 but got code \"535\", with message \"535-5.7.8 Username and Password not accepted. Learn more at
535 5.7.8  https://support.google.com/mail/?p=BadCredentials h20sm3237208pfh.24 - gsmtp
\". at /home/adminlsp/appdir/vendor/swiftmailer/swiftmailer/lib/classes/Swift/Transport/Esmtp/AuthHandler.php:191)
[stacktrace]
#0 /home/adminlsp/appdir/vendor/swiftmailer/swiftmailer/lib/classes/Swift/Transport/EsmtpTransport.php(371): Swift_Transport_Esmtp_AuthHandler->afterEhlo(Object(Swift_SmtpTransport))
#1 /home/adminlsp/appdir/vendor/swiftmailer/swiftmailer/lib/classes/Swift/Transport/AbstractSmtpTransport.php(148): Swift_Transport_EsmtpTransport->doHeloCommand()
#2 /home/adminlsp/appdir/vendor/swiftmailer/swiftmailer/lib/classes/Swift/Mailer.php(65): Swift_Transport_AbstractSmtpTransport->start()
#3 /home/adminlsp/appdir/vendor/laravel/framework/src/Illuminate/Mail/Mailer.php(484): Swift_Mailer->send(Object(Swift_Message), Array)
#4 /home/adminlsp/appdir/vendor/laravel/framework/src/Illuminate/Mail/Mailer.php(259): Illuminate\\Mail\\Mailer->sendSwiftMessage(Object(Swift_Message))
#5 /home/adminlsp/appdir/vendor/laravel/framework/src/Illuminate/Mail/Mailable.php(159): Illuminate\\Mail\\Mailer->send('auth.mail', Array, Object(Closure))
#6 /home/adminlsp/appdir/vendor/laravel/framework/src/Illuminate/Support/Traits/Localizable.php(19): Illuminate\\Mail\\Mailable->Illuminate\\Mail\\{closure}()
#7 /home/adminlsp/appdir/vendor/laravel/framework/src/Illuminate/Mail/Mailable.php(160): Illuminate\\Mail\\Mailable->withLocale(NULL, Object(Closure))
#8 /home/adminlsp/appdir/vendor/laravel/framework/src/Illuminate/Mail/Mailer.php(275): Illuminate\\Mail\\Mailable->send(Object(Illuminate\\Mail\\Mailer))
#9 /home/adminlsp/appdir/vendor/laravel/framework/src/Illuminate/Mail/Mailer.php(229): Illuminate\\Mail\\Mailer->sendMailable(Object(App\\Mail\\RegisterMail))
#10 /home/adminlsp/appdir/vendor/laravel/framework/src/Illuminate/Mail/PendingMail.php(127): Illuminate\\Mail\\Mailer->send(Object(App\\Mail\\RegisterMail))
#11 /home/adminlsp/appdir/app/Listeners/RegisteredListener.php(30): Illuminate\\Mail\\PendingMail->send(Object(App\\Mail\\RegisterMail))
#12 [internal function]: App\\Listeners\\RegisteredListener->handle(Object(Illuminate\\Auth\\Events\\Registered))
#13 /home/adminlsp/appdir/vendor/laravel/framework/src/Illuminate/Events/Dispatcher.php(366): call_user_func_array(Array, Array)
#14 /home/adminlsp/appdir/vendor/laravel/framework/src/Illuminate/Events/Dispatcher.php(196): Illuminate\\Events\\Dispatcher->Illuminate\\Events\\{closure}('Illuminate\\\\Auth...', Array)
#15 /home/adminlsp/appdir/vendor/laravel/framework/src/Illuminate/Foundation/helpers.php(482): Illuminate\\Events\\Dispatcher->dispatch('Illuminate\\\\Auth...')
#16 /home/adminlsp/appdir/vendor/laravel/framework/src/Illuminate/Foundation/Auth/RegistersUsers.php(34): event(Object(Illuminate\\Auth\\Events\\Registered))
#17 [internal function]: App\\Http\\Controllers\\Auth\\RegisterController->register(Object(Illuminate\\Http\\Request))
#18 /home/adminlsp/appdir/vendor/laravel/framework/src/Illuminate/Routing/Controller.php(54): call_user_func_array(Array, Array)
#19 /home/adminlsp/appdir/vendor/laravel/framework/src/Illuminate/Routing/ControllerDispatcher.php(45): Illuminate\\Routing\\Controller->callAction('register', Array)
#20 /home/adminlsp/appdir/vendor/laravel/framework/src/Illuminate/Routing/Route.php(219): Illuminate\\Routing\\ControllerDispatcher->dispatch(Object(Illuminate\\Routing\\Route), Object(App\\Http\\Controllers\\Auth\\RegisterController), 'register')
#21 /home/adminlsp/appdir/vendor/laravel/framework/src/Illuminate/Routing/Route.php(176): Illuminate\\Routing\\Route->runController()
#22 /home/adminlsp/appdir/vendor/laravel/framework/src/Illuminate/Routing/Router.php(680): Illuminate\\Routing\\Route->run()
#23 /home/adminlsp/appdir/vendor/laravel/framework/src/Illuminate/Routing/Pipeline.php(30): Illuminate\\Routing\\Router->Illuminate\\Routing\\{closure}(Object(Illuminate\\Http\\Request))
#24 /home/adminlsp/appdir/app/Http/Middleware/RedirectIfAuthenticated.php(24): Illuminate\\Routing\\Pipeline->Illuminate\\Routing\\{closure}(Object(Illuminate\\Http\\Request))
#25 /home/adminlsp/appdir/vendor/laravel/framework/src/Illuminate/Pipeline/Pipeline.php(163): App\\Http\\Middleware\\RedirectIfAuthenticated->handle(Object(Illuminate\\Http\\Request), Object(Closure))
#26 /home/adminlsp/appdir/vendor/laravel/framework/src/Illuminate/Routing/Pipeline.php(53): Illuminate\\Pipeline\\Pipeline->Illuminate\\Pipeline\\{closure}(Object(Illuminate\\Http\\Request))
#27 /home/adminlsp/appdir/vendor/laravel/framework/src/Illuminate/Routing/Middleware/SubstituteBindings.php(41): Illuminate\\Routing\\Pipeline->Illuminate\\Routing\\{closure}(Object(Illuminate\\Http\\Request))
#28 /home/adminlsp/appdir/vendor/laravel/framework/src/Illuminate/Pipeline/Pipeline.php(163): Illuminate\\Routing\\Middleware\\SubstituteBindings->handle(Object(Illuminate\\Http\\Request), Object(Closure))
#29 /home/adminlsp/appdir/vendor/laravel/framework/src/Illuminate/Routing/Pipeline.php(53): Illuminate\\Pipeline\\Pipeline->Illuminate\\Pipeline\\{closure}(Object(Illuminate\\Http\\Request))
#30 /home/adminlsp/appdir/vendor/laravel/framework/src/Illuminate/Foundation/Http/Middleware/VerifyCsrfToken.php(75): Illuminate\\Routing\\Pipeline->Illuminate\\Routing\\{closure}(Object(Illuminate\\Http\\Request))
#31 /home/adminlsp/appdir/vendor/laravel/framework/src/Illuminate/Pipeline/Pipeline.php(163): Illuminate\\Foundation\\Http\\Middleware\\VerifyCsrfToken->handle(Object(Illuminate\\Http\\Request), Object(Closure))
#32 /home/adminlsp/appdir/vendor/laravel/framework/src/Illuminate/Routing/Pipeline.php(53): Illuminate\\Pipeline\\Pipeline->Illuminate\\Pipeline\\{closure}(Object(Illuminate\\Http\\Request))
#33 /home/adminlsp/appdir/vendor/laravel/framework/src/Illuminate/Session/Middleware/AuthenticateSession.php(39): Illuminate\\Routing\\Pipeline->Illuminate\\Routing\\{closure}(Object(Illuminate\\Http\\Request))
#34 /home/adminlsp/appdir/vendor/laravel/framework/src/Illuminate/Pipeline/Pipeline.php(163): Illuminate\\Session\\Middleware\\AuthenticateSession->handle(Object(Illuminate\\Http\\Request), Object(Closure))
#35 /home/adminlsp/appdir/vendor/laravel/framework/src/Illuminate/Routing/Pipeline.php(53): Illuminate\\Pipeline\\Pipeline->Illuminate\\Pipeline\\{closure}(Object(Illuminate\\Http\\Request))
#36 /home/adminlsp/appdir/vendor/laravel/framework/src/Illuminate/View/Middleware/ShareErrorsFromSession.php(49): Illuminate\\Routing\\Pipeline->Illuminate\\Routing\\{closure}(Object(Illuminate\\Http\\Request))
#37 /home/adminlsp/appdir/vendor/laravel/framework/src/Illuminate/Pipeline/Pipeline.php(163): Illuminate\\View\\Middleware\\ShareErrorsFromSession->handle(Object(Illuminate\\Http\\Request), Object(Closure))
#38 /home/adminlsp/appdir/vendor/laravel/framework/src/Illuminate/Routing/Pipeline.php(53): Illuminate\\Pipeline\\Pipeline->Illuminate\\Pipeline\\{closure}(Object(Illuminate\\Http\\Request))
#39 /home/adminlsp/appdir/vendor/laravel/framework/src/Illuminate/Session/Middleware/StartSession.php(56): Illuminate\\Routing\\Pipeline->Illuminate\\Routing\\{closure}(Object(Illuminate\\Http\\Request))
#40 /home/adminlsp/appdir/vendor/laravel/framework/src/Illuminate/Pipeline/Pipeline.php(163): Illuminate\\Session\\Middleware\\StartSession->handle(Object(Illuminate\\Http\\Request), Object(Closure))
#41 /home/adminlsp/appdir/vendor/laravel/framework/src/Illuminate/Routing/Pipeline.php(53): Illuminate\\Pipeline\\Pipeline->Illuminate\\Pipeline\\{closure}(Object(Illuminate\\Http\\Request))
#42 /home/adminlsp/appdir/vendor/laravel/framework/src/Illuminate/Cookie/Middleware/AddQueuedCookiesToResponse.php(37): Illuminate\\Routing\\Pipeline->Illuminate\\Routing\\{closure}(Object(Illuminate\\Http\\Request))
#43 /home/adminlsp/appdir/vendor/laravel/framework/src/Illuminate/Pipeline/Pipeline.php(163): Illuminate\\Cookie\\Middleware\\AddQueuedCookiesToResponse->handle(Object(Illuminate\\Http\\Request), Object(Closure))
#44 /home/adminlsp/appdir/vendor/laravel/framework/src/Illuminate/Routing/Pipeline.php(53): Illuminate\\Pipeline\\Pipeline->Illuminate\\Pipeline\\{closure}(Object(Illuminate\\Http\\Request))
#45 /home/adminlsp/appdir/vendor/laravel/framework/src/Illuminate/Cookie/Middleware/EncryptCookies.php(66): Illuminate\\Routing\\Pipeline->Illuminate\\Routing\\{closure}(Object(Illuminate\\Http\\Request))
#46 /home/adminlsp/appdir/vendor/laravel/framework/src/Illuminate/Pipeline/Pipeline.php(163): Illuminate\\Cookie\\Middleware\\EncryptCookies->handle(Object(Illuminate\\Http\\Request), Object(Closure))
#47 /home/adminlsp/appdir/vendor/laravel/framework/src/Illuminate/Routing/Pipeline.php(53): Illuminate\\Pipeline\\Pipeline->Illuminate\\Pipeline\\{closure}(Object(Illuminate\\Http\\Request))
#48 /home/adminlsp/appdir/vendor/laravel/framework/src/Illuminate/Pipeline/Pipeline.php(104): Illuminate\\Routing\\Pipeline->Illuminate\\Routing\\{closure}(Object(Illuminate\\Http\\Request))
#49 /home/adminlsp/appdir/vendor/laravel/framework/src/Illuminate/Routing/Router.php(682): Illuminate\\Pipeline\\Pipeline->then(Object(Closure))
#50 /home/adminlsp/appdir/vendor/laravel/framework/src/Illuminate/Routing/Router.php(657): Illuminate\\Routing\\Router->runRouteWithinStack(Object(Illuminate\\Routing\\Route), Object(Illuminate\\Http\\Request))
#51 /home/adminlsp/appdir/vendor/laravel/framework/src/Illuminate/Routing/Router.php(623): Illuminate\\Routing\\Router->runRoute(Object(Illuminate\\Http\\Request), Object(Illuminate\\Routing\\Route))
#52 /home/adminlsp/appdir/vendor/laravel/framework/src/Illuminate/Routing/Router.php(612): Illuminate\\Routing\\Router->dispatchToRoute(Object(Illuminate\\Http\\Request))
#53 /home/adminlsp/appdir/vendor/laravel/framework/src/Illuminate/Foundation/Http/Kernel.php(176): Illuminate\\Routing\\Router->dispatch(Object(Illuminate\\Http\\Request))
#54 /home/adminlsp/appdir/vendor/laravel/framework/src/Illuminate/Routing/Pipeline.php(30): Illuminate\\Foundation\\Http\\Kernel->Illuminate\\Foundation\\Http\\{closure}(Object(Illuminate\\Http\\Request))
#55 /home/adminlsp/appdir/vendor/fideloper/proxy/src/TrustProxies.php(57): Illuminate\\Routing\\Pipeline->Illuminate\\Routing\\{closure}(Object(Illuminate\\Http\\Request))
#56 /home/adminlsp/appdir/vendor/laravel/framework/src/Illuminate/Pipeline/Pipeline.php(163): Fideloper\\Proxy\\TrustProxies->handle(Object(Illuminate\\Http\\Request), Object(Closure))
#57 /home/adminlsp/appdir/vendor/laravel/framework/src/Illuminate/Routing/Pipeline.php(53): Illuminate\\Pipeline\\Pipeline->Illuminate\\Pipeline\\{closure}(Object(Illuminate\\Http\\Request))
#58 /home/adminlsp/appdir/vendor/laravel/framework/src/Illuminate/Foundation/Http/Middleware/TransformsRequest.php(21): Illuminate\\Routing\\Pipeline->Illuminate\\Routing\\{closure}(Object(Illuminate\\Http\\Request))
#59 /home/adminlsp/appdir/vendor/laravel/framework/src/Illuminate/Pipeline/Pipeline.php(163): Illuminate\\Foundation\\Http\\Middleware\\TransformsRequest->handle(Object(Illuminate\\Http\\Request), Object(Closure))
#60 /home/adminlsp/appdir/vendor/laravel/framework/src/Illuminate/Routing/Pipeline.php(53): Illuminate\\Pipeline\\Pipeline->Illuminate\\Pipeline\\{closure}(Object(Illuminate\\Http\\Request))
#61 /home/adminlsp/appdir/vendor/laravel/framework/src/Illuminate/Foundation/Http/Middleware/TransformsRequest.php(21): Illuminate\\Routing\\Pipeline->Illuminate\\Routing\\{closure}(Object(Illuminate\\Http\\Request))
#62 /home/adminlsp/appdir/vendor/laravel/framework/src/Illuminate/Pipeline/Pipeline.php(163): Illuminate\\Foundation\\Http\\Middleware\\TransformsRequest->handle(Object(Illuminate\\Http\\Request), Object(Closure))
#63 /home/adminlsp/appdir/vendor/laravel/framework/src/Illuminate/Routing/Pipeline.php(53): Illuminate\\Pipeline\\Pipeline->Illuminate\\Pipeline\\{closure}(Object(Illuminate\\Http\\Request))
#64 /home/adminlsp/appdir/vendor/laravel/framework/src/Illuminate/Foundation/Http/Middleware/ValidatePostSize.php(27): Illuminate\\Routing\\Pipeline->Illuminate\\Routing\\{closure}(Object(Illuminate\\Http\\Request))
#65 /home/adminlsp/appdir/vendor/laravel/framework/src/Illuminate/Pipeline/Pipeline.php(163): Illuminate\\Foundation\\Http\\Middleware\\ValidatePostSize->handle(Object(Illuminate\\Http\\Request), Object(Closure))
#66 /home/adminlsp/appdir/vendor/laravel/framework/src/Illuminate/Routing/Pipeline.php(53): Illuminate\\Pipeline\\Pipeline->Illuminate\\Pipeline\\{closure}(Object(Illuminate\\Http\\Request))
#67 /home/adminlsp/appdir/vendor/laravel/framework/src/Illuminate/Foundation/Http/Middleware/CheckForMaintenanceMode.php(62): Illuminate\\Routing\\Pipeline->Illuminate\\Routing\\{closure}(Object(Illuminate\\Http\\Request))
#68 /home/adminlsp/appdir/vendor/laravel/framework/src/Illuminate/Pipeline/Pipeline.php(163): Illuminate\\Foundation\\Http\\Middleware\\CheckForMaintenanceMode->handle(Object(Illuminate\\Http\\Request), Object(Closure))
#69 /home/adminlsp/appdir/vendor/laravel/framework/src/Illuminate/Routing/Pipeline.php(53): Illuminate\\Pipeline\\Pipeline->Illuminate\\Pipeline\\{closure}(Object(Illuminate\\Http\\Request))
#70 /home/adminlsp/appdir/vendor/laravel/framework/src/Illuminate/Pipeline/Pipeline.php(104): Illuminate\\Routing\\Pipeline->Illuminate\\Routing\\{closure}(Object(Illuminate\\Http\\Request))
#71 /home/adminlsp/appdir/vendor/laravel/framework/src/Illuminate/Foundation/Http/Kernel.php(151): Illuminate\\Pipeline\\Pipeline->then(Object(Closure))
#72 /home/adminlsp/appdir/vendor/laravel/framework/src/Illuminate/Foundation/Http/Kernel.php(116): Illuminate\\Foundation\\Http\\Kernel->sendRequestThroughRouter(Object(Illuminate\\Http\\Request))
#73 /home/adminlsp/appdir/public/index.php(55): Illuminate\\Foundation\\Http\\Kernel->handle(Object(Illuminate\\Http\\Request))
#74 /home/adminlsp/appdir/server.php(21): require_once('/home/adminlsp/...')
#75 {main}
"} 
[2021-06-17 03:40:26] local.ERROR: Failed to authenticate on SMTP server with username "lsp@polije.ac.id" using 3 possible authenticators. Authenticator LOGIN returned Expected response code 235 but got code "535", with message "535-5.7.8 Username and Password not accepted. Learn more at
535 5.7.8  https://support.google.com/mail/?p=BadCredentials b123sm3519858pfg.62 - gsmtp
". Authenticator PLAIN returned Expected response code 235 but got code "535", with message "535-5.7.8 Username and Password not accepted. Learn more at
535 5.7.8  https://support.google.com/mail/?p=BadCredentials b123sm3519858pfg.62 - gsmtp
". Authenticator XOAUTH2 returned Expected response code 250 but got code "535", with message "535-5.7.8 Username and Password not accepted. Learn more at
535 5.7.8  https://support.google.com/mail/?p=BadCredentials b123sm3519858pfg.62 - gsmtp
". {"exception":"[object] (Swift_TransportException(code: 0): Failed to authenticate on SMTP server with username \"lsp@polije.ac.id\" using 3 possible authenticators. Authenticator LOGIN returned Expected response code 235 but got code \"535\", with message \"535-5.7.8 Username and Password not accepted. Learn more at
535 5.7.8  https://support.google.com/mail/?p=BadCredentials b123sm3519858pfg.62 - gsmtp
\". Authenticator PLAIN returned Expected response code 235 but got code \"535\", with message \"535-5.7.8 Username and Password not accepted. Learn more at
535 5.7.8  https://support.google.com/mail/?p=BadCredentials b123sm3519858pfg.62 - gsmtp
\". Authenticator XOAUTH2 returned Expected response code 250 but got code \"535\", with message \"535-5.7.8 Username and Password not accepted. Learn more at
535 5.7.8  https://support.google.com/mail/?p=BadCredentials b123sm3519858pfg.62 - gsmtp
\". at /home/adminlsp/appdir/vendor/swiftmailer/swiftmailer/lib/classes/Swift/Transport/Esmtp/AuthHandler.php:191)
[stacktrace]
#0 /home/adminlsp/appdir/vendor/swiftmailer/swiftmailer/lib/classes/Swift/Transport/EsmtpTransport.php(371): Swift_Transport_Esmtp_AuthHandler->afterEhlo(Object(Swift_SmtpTransport))
#1 /home/adminlsp/appdir/vendor/swiftmailer/swiftmailer/lib/classes/Swift/Transport/AbstractSmtpTransport.php(148): Swift_Transport_EsmtpTransport->doHeloCommand()
#2 /home/adminlsp/appdir/vendor/swiftmailer/swiftmailer/lib/classes/Swift/Mailer.php(65): Swift_Transport_AbstractSmtpTransport->start()
#3 /home/adminlsp/appdir/vendor/laravel/framework/src/Illuminate/Mail/Mailer.php(484): Swift_Mailer->send(Object(Swift_Message), Array)
#4 /home/adminlsp/appdir/vendor/laravel/framework/src/Illuminate/Mail/Mailer.php(259): Illuminate\\Mail\\Mailer->sendSwiftMessage(Object(Swift_Message))
#5 /home/adminlsp/appdir/vendor/laravel/framework/src/Illuminate/Mail/Mailable.php(159): Illuminate\\Mail\\Mailer->send('auth.mail', Array, Object(Closure))
#6 /home/adminlsp/appdir/vendor/laravel/framework/src/Illuminate/Support/Traits/Localizable.php(19): Illuminate\\Mail\\Mailable->Illuminate\\Mail\\{closure}()
#7 /home/adminlsp/appdir/vendor/laravel/framework/src/Illuminate/Mail/Mailable.php(160): Illuminate\\Mail\\Mailable->withLocale(NULL, Object(Closure))
#8 /home/adminlsp/appdir/vendor/laravel/framework/src/Illuminate/Mail/Mailer.php(275): Illuminate\\Mail\\Mailable->send(Object(Illuminate\\Mail\\Mailer))
#9 /home/adminlsp/appdir/vendor/laravel/framework/src/Illuminate/Mail/Mailer.php(229): Illuminate\\Mail\\Mailer->sendMailable(Object(App\\Mail\\RegisterMail))
#10 /home/adminlsp/appdir/vendor/laravel/framework/src/Illuminate/Mail/PendingMail.php(127): Illuminate\\Mail\\Mailer->send(Object(App\\Mail\\RegisterMail))
#11 /home/adminlsp/appdir/app/Listeners/RegisteredListener.php(30): Illuminate\\Mail\\PendingMail->send(Object(App\\Mail\\RegisterMail))
#12 [internal function]: App\\Listeners\\RegisteredListener->handle(Object(Illuminate\\Auth\\Events\\Registered))
#13 /home/adminlsp/appdir/vendor/laravel/framework/src/Illuminate/Events/Dispatcher.php(366): call_user_func_array(Array, Array)
#14 /home/adminlsp/appdir/vendor/laravel/framework/src/Illuminate/Events/Dispatcher.php(196): Illuminate\\Events\\Dispatcher->Illuminate\\Events\\{closure}('Illuminate\\\\Auth...', Array)
#15 /home/adminlsp/appdir/vendor/laravel/framework/src/Illuminate/Foundation/helpers.php(482): Illuminate\\Events\\Dispatcher->dispatch('Illuminate\\\\Auth...')
#16 /home/adminlsp/appdir/vendor/laravel/framework/src/Illuminate/Foundation/Auth/RegistersUsers.php(34): event(Object(Illuminate\\Auth\\Events\\Registered))
#17 [internal function]: App\\Http\\Controllers\\Auth\\RegisterController->register(Object(Illuminate\\Http\\Request))
#18 /home/adminlsp/appdir/vendor/laravel/framework/src/Illuminate/Routing/Controller.php(54): call_user_func_array(Array, Array)
#19 /home/adminlsp/appdir/vendor/laravel/framework/src/Illuminate/Routing/ControllerDispatcher.php(45): Illuminate\\Routing\\Controller->callAction('register', Array)
#20 /home/adminlsp/appdir/vendor/laravel/framework/src/Illuminate/Routing/Route.php(219): Illuminate\\Routing\\ControllerDispatcher->dispatch(Object(Illuminate\\Routing\\Route), Object(App\\Http\\Controllers\\Auth\\RegisterController), 'register')
#21 /home/adminlsp/appdir/vendor/laravel/framework/src/Illuminate/Routing/Route.php(176): Illuminate\\Routing\\Route->runController()
#22 /home/adminlsp/appdir/vendor/laravel/framework/src/Illuminate/Routing/Router.php(680): Illuminate\\Routing\\Route->run()
#23 /home/adminlsp/appdir/vendor/laravel/framework/src/Illuminate/Routing/Pipeline.php(30): Illuminate\\Routing\\Router->Illuminate\\Routing\\{closure}(Object(Illuminate\\Http\\Request))
#24 /home/adminlsp/appdir/app/Http/Middleware/RedirectIfAuthenticated.php(24): Illuminate\\Routing\\Pipeline->Illuminate\\Routing\\{closure}(Object(Illuminate\\Http\\Request))
#25 /home/adminlsp/appdir/vendor/laravel/framework/src/Illuminate/Pipeline/Pipeline.php(163): App\\Http\\Middleware\\RedirectIfAuthenticated->handle(Object(Illuminate\\Http\\Request), Object(Closure))
#26 /home/adminlsp/appdir/vendor/laravel/framework/src/Illuminate/Routing/Pipeline.php(53): Illuminate\\Pipeline\\Pipeline->Illuminate\\Pipeline\\{closure}(Object(Illuminate\\Http\\Request))
#27 /home/adminlsp/appdir/vendor/laravel/framework/src/Illuminate/Routing/Middleware/SubstituteBindings.php(41): Illuminate\\Routing\\Pipeline->Illuminate\\Routing\\{closure}(Object(Illuminate\\Http\\Request))
#28 /home/adminlsp/appdir/vendor/laravel/framework/src/Illuminate/Pipeline/Pipeline.php(163): Illuminate\\Routing\\Middleware\\SubstituteBindings->handle(Object(Illuminate\\Http\\Request), Object(Closure))
#29 /home/adminlsp/appdir/vendor/laravel/framework/src/Illuminate/Routing/Pipeline.php(53): Illuminate\\Pipeline\\Pipeline->Illuminate\\Pipeline\\{closure}(Object(Illuminate\\Http\\Request))
#30 /home/adminlsp/appdir/vendor/laravel/framework/src/Illuminate/Foundation/Http/Middleware/VerifyCsrfToken.php(75): Illuminate\\Routing\\Pipeline->Illuminate\\Routing\\{closure}(Object(Illuminate\\Http\\Request))
#31 /home/adminlsp/appdir/vendor/laravel/framework/src/Illuminate/Pipeline/Pipeline.php(163): Illuminate\\Foundation\\Http\\Middleware\\VerifyCsrfToken->handle(Object(Illuminate\\Http\\Request), Object(Closure))
#32 /home/adminlsp/appdir/vendor/laravel/framework/src/Illuminate/Routing/Pipeline.php(53): Illuminate\\Pipeline\\Pipeline->Illuminate\\Pipeline\\{closure}(Object(Illuminate\\Http\\Request))
#33 /home/adminlsp/appdir/vendor/laravel/framework/src/Illuminate/Session/Middleware/AuthenticateSession.php(39): Illuminate\\Routing\\Pipeline->Illuminate\\Routing\\{closure}(Object(Illuminate\\Http\\Request))
#34 /home/adminlsp/appdir/vendor/laravel/framework/src/Illuminate/Pipeline/Pipeline.php(163): Illuminate\\Session\\Middleware\\AuthenticateSession->handle(Object(Illuminate\\Http\\Request), Object(Closure))
#35 /home/adminlsp/appdir/vendor/laravel/framework/src/Illuminate/Routing/Pipeline.php(53): Illuminate\\Pipeline\\Pipeline->Illuminate\\Pipeline\\{closure}(Object(Illuminate\\Http\\Request))
#36 /home/adminlsp/appdir/vendor/laravel/framework/src/Illuminate/View/Middleware/ShareErrorsFromSession.php(49): Illuminate\\Routing\\Pipeline->Illuminate\\Routing\\{closure}(Object(Illuminate\\Http\\Request))
#37 /home/adminlsp/appdir/vendor/laravel/framework/src/Illuminate/Pipeline/Pipeline.php(163): Illuminate\\View\\Middleware\\ShareErrorsFromSession->handle(Object(Illuminate\\Http\\Request), Object(Closure))
#38 /home/adminlsp/appdir/vendor/laravel/framework/src/Illuminate/Routing/Pipeline.php(53): Illuminate\\Pipeline\\Pipeline->Illuminate\\Pipeline\\{closure}(Object(Illuminate\\Http\\Request))
#39 /home/adminlsp/appdir/vendor/laravel/framework/src/Illuminate/Session/Middleware/StartSession.php(56): Illuminate\\Routing\\Pipeline->Illuminate\\Routing\\{closure}(Object(Illuminate\\Http\\Request))
#40 /home/adminlsp/appdir/vendor/laravel/framework/src/Illuminate/Pipeline/Pipeline.php(163): Illuminate\\Session\\Middleware\\StartSession->handle(Object(Illuminate\\Http\\Request), Object(Closure))
#41 /home/adminlsp/appdir/vendor/laravel/framework/src/Illuminate/Routing/Pipeline.php(53): Illuminate\\Pipeline\\Pipeline->Illuminate\\Pipeline\\{closure}(Object(Illuminate\\Http\\Request))
#42 /home/adminlsp/appdir/vendor/laravel/framework/src/Illuminate/Cookie/Middleware/AddQueuedCookiesToResponse.php(37): Illuminate\\Routing\\Pipeline->Illuminate\\Routing\\{closure}(Object(Illuminate\\Http\\Request))
#43 /home/adminlsp/appdir/vendor/laravel/framework/src/Illuminate/Pipeline/Pipeline.php(163): Illuminate\\Cookie\\Middleware\\AddQueuedCookiesToResponse->handle(Object(Illuminate\\Http\\Request), Object(Closure))
#44 /home/adminlsp/appdir/vendor/laravel/framework/src/Illuminate/Routing/Pipeline.php(53): Illuminate\\Pipeline\\Pipeline->Illuminate\\Pipeline\\{closure}(Object(Illuminate\\Http\\Request))
#45 /home/adminlsp/appdir/vendor/laravel/framework/src/Illuminate/Cookie/Middleware/EncryptCookies.php(66): Illuminate\\Routing\\Pipeline->Illuminate\\Routing\\{closure}(Object(Illuminate\\Http\\Request))
#46 /home/adminlsp/appdir/vendor/laravel/framework/src/Illuminate/Pipeline/Pipeline.php(163): Illuminate\\Cookie\\Middleware\\EncryptCookies->handle(Object(Illuminate\\Http\\Request), Object(Closure))
#47 /home/adminlsp/appdir/vendor/laravel/framework/src/Illuminate/Routing/Pipeline.php(53): Illuminate\\Pipeline\\Pipeline->Illuminate\\Pipeline\\{closure}(Object(Illuminate\\Http\\Request))
#48 /home/adminlsp/appdir/vendor/laravel/framework/src/Illuminate/Pipeline/Pipeline.php(104): Illuminate\\Routing\\Pipeline->Illuminate\\Routing\\{closure}(Object(Illuminate\\Http\\Request))
#49 /home/adminlsp/appdir/vendor/laravel/framework/src/Illuminate/Routing/Router.php(682): Illuminate\\Pipeline\\Pipeline->then(Object(Closure))
#50 /home/adminlsp/appdir/vendor/laravel/framework/src/Illuminate/Routing/Router.php(657): Illuminate\\Routing\\Router->runRouteWithinStack(Object(Illuminate\\Routing\\Route), Object(Illuminate\\Http\\Request))
#51 /home/adminlsp/appdir/vendor/laravel/framework/src/Illuminate/Routing/Router.php(623): Illuminate\\Routing\\Router->runRoute(Object(Illuminate\\Http\\Request), Object(Illuminate\\Routing\\Route))
#52 /home/adminlsp/appdir/vendor/laravel/framework/src/Illuminate/Routing/Router.php(612): Illuminate\\Routing\\Router->dispatchToRoute(Object(Illuminate\\Http\\Request))
#53 /home/adminlsp/appdir/vendor/laravel/framework/src/Illuminate/Foundation/Http/Kernel.php(176): Illuminate\\Routing\\Router->dispatch(Object(Illuminate\\Http\\Request))
#54 /home/adminlsp/appdir/vendor/laravel/framework/src/Illuminate/Routing/Pipeline.php(30): Illuminate\\Foundation\\Http\\Kernel->Illuminate\\Foundation\\Http\\{closure}(Object(Illuminate\\Http\\Request))
#55 /home/adminlsp/appdir/vendor/fideloper/proxy/src/TrustProxies.php(57): Illuminate\\Routing\\Pipeline->Illuminate\\Routing\\{closure}(Object(Illuminate\\Http\\Request))
#56 /home/adminlsp/appdir/vendor/laravel/framework/src/Illuminate/Pipeline/Pipeline.php(163): Fideloper\\Proxy\\TrustProxies->handle(Object(Illuminate\\Http\\Request), Object(Closure))
#57 /home/adminlsp/appdir/vendor/laravel/framework/src/Illuminate/Routing/Pipeline.php(53): Illuminate\\Pipeline\\Pipeline->Illuminate\\Pipeline\\{closure}(Object(Illuminate\\Http\\Request))
#58 /home/adminlsp/appdir/vendor/laravel/framework/src/Illuminate/Foundation/Http/Middleware/TransformsRequest.php(21): Illuminate\\Routing\\Pipeline->Illuminate\\Routing\\{closure}(Object(Illuminate\\Http\\Request))
#59 /home/adminlsp/appdir/vendor/laravel/framework/src/Illuminate/Pipeline/Pipeline.php(163): Illuminate\\Foundation\\Http\\Middleware\\TransformsRequest->handle(Object(Illuminate\\Http\\Request), Object(Closure))
#60 /home/adminlsp/appdir/vendor/laravel/framework/src/Illuminate/Routing/Pipeline.php(53): Illuminate\\Pipeline\\Pipeline->Illuminate\\Pipeline\\{closure}(Object(Illuminate\\Http\\Request))
#61 /home/adminlsp/appdir/vendor/laravel/framework/src/Illuminate/Foundation/Http/Middleware/TransformsRequest.php(21): Illuminate\\Routing\\Pipeline->Illuminate\\Routing\\{closure}(Object(Illuminate\\Http\\Request))
#62 /home/adminlsp/appdir/vendor/laravel/framework/src/Illuminate/Pipeline/Pipeline.php(163): Illuminate\\Foundation\\Http\\Middleware\\TransformsRequest->handle(Object(Illuminate\\Http\\Request), Object(Closure))
#63 /home/adminlsp/appdir/vendor/laravel/framework/src/Illuminate/Routing/Pipeline.php(53): Illuminate\\Pipeline\\Pipeline->Illuminate\\Pipeline\\{closure}(Object(Illuminate\\Http\\Request))
#64 /home/adminlsp/appdir/vendor/laravel/framework/src/Illuminate/Foundation/Http/Middleware/ValidatePostSize.php(27): Illuminate\\Routing\\Pipeline->Illuminate\\Routing\\{closure}(Object(Illuminate\\Http\\Request))
#65 /home/adminlsp/appdir/vendor/laravel/framework/src/Illuminate/Pipeline/Pipeline.php(163): Illuminate\\Foundation\\Http\\Middleware\\ValidatePostSize->handle(Object(Illuminate\\Http\\Request), Object(Closure))
#66 /home/adminlsp/appdir/vendor/laravel/framework/src/Illuminate/Routing/Pipeline.php(53): Illuminate\\Pipeline\\Pipeline->Illuminate\\Pipeline\\{closure}(Object(Illuminate\\Http\\Request))
#67 /home/adminlsp/appdir/vendor/laravel/framework/src/Illuminate/Foundation/Http/Middleware/CheckForMaintenanceMode.php(62): Illuminate\\Routing\\Pipeline->Illuminate\\Routing\\{closure}(Object(Illuminate\\Http\\Request))
#68 /home/adminlsp/appdir/vendor/laravel/framework/src/Illuminate/Pipeline/Pipeline.php(163): Illuminate\\Foundation\\Http\\Middleware\\CheckForMaintenanceMode->handle(Object(Illuminate\\Http\\Request), Object(Closure))
#69 /home/adminlsp/appdir/vendor/laravel/framework/src/Illuminate/Routing/Pipeline.php(53): Illuminate\\Pipeline\\Pipeline->Illuminate\\Pipeline\\{closure}(Object(Illuminate\\Http\\Request))
#70 /home/adminlsp/appdir/vendor/laravel/framework/src/Illuminate/Pipeline/Pipeline.php(104): Illuminate\\Routing\\Pipeline->Illuminate\\Routing\\{closure}(Object(Illuminate\\Http\\Request))
#71 /home/adminlsp/appdir/vendor/laravel/framework/src/Illuminate/Foundation/Http/Kernel.php(151): Illuminate\\Pipeline\\Pipeline->then(Object(Closure))
#72 /home/adminlsp/appdir/vendor/laravel/framework/src/Illuminate/Foundation/Http/Kernel.php(116): Illuminate\\Foundation\\Http\\Kernel->sendRequestThroughRouter(Object(Illuminate\\Http\\Request))
#73 /home/adminlsp/appdir/public/index.php(55): Illuminate\\Foundation\\Http\\Kernel->handle(Object(Illuminate\\Http\\Request))
#74 /home/adminlsp/appdir/server.php(21): require_once('/home/adminlsp/...')
#75 {main}
"} 
[2021-06-17 03:45:48] local.ERROR: Failed to authenticate on SMTP server with username "lsp@polije.ac.id" using 3 possible authenticators. Authenticator LOGIN returned Expected response code 235 but got code "535", with message "535-5.7.8 Username and Password not accepted. Learn more at
535 5.7.8  https://support.google.com/mail/?p=BadCredentials 12sm427959pgq.3 - gsmtp
". Authenticator PLAIN returned Expected response code 235 but got code "535", with message "535-5.7.8 Username and Password not accepted. Learn more at
535 5.7.8  https://support.google.com/mail/?p=BadCredentials 12sm427959pgq.3 - gsmtp
". Authenticator XOAUTH2 returned Expected response code 250 but got code "535", with message "535-5.7.8 Username and Password not accepted. Learn more at
535 5.7.8  https://support.google.com/mail/?p=BadCredentials 12sm427959pgq.3 - gsmtp
". {"exception":"[object] (Swift_TransportException(code: 0): Failed to authenticate on SMTP server with username \"lsp@polije.ac.id\" using 3 possible authenticators. Authenticator LOGIN returned Expected response code 235 but got code \"535\", with message \"535-5.7.8 Username and Password not accepted. Learn more at
535 5.7.8  https://support.google.com/mail/?p=BadCredentials 12sm427959pgq.3 - gsmtp
\". Authenticator PLAIN returned Expected response code 235 but got code \"535\", with message \"535-5.7.8 Username and Password not accepted. Learn more at
535 5.7.8  https://support.google.com/mail/?p=BadCredentials 12sm427959pgq.3 - gsmtp
\". Authenticator XOAUTH2 returned Expected response code 250 but got code \"535\", with message \"535-5.7.8 Username and Password not accepted. Learn more at
535 5.7.8  https://support.google.com/mail/?p=BadCredentials 12sm427959pgq.3 - gsmtp
\". at /home/adminlsp/appdir/vendor/swiftmailer/swiftmailer/lib/classes/Swift/Transport/Esmtp/AuthHandler.php:191)
[stacktrace]
#0 /home/adminlsp/appdir/vendor/swiftmailer/swiftmailer/lib/classes/Swift/Transport/EsmtpTransport.php(371): Swift_Transport_Esmtp_AuthHandler->afterEhlo(Object(Swift_SmtpTransport))
#1 /home/adminlsp/appdir/vendor/swiftmailer/swiftmailer/lib/classes/Swift/Transport/AbstractSmtpTransport.php(148): Swift_Transport_EsmtpTransport->doHeloCommand()
#2 /home/adminlsp/appdir/vendor/swiftmailer/swiftmailer/lib/classes/Swift/Mailer.php(65): Swift_Transport_AbstractSmtpTransport->start()
#3 /home/adminlsp/appdir/vendor/laravel/framework/src/Illuminate/Mail/Mailer.php(484): Swift_Mailer->send(Object(Swift_Message), Array)
#4 /home/adminlsp/appdir/vendor/laravel/framework/src/Illuminate/Mail/Mailer.php(259): Illuminate\\Mail\\Mailer->sendSwiftMessage(Object(Swift_Message))
#5 /home/adminlsp/appdir/vendor/laravel/framework/src/Illuminate/Mail/Mailable.php(159): Illuminate\\Mail\\Mailer->send('auth.mail', Array, Object(Closure))
#6 /home/adminlsp/appdir/vendor/laravel/framework/src/Illuminate/Support/Traits/Localizable.php(19): Illuminate\\Mail\\Mailable->Illuminate\\Mail\\{closure}()
#7 /home/adminlsp/appdir/vendor/laravel/framework/src/Illuminate/Mail/Mailable.php(160): Illuminate\\Mail\\Mailable->withLocale(NULL, Object(Closure))
#8 /home/adminlsp/appdir/vendor/laravel/framework/src/Illuminate/Mail/Mailer.php(275): Illuminate\\Mail\\Mailable->send(Object(Illuminate\\Mail\\Mailer))
#9 /home/adminlsp/appdir/vendor/laravel/framework/src/Illuminate/Mail/Mailer.php(229): Illuminate\\Mail\\Mailer->sendMailable(Object(App\\Mail\\RegisterMail))
#10 /home/adminlsp/appdir/vendor/laravel/framework/src/Illuminate/Mail/PendingMail.php(127): Illuminate\\Mail\\Mailer->send(Object(App\\Mail\\RegisterMail))
#11 /home/adminlsp/appdir/app/Listeners/RegisteredListener.php(30): Illuminate\\Mail\\PendingMail->send(Object(App\\Mail\\RegisterMail))
#12 [internal function]: App\\Listeners\\RegisteredListener->handle(Object(Illuminate\\Auth\\Events\\Registered))
#13 /home/adminlsp/appdir/vendor/laravel/framework/src/Illuminate/Events/Dispatcher.php(366): call_user_func_array(Array, Array)
#14 /home/adminlsp/appdir/vendor/laravel/framework/src/Illuminate/Events/Dispatcher.php(196): Illuminate\\Events\\Dispatcher->Illuminate\\Events\\{closure}('Illuminate\\\\Auth...', Array)
#15 /home/adminlsp/appdir/vendor/laravel/framework/src/Illuminate/Foundation/helpers.php(482): Illuminate\\Events\\Dispatcher->dispatch('Illuminate\\\\Auth...')
#16 /home/adminlsp/appdir/vendor/laravel/framework/src/Illuminate/Foundation/Auth/RegistersUsers.php(34): event(Object(Illuminate\\Auth\\Events\\Registered))
#17 [internal function]: App\\Http\\Controllers\\Auth\\RegisterController->register(Object(Illuminate\\Http\\Request))
#18 /home/adminlsp/appdir/vendor/laravel/framework/src/Illuminate/Routing/Controller.php(54): call_user_func_array(Array, Array)
#19 /home/adminlsp/appdir/vendor/laravel/framework/src/Illuminate/Routing/ControllerDispatcher.php(45): Illuminate\\Routing\\Controller->callAction('register', Array)
#20 /home/adminlsp/appdir/vendor/laravel/framework/src/Illuminate/Routing/Route.php(219): Illuminate\\Routing\\ControllerDispatcher->dispatch(Object(Illuminate\\Routing\\Route), Object(App\\Http\\Controllers\\Auth\\RegisterController), 'register')
#21 /home/adminlsp/appdir/vendor/laravel/framework/src/Illuminate/Routing/Route.php(176): Illuminate\\Routing\\Route->runController()
#22 /home/adminlsp/appdir/vendor/laravel/framework/src/Illuminate/Routing/Router.php(680): Illuminate\\Routing\\Route->run()
#23 /home/adminlsp/appdir/vendor/laravel/framework/src/Illuminate/Routing/Pipeline.php(30): Illuminate\\Routing\\Router->Illuminate\\Routing\\{closure}(Object(Illuminate\\Http\\Request))
#24 /home/adminlsp/appdir/app/Http/Middleware/RedirectIfAuthenticated.php(24): Illuminate\\Routing\\Pipeline->Illuminate\\Routing\\{closure}(Object(Illuminate\\Http\\Request))
#25 /home/adminlsp/appdir/vendor/laravel/framework/src/Illuminate/Pipeline/Pipeline.php(163): App\\Http\\Middleware\\RedirectIfAuthenticated->handle(Object(Illuminate\\Http\\Request), Object(Closure))
#26 /home/adminlsp/appdir/vendor/laravel/framework/src/Illuminate/Routing/Pipeline.php(53): Illuminate\\Pipeline\\Pipeline->Illuminate\\Pipeline\\{closure}(Object(Illuminate\\Http\\Request))
#27 /home/adminlsp/appdir/vendor/laravel/framework/src/Illuminate/Routing/Middleware/SubstituteBindings.php(41): Illuminate\\Routing\\Pipeline->Illuminate\\Routing\\{closure}(Object(Illuminate\\Http\\Request))
#28 /home/adminlsp/appdir/vendor/laravel/framework/src/Illuminate/Pipeline/Pipeline.php(163): Illuminate\\Routing\\Middleware\\SubstituteBindings->handle(Object(Illuminate\\Http\\Request), Object(Closure))
#29 /home/adminlsp/appdir/vendor/laravel/framework/src/Illuminate/Routing/Pipeline.php(53): Illuminate\\Pipeline\\Pipeline->Illuminate\\Pipeline\\{closure}(Object(Illuminate\\Http\\Request))
#30 /home/adminlsp/appdir/vendor/laravel/framework/src/Illuminate/Foundation/Http/Middleware/VerifyCsrfToken.php(75): Illuminate\\Routing\\Pipeline->Illuminate\\Routing\\{closure}(Object(Illuminate\\Http\\Request))
#31 /home/adminlsp/appdir/vendor/laravel/framework/src/Illuminate/Pipeline/Pipeline.php(163): Illuminate\\Foundation\\Http\\Middleware\\VerifyCsrfToken->handle(Object(Illuminate\\Http\\Request), Object(Closure))
#32 /home/adminlsp/appdir/vendor/laravel/framework/src/Illuminate/Routing/Pipeline.php(53): Illuminate\\Pipeline\\Pipeline->Illuminate\\Pipeline\\{closure}(Object(Illuminate\\Http\\Request))
#33 /home/adminlsp/appdir/vendor/laravel/framework/src/Illuminate/Session/Middleware/AuthenticateSession.php(39): Illuminate\\Routing\\Pipeline->Illuminate\\Routing\\{closure}(Object(Illuminate\\Http\\Request))
#34 /home/adminlsp/appdir/vendor/laravel/framework/src/Illuminate/Pipeline/Pipeline.php(163): Illuminate\\Session\\Middleware\\AuthenticateSession->handle(Object(Illuminate\\Http\\Request), Object(Closure))
#35 /home/adminlsp/appdir/vendor/laravel/framework/src/Illuminate/Routing/Pipeline.php(53): Illuminate\\Pipeline\\Pipeline->Illuminate\\Pipeline\\{closure}(Object(Illuminate\\Http\\Request))
#36 /home/adminlsp/appdir/vendor/laravel/framework/src/Illuminate/View/Middleware/ShareErrorsFromSession.php(49): Illuminate\\Routing\\Pipeline->Illuminate\\Routing\\{closure}(Object(Illuminate\\Http\\Request))
#37 /home/adminlsp/appdir/vendor/laravel/framework/src/Illuminate/Pipeline/Pipeline.php(163): Illuminate\\View\\Middleware\\ShareErrorsFromSession->handle(Object(Illuminate\\Http\\Request), Object(Closure))
#38 /home/adminlsp/appdir/vendor/laravel/framework/src/Illuminate/Routing/Pipeline.php(53): Illuminate\\Pipeline\\Pipeline->Illuminate\\Pipeline\\{closure}(Object(Illuminate\\Http\\Request))
#39 /home/adminlsp/appdir/vendor/laravel/framework/src/Illuminate/Session/Middleware/StartSession.php(56): Illuminate\\Routing\\Pipeline->Illuminate\\Routing\\{closure}(Object(Illuminate\\Http\\Request))
#40 /home/adminlsp/appdir/vendor/laravel/framework/src/Illuminate/Pipeline/Pipeline.php(163): Illuminate\\Session\\Middleware\\StartSession->handle(Object(Illuminate\\Http\\Request), Object(Closure))
#41 /home/adminlsp/appdir/vendor/laravel/framework/src/Illuminate/Routing/Pipeline.php(53): Illuminate\\Pipeline\\Pipeline->Illuminate\\Pipeline\\{closure}(Object(Illuminate\\Http\\Request))
#42 /home/adminlsp/appdir/vendor/laravel/framework/src/Illuminate/Cookie/Middleware/AddQueuedCookiesToResponse.php(37): Illuminate\\Routing\\Pipeline->Illuminate\\Routing\\{closure}(Object(Illuminate\\Http\\Request))
#43 /home/adminlsp/appdir/vendor/laravel/framework/src/Illuminate/Pipeline/Pipeline.php(163): Illuminate\\Cookie\\Middleware\\AddQueuedCookiesToResponse->handle(Object(Illuminate\\Http\\Request), Object(Closure))
#44 /home/adminlsp/appdir/vendor/laravel/framework/src/Illuminate/Routing/Pipeline.php(53): Illuminate\\Pipeline\\Pipeline->Illuminate\\Pipeline\\{closure}(Object(Illuminate\\Http\\Request))
#45 /home/adminlsp/appdir/vendor/laravel/framework/src/Illuminate/Cookie/Middleware/EncryptCookies.php(66): Illuminate\\Routing\\Pipeline->Illuminate\\Routing\\{closure}(Object(Illuminate\\Http\\Request))
#46 /home/adminlsp/appdir/vendor/laravel/framework/src/Illuminate/Pipeline/Pipeline.php(163): Illuminate\\Cookie\\Middleware\\EncryptCookies->handle(Object(Illuminate\\Http\\Request), Object(Closure))
#47 /home/adminlsp/appdir/vendor/laravel/framework/src/Illuminate/Routing/Pipeline.php(53): Illuminate\\Pipeline\\Pipeline->Illuminate\\Pipeline\\{closure}(Object(Illuminate\\Http\\Request))
#48 /home/adminlsp/appdir/vendor/laravel/framework/src/Illuminate/Pipeline/Pipeline.php(104): Illuminate\\Routing\\Pipeline->Illuminate\\Routing\\{closure}(Object(Illuminate\\Http\\Request))
#49 /home/adminlsp/appdir/vendor/laravel/framework/src/Illuminate/Routing/Router.php(682): Illuminate\\Pipeline\\Pipeline->then(Object(Closure))
#50 /home/adminlsp/appdir/vendor/laravel/framework/src/Illuminate/Routing/Router.php(657): Illuminate\\Routing\\Router->runRouteWithinStack(Object(Illuminate\\Routing\\Route), Object(Illuminate\\Http\\Request))
#51 /home/adminlsp/appdir/vendor/laravel/framework/src/Illuminate/Routing/Router.php(623): Illuminate\\Routing\\Router->runRoute(Object(Illuminate\\Http\\Request), Object(Illuminate\\Routing\\Route))
#52 /home/adminlsp/appdir/vendor/laravel/framework/src/Illuminate/Routing/Router.php(612): Illuminate\\Routing\\Router->dispatchToRoute(Object(Illuminate\\Http\\Request))
#53 /home/adminlsp/appdir/vendor/laravel/framework/src/Illuminate/Foundation/Http/Kernel.php(176): Illuminate\\Routing\\Router->dispatch(Object(Illuminate\\Http\\Request))
#54 /home/adminlsp/appdir/vendor/laravel/framework/src/Illuminate/Routing/Pipeline.php(30): Illuminate\\Foundation\\Http\\Kernel->Illuminate\\Foundation\\Http\\{closure}(Object(Illuminate\\Http\\Request))
#55 /home/adminlsp/appdir/vendor/fideloper/proxy/src/TrustProxies.php(57): Illuminate\\Routing\\Pipeline->Illuminate\\Routing\\{closure}(Object(Illuminate\\Http\\Request))
#56 /home/adminlsp/appdir/vendor/laravel/framework/src/Illuminate/Pipeline/Pipeline.php(163): Fideloper\\Proxy\\TrustProxies->handle(Object(Illuminate\\Http\\Request), Object(Closure))
#57 /home/adminlsp/appdir/vendor/laravel/framework/src/Illuminate/Routing/Pipeline.php(53): Illuminate\\Pipeline\\Pipeline->Illuminate\\Pipeline\\{closure}(Object(Illuminate\\Http\\Request))
#58 /home/adminlsp/appdir/vendor/laravel/framework/src/Illuminate/Foundation/Http/Middleware/TransformsRequest.php(21): Illuminate\\Routing\\Pipeline->Illuminate\\Routing\\{closure}(Object(Illuminate\\Http\\Request))
#59 /home/adminlsp/appdir/vendor/laravel/framework/src/Illuminate/Pipeline/Pipeline.php(163): Illuminate\\Foundation\\Http\\Middleware\\TransformsRequest->handle(Object(Illuminate\\Http\\Request), Object(Closure))
#60 /home/adminlsp/appdir/vendor/laravel/framework/src/Illuminate/Routing/Pipeline.php(53): Illuminate\\Pipeline\\Pipeline->Illuminate\\Pipeline\\{closure}(Object(Illuminate\\Http\\Request))
#61 /home/adminlsp/appdir/vendor/laravel/framework/src/Illuminate/Foundation/Http/Middleware/TransformsRequest.php(21): Illuminate\\Routing\\Pipeline->Illuminate\\Routing\\{closure}(Object(Illuminate\\Http\\Request))
#62 /home/adminlsp/appdir/vendor/laravel/framework/src/Illuminate/Pipeline/Pipeline.php(163): Illuminate\\Foundation\\Http\\Middleware\\TransformsRequest->handle(Object(Illuminate\\Http\\Request), Object(Closure))
#63 /home/adminlsp/appdir/vendor/laravel/framework/src/Illuminate/Routing/Pipeline.php(53): Illuminate\\Pipeline\\Pipeline->Illuminate\\Pipeline\\{closure}(Object(Illuminate\\Http\\Request))
#64 /home/adminlsp/appdir/vendor/laravel/framework/src/Illuminate/Foundation/Http/Middleware/ValidatePostSize.php(27): Illuminate\\Routing\\Pipeline->Illuminate\\Routing\\{closure}(Object(Illuminate\\Http\\Request))
#65 /home/adminlsp/appdir/vendor/laravel/framework/src/Illuminate/Pipeline/Pipeline.php(163): Illuminate\\Foundation\\Http\\Middleware\\ValidatePostSize->handle(Object(Illuminate\\Http\\Request), Object(Closure))
#66 /home/adminlsp/appdir/vendor/laravel/framework/src/Illuminate/Routing/Pipeline.php(53): Illuminate\\Pipeline\\Pipeline->Illuminate\\Pipeline\\{closure}(Object(Illuminate\\Http\\Request))
#67 /home/adminlsp/appdir/vendor/laravel/framework/src/Illuminate/Foundation/Http/Middleware/CheckForMaintenanceMode.php(62): Illuminate\\Routing\\Pipeline->Illuminate\\Routing\\{closure}(Object(Illuminate\\Http\\Request))
#68 /home/adminlsp/appdir/vendor/laravel/framework/src/Illuminate/Pipeline/Pipeline.php(163): Illuminate\\Foundation\\Http\\Middleware\\CheckForMaintenanceMode->handle(Object(Illuminate\\Http\\Request), Object(Closure))
#69 /home/adminlsp/appdir/vendor/laravel/framework/src/Illuminate/Routing/Pipeline.php(53): Illuminate\\Pipeline\\Pipeline->Illuminate\\Pipeline\\{closure}(Object(Illuminate\\Http\\Request))
#70 /home/adminlsp/appdir/vendor/laravel/framework/src/Illuminate/Pipeline/Pipeline.php(104): Illuminate\\Routing\\Pipeline->Illuminate\\Routing\\{closure}(Object(Illuminate\\Http\\Request))
#71 /home/adminlsp/appdir/vendor/laravel/framework/src/Illuminate/Foundation/Http/Kernel.php(151): Illuminate\\Pipeline\\Pipeline->then(Object(Closure))
#72 /home/adminlsp/appdir/vendor/laravel/framework/src/Illuminate/Foundation/Http/Kernel.php(116): Illuminate\\Foundation\\Http\\Kernel->sendRequestThroughRouter(Object(Illuminate\\Http\\Request))
#73 /home/adminlsp/appdir/public/index.php(55): Illuminate\\Foundation\\Http\\Kernel->handle(Object(Illuminate\\Http\\Request))
#74 /home/adminlsp/appdir/server.php(21): require_once('/home/adminlsp/...')
#75 {main}
"} 
[2021-06-17 03:45:57] local.ERROR: Failed to authenticate on SMTP server with username "lsp@polije.ac.id" using 3 possible authenticators. Authenticator LOGIN returned Expected response code 235 but got code "535", with message "535-5.7.8 Username and Password not accepted. Learn more at
535 5.7.8  https://support.google.com/mail/?p=BadCredentials o133sm3559567pfd.49 - gsmtp
". Authenticator PLAIN returned Expected response code 235 but got code "535", with message "535-5.7.8 Username and Password not accepted. Learn more at
535 5.7.8  https://support.google.com/mail/?p=BadCredentials o133sm3559567pfd.49 - gsmtp
". Authenticator XOAUTH2 returned Expected response code 250 but got code "535", with message "535-5.7.8 Username and Password not accepted. Learn more at
535 5.7.8  https://support.google.com/mail/?p=BadCredentials o133sm3559567pfd.49 - gsmtp
". {"exception":"[object] (Swift_TransportException(code: 0): Failed to authenticate on SMTP server with username \"lsp@polije.ac.id\" using 3 possible authenticators. Authenticator LOGIN returned Expected response code 235 but got code \"535\", with message \"535-5.7.8 Username and Password not accepted. Learn more at
535 5.7.8  https://support.google.com/mail/?p=BadCredentials o133sm3559567pfd.49 - gsmtp
\". Authenticator PLAIN returned Expected response code 235 but got code \"535\", with message \"535-5.7.8 Username and Password not accepted. Learn more at
535 5.7.8  https://support.google.com/mail/?p=BadCredentials o133sm3559567pfd.49 - gsmtp
\". Authenticator XOAUTH2 returned Expected response code 250 but got code \"535\", with message \"535-5.7.8 Username and Password not accepted. Learn more at
535 5.7.8  https://support.google.com/mail/?p=BadCredentials o133sm3559567pfd.49 - gsmtp
\". at /home/adminlsp/appdir/vendor/swiftmailer/swiftmailer/lib/classes/Swift/Transport/Esmtp/AuthHandler.php:191)
[stacktrace]
#0 /home/adminlsp/appdir/vendor/swiftmailer/swiftmailer/lib/classes/Swift/Transport/EsmtpTransport.php(371): Swift_Transport_Esmtp_AuthHandler->afterEhlo(Object(Swift_SmtpTransport))
#1 /home/adminlsp/appdir/vendor/swiftmailer/swiftmailer/lib/classes/Swift/Transport/AbstractSmtpTransport.php(148): Swift_Transport_EsmtpTransport->doHeloCommand()
#2 /home/adminlsp/appdir/vendor/swiftmailer/swiftmailer/lib/classes/Swift/Mailer.php(65): Swift_Transport_AbstractSmtpTransport->start()
#3 /home/adminlsp/appdir/vendor/laravel/framework/src/Illuminate/Mail/Mailer.php(484): Swift_Mailer->send(Object(Swift_Message), Array)
#4 /home/adminlsp/appdir/vendor/laravel/framework/src/Illuminate/Mail/Mailer.php(259): Illuminate\\Mail\\Mailer->sendSwiftMessage(Object(Swift_Message))
#5 /home/adminlsp/appdir/vendor/laravel/framework/src/Illuminate/Mail/Mailable.php(159): Illuminate\\Mail\\Mailer->send('auth.mail', Array, Object(Closure))
#6 /home/adminlsp/appdir/vendor/laravel/framework/src/Illuminate/Support/Traits/Localizable.php(19): Illuminate\\Mail\\Mailable->Illuminate\\Mail\\{closure}()
#7 /home/adminlsp/appdir/vendor/laravel/framework/src/Illuminate/Mail/Mailable.php(160): Illuminate\\Mail\\Mailable->withLocale(NULL, Object(Closure))
#8 /home/adminlsp/appdir/vendor/laravel/framework/src/Illuminate/Mail/Mailer.php(275): Illuminate\\Mail\\Mailable->send(Object(Illuminate\\Mail\\Mailer))
#9 /home/adminlsp/appdir/vendor/laravel/framework/src/Illuminate/Mail/Mailer.php(229): Illuminate\\Mail\\Mailer->sendMailable(Object(App\\Mail\\RegisterMail))
#10 /home/adminlsp/appdir/vendor/laravel/framework/src/Illuminate/Mail/PendingMail.php(127): Illuminate\\Mail\\Mailer->send(Object(App\\Mail\\RegisterMail))
#11 /home/adminlsp/appdir/app/Listeners/RegisteredListener.php(30): Illuminate\\Mail\\PendingMail->send(Object(App\\Mail\\RegisterMail))
#12 [internal function]: App\\Listeners\\RegisteredListener->handle(Object(Illuminate\\Auth\\Events\\Registered))
#13 /home/adminlsp/appdir/vendor/laravel/framework/src/Illuminate/Events/Dispatcher.php(366): call_user_func_array(Array, Array)
#14 /home/adminlsp/appdir/vendor/laravel/framework/src/Illuminate/Events/Dispatcher.php(196): Illuminate\\Events\\Dispatcher->Illuminate\\Events\\{closure}('Illuminate\\\\Auth...', Array)
#15 /home/adminlsp/appdir/vendor/laravel/framework/src/Illuminate/Foundation/helpers.php(482): Illuminate\\Events\\Dispatcher->dispatch('Illuminate\\\\Auth...')
#16 /home/adminlsp/appdir/vendor/laravel/framework/src/Illuminate/Foundation/Auth/RegistersUsers.php(34): event(Object(Illuminate\\Auth\\Events\\Registered))
#17 [internal function]: App\\Http\\Controllers\\Auth\\RegisterController->register(Object(Illuminate\\Http\\Request))
#18 /home/adminlsp/appdir/vendor/laravel/framework/src/Illuminate/Routing/Controller.php(54): call_user_func_array(Array, Array)
#19 /home/adminlsp/appdir/vendor/laravel/framework/src/Illuminate/Routing/ControllerDispatcher.php(45): Illuminate\\Routing\\Controller->callAction('register', Array)
#20 /home/adminlsp/appdir/vendor/laravel/framework/src/Illuminate/Routing/Route.php(219): Illuminate\\Routing\\ControllerDispatcher->dispatch(Object(Illuminate\\Routing\\Route), Object(App\\Http\\Controllers\\Auth\\RegisterController), 'register')
#21 /home/adminlsp/appdir/vendor/laravel/framework/src/Illuminate/Routing/Route.php(176): Illuminate\\Routing\\Route->runController()
#22 /home/adminlsp/appdir/vendor/laravel/framework/src/Illuminate/Routing/Router.php(680): Illuminate\\Routing\\Route->run()
#23 /home/adminlsp/appdir/vendor/laravel/framework/src/Illuminate/Routing/Pipeline.php(30): Illuminate\\Routing\\Router->Illuminate\\Routing\\{closure}(Object(Illuminate\\Http\\Request))
#24 /home/adminlsp/appdir/app/Http/Middleware/RedirectIfAuthenticated.php(24): Illuminate\\Routing\\Pipeline->Illuminate\\Routing\\{closure}(Object(Illuminate\\Http\\Request))
#25 /home/adminlsp/appdir/vendor/laravel/framework/src/Illuminate/Pipeline/Pipeline.php(163): App\\Http\\Middleware\\RedirectIfAuthenticated->handle(Object(Illuminate\\Http\\Request), Object(Closure))
#26 /home/adminlsp/appdir/vendor/laravel/framework/src/Illuminate/Routing/Pipeline.php(53): Illuminate\\Pipeline\\Pipeline->Illuminate\\Pipeline\\{closure}(Object(Illuminate\\Http\\Request))
#27 /home/adminlsp/appdir/vendor/laravel/framework/src/Illuminate/Routing/Middleware/SubstituteBindings.php(41): Illuminate\\Routing\\Pipeline->Illuminate\\Routing\\{closure}(Object(Illuminate\\Http\\Request))
#28 /home/adminlsp/appdir/vendor/laravel/framework/src/Illuminate/Pipeline/Pipeline.php(163): Illuminate\\Routing\\Middleware\\SubstituteBindings->handle(Object(Illuminate\\Http\\Request), Object(Closure))
#29 /home/adminlsp/appdir/vendor/laravel/framework/src/Illuminate/Routing/Pipeline.php(53): Illuminate\\Pipeline\\Pipeline->Illuminate\\Pipeline\\{closure}(Object(Illuminate\\Http\\Request))
#30 /home/adminlsp/appdir/vendor/laravel/framework/src/Illuminate/Foundation/Http/Middleware/VerifyCsrfToken.php(75): Illuminate\\Routing\\Pipeline->Illuminate\\Routing\\{closure}(Object(Illuminate\\Http\\Request))
#31 /home/adminlsp/appdir/vendor/laravel/framework/src/Illuminate/Pipeline/Pipeline.php(163): Illuminate\\Foundation\\Http\\Middleware\\VerifyCsrfToken->handle(Object(Illuminate\\Http\\Request), Object(Closure))
#32 /home/adminlsp/appdir/vendor/laravel/framework/src/Illuminate/Routing/Pipeline.php(53): Illuminate\\Pipeline\\Pipeline->Illuminate\\Pipeline\\{closure}(Object(Illuminate\\Http\\Request))
#33 /home/adminlsp/appdir/vendor/laravel/framework/src/Illuminate/Session/Middleware/AuthenticateSession.php(39): Illuminate\\Routing\\Pipeline->Illuminate\\Routing\\{closure}(Object(Illuminate\\Http\\Request))
#34 /home/adminlsp/appdir/vendor/laravel/framework/src/Illuminate/Pipeline/Pipeline.php(163): Illuminate\\Session\\Middleware\\AuthenticateSession->handle(Object(Illuminate\\Http\\Request), Object(Closure))
#35 /home/adminlsp/appdir/vendor/laravel/framework/src/Illuminate/Routing/Pipeline.php(53): Illuminate\\Pipeline\\Pipeline->Illuminate\\Pipeline\\{closure}(Object(Illuminate\\Http\\Request))
#36 /home/adminlsp/appdir/vendor/laravel/framework/src/Illuminate/View/Middleware/ShareErrorsFromSession.php(49): Illuminate\\Routing\\Pipeline->Illuminate\\Routing\\{closure}(Object(Illuminate\\Http\\Request))
#37 /home/adminlsp/appdir/vendor/laravel/framework/src/Illuminate/Pipeline/Pipeline.php(163): Illuminate\\View\\Middleware\\ShareErrorsFromSession->handle(Object(Illuminate\\Http\\Request), Object(Closure))
#38 /home/adminlsp/appdir/vendor/laravel/framework/src/Illuminate/Routing/Pipeline.php(53): Illuminate\\Pipeline\\Pipeline->Illuminate\\Pipeline\\{closure}(Object(Illuminate\\Http\\Request))
#39 /home/adminlsp/appdir/vendor/laravel/framework/src/Illuminate/Session/Middleware/StartSession.php(56): Illuminate\\Routing\\Pipeline->Illuminate\\Routing\\{closure}(Object(Illuminate\\Http\\Request))
#40 /home/adminlsp/appdir/vendor/laravel/framework/src/Illuminate/Pipeline/Pipeline.php(163): Illuminate\\Session\\Middleware\\StartSession->handle(Object(Illuminate\\Http\\Request), Object(Closure))
#41 /home/adminlsp/appdir/vendor/laravel/framework/src/Illuminate/Routing/Pipeline.php(53): Illuminate\\Pipeline\\Pipeline->Illuminate\\Pipeline\\{closure}(Object(Illuminate\\Http\\Request))
#42 /home/adminlsp/appdir/vendor/laravel/framework/src/Illuminate/Cookie/Middleware/AddQueuedCookiesToResponse.php(37): Illuminate\\Routing\\Pipeline->Illuminate\\Routing\\{closure}(Object(Illuminate\\Http\\Request))
#43 /home/adminlsp/appdir/vendor/laravel/framework/src/Illuminate/Pipeline/Pipeline.php(163): Illuminate\\Cookie\\Middleware\\AddQueuedCookiesToResponse->handle(Object(Illuminate\\Http\\Request), Object(Closure))
#44 /home/adminlsp/appdir/vendor/laravel/framework/src/Illuminate/Routing/Pipeline.php(53): Illuminate\\Pipeline\\Pipeline->Illuminate\\Pipeline\\{closure}(Object(Illuminate\\Http\\Request))
#45 /home/adminlsp/appdir/vendor/laravel/framework/src/Illuminate/Cookie/Middleware/EncryptCookies.php(66): Illuminate\\Routing\\Pipeline->Illuminate\\Routing\\{closure}(Object(Illuminate\\Http\\Request))
#46 /home/adminlsp/appdir/vendor/laravel/framework/src/Illuminate/Pipeline/Pipeline.php(163): Illuminate\\Cookie\\Middleware\\EncryptCookies->handle(Object(Illuminate\\Http\\Request), Object(Closure))
#47 /home/adminlsp/appdir/vendor/laravel/framework/src/Illuminate/Routing/Pipeline.php(53): Illuminate\\Pipeline\\Pipeline->Illuminate\\Pipeline\\{closure}(Object(Illuminate\\Http\\Request))
#48 /home/adminlsp/appdir/vendor/laravel/framework/src/Illuminate/Pipeline/Pipeline.php(104): Illuminate\\Routing\\Pipeline->Illuminate\\Routing\\{closure}(Object(Illuminate\\Http\\Request))
#49 /home/adminlsp/appdir/vendor/laravel/framework/src/Illuminate/Routing/Router.php(682): Illuminate\\Pipeline\\Pipeline->then(Object(Closure))
#50 /home/adminlsp/appdir/vendor/laravel/framework/src/Illuminate/Routing/Router.php(657): Illuminate\\Routing\\Router->runRouteWithinStack(Object(Illuminate\\Routing\\Route), Object(Illuminate\\Http\\Request))
#51 /home/adminlsp/appdir/vendor/laravel/framework/src/Illuminate/Routing/Router.php(623): Illuminate\\Routing\\Router->runRoute(Object(Illuminate\\Http\\Request), Object(Illuminate\\Routing\\Route))
#52 /home/adminlsp/appdir/vendor/laravel/framework/src/Illuminate/Routing/Router.php(612): Illuminate\\Routing\\Router->dispatchToRoute(Object(Illuminate\\Http\\Request))
#53 /home/adminlsp/appdir/vendor/laravel/framework/src/Illuminate/Foundation/Http/Kernel.php(176): Illuminate\\Routing\\Router->dispatch(Object(Illuminate\\Http\\Request))
#54 /home/adminlsp/appdir/vendor/laravel/framework/src/Illuminate/Routing/Pipeline.php(30): Illuminate\\Foundation\\Http\\Kernel->Illuminate\\Foundation\\Http\\{closure}(Object(Illuminate\\Http\\Request))
#55 /home/adminlsp/appdir/vendor/fideloper/proxy/src/TrustProxies.php(57): Illuminate\\Routing\\Pipeline->Illuminate\\Routing\\{closure}(Object(Illuminate\\Http\\Request))
#56 /home/adminlsp/appdir/vendor/laravel/framework/src/Illuminate/Pipeline/Pipeline.php(163): Fideloper\\Proxy\\TrustProxies->handle(Object(Illuminate\\Http\\Request), Object(Closure))
#57 /home/adminlsp/appdir/vendor/laravel/framework/src/Illuminate/Routing/Pipeline.php(53): Illuminate\\Pipeline\\Pipeline->Illuminate\\Pipeline\\{closure}(Object(Illuminate\\Http\\Request))
#58 /home/adminlsp/appdir/vendor/laravel/framework/src/Illuminate/Foundation/Http/Middleware/TransformsRequest.php(21): Illuminate\\Routing\\Pipeline->Illuminate\\Routing\\{closure}(Object(Illuminate\\Http\\Request))
#59 /home/adminlsp/appdir/vendor/laravel/framework/src/Illuminate/Pipeline/Pipeline.php(163): Illuminate\\Foundation\\Http\\Middleware\\TransformsRequest->handle(Object(Illuminate\\Http\\Request), Object(Closure))
#60 /home/adminlsp/appdir/vendor/laravel/framework/src/Illuminate/Routing/Pipeline.php(53): Illuminate\\Pipeline\\Pipeline->Illuminate\\Pipeline\\{closure}(Object(Illuminate\\Http\\Request))
#61 /home/adminlsp/appdir/vendor/laravel/framework/src/Illuminate/Foundation/Http/Middleware/TransformsRequest.php(21): Illuminate\\Routing\\Pipeline->Illuminate\\Routing\\{closure}(Object(Illuminate\\Http\\Request))
#62 /home/adminlsp/appdir/vendor/laravel/framework/src/Illuminate/Pipeline/Pipeline.php(163): Illuminate\\Foundation\\Http\\Middleware\\TransformsRequest->handle(Object(Illuminate\\Http\\Request), Object(Closure))
#63 /home/adminlsp/appdir/vendor/laravel/framework/src/Illuminate/Routing/Pipeline.php(53): Illuminate\\Pipeline\\Pipeline->Illuminate\\Pipeline\\{closure}(Object(Illuminate\\Http\\Request))
#64 /home/adminlsp/appdir/vendor/laravel/framework/src/Illuminate/Foundation/Http/Middleware/ValidatePostSize.php(27): Illuminate\\Routing\\Pipeline->Illuminate\\Routing\\{closure}(Object(Illuminate\\Http\\Request))
#65 /home/adminlsp/appdir/vendor/laravel/framework/src/Illuminate/Pipeline/Pipeline.php(163): Illuminate\\Foundation\\Http\\Middleware\\ValidatePostSize->handle(Object(Illuminate\\Http\\Request), Object(Closure))
#66 /home/adminlsp/appdir/vendor/laravel/framework/src/Illuminate/Routing/Pipeline.php(53): Illuminate\\Pipeline\\Pipeline->Illuminate\\Pipeline\\{closure}(Object(Illuminate\\Http\\Request))
#67 /home/adminlsp/appdir/vendor/laravel/framework/src/Illuminate/Foundation/Http/Middleware/CheckForMaintenanceMode.php(62): Illuminate\\Routing\\Pipeline->Illuminate\\Routing\\{closure}(Object(Illuminate\\Http\\Request))
#68 /home/adminlsp/appdir/vendor/laravel/framework/src/Illuminate/Pipeline/Pipeline.php(163): Illuminate\\Foundation\\Http\\Middleware\\CheckForMaintenanceMode->handle(Object(Illuminate\\Http\\Request), Object(Closure))
#69 /home/adminlsp/appdir/vendor/laravel/framework/src/Illuminate/Routing/Pipeline.php(53): Illuminate\\Pipeline\\Pipeline->Illuminate\\Pipeline\\{closure}(Object(Illuminate\\Http\\Request))
#70 /home/adminlsp/appdir/vendor/laravel/framework/src/Illuminate/Pipeline/Pipeline.php(104): Illuminate\\Routing\\Pipeline->Illuminate\\Routing\\{closure}(Object(Illuminate\\Http\\Request))
#71 /home/adminlsp/appdir/vendor/laravel/framework/src/Illuminate/Foundation/Http/Kernel.php(151): Illuminate\\Pipeline\\Pipeline->then(Object(Closure))
#72 /home/adminlsp/appdir/vendor/laravel/framework/src/Illuminate/Foundation/Http/Kernel.php(116): Illuminate\\Foundation\\Http\\Kernel->sendRequestThroughRouter(Object(Illuminate\\Http\\Request))
#73 /home/adminlsp/appdir/public/index.php(55): Illuminate\\Foundation\\Http\\Kernel->handle(Object(Illuminate\\Http\\Request))
#74 /home/adminlsp/appdir/server.php(21): require_once('/home/adminlsp/...')
#75 {main}
"} 
[2021-06-17 03:50:05] local.ERROR: Failed to authenticate on SMTP server with username "lsp@polije.ac.id" using 3 possible authenticators. Authenticator LOGIN returned Expected response code 235 but got code "535", with message "535-5.7.8 Username and Password not accepted. Learn more at
535 5.7.8  https://support.google.com/mail/?p=BadCredentials t5sm215515pfb.87 - gsmtp
". Authenticator PLAIN returned Expected response code 235 but got code "535", with message "535-5.7.8 Username and Password not accepted. Learn more at
535 5.7.8  https://support.google.com/mail/?p=BadCredentials t5sm215515pfb.87 - gsmtp
". Authenticator XOAUTH2 returned Expected response code 250 but got code "535", with message "535-5.7.8 Username and Password not accepted. Learn more at
535 5.7.8  https://support.google.com/mail/?p=BadCredentials t5sm215515pfb.87 - gsmtp
". {"exception":"[object] (Swift_TransportException(code: 0): Failed to authenticate on SMTP server with username \"lsp@polije.ac.id\" using 3 possible authenticators. Authenticator LOGIN returned Expected response code 235 but got code \"535\", with message \"535-5.7.8 Username and Password not accepted. Learn more at
535 5.7.8  https://support.google.com/mail/?p=BadCredentials t5sm215515pfb.87 - gsmtp
\". Authenticator PLAIN returned Expected response code 235 but got code \"535\", with message \"535-5.7.8 Username and Password not accepted. Learn more at
535 5.7.8  https://support.google.com/mail/?p=BadCredentials t5sm215515pfb.87 - gsmtp
\". Authenticator XOAUTH2 returned Expected response code 250 but got code \"535\", with message \"535-5.7.8 Username and Password not accepted. Learn more at
535 5.7.8  https://support.google.com/mail/?p=BadCredentials t5sm215515pfb.87 - gsmtp
\". at /home/adminlsp/appdir/vendor/swiftmailer/swiftmailer/lib/classes/Swift/Transport/Esmtp/AuthHandler.php:191)
[stacktrace]
#0 /home/adminlsp/appdir/vendor/swiftmailer/swiftmailer/lib/classes/Swift/Transport/EsmtpTransport.php(371): Swift_Transport_Esmtp_AuthHandler->afterEhlo(Object(Swift_SmtpTransport))
#1 /home/adminlsp/appdir/vendor/swiftmailer/swiftmailer/lib/classes/Swift/Transport/AbstractSmtpTransport.php(148): Swift_Transport_EsmtpTransport->doHeloCommand()
#2 /home/adminlsp/appdir/vendor/swiftmailer/swiftmailer/lib/classes/Swift/Mailer.php(65): Swift_Transport_AbstractSmtpTransport->start()
#3 /home/adminlsp/appdir/vendor/laravel/framework/src/Illuminate/Mail/Mailer.php(484): Swift_Mailer->send(Object(Swift_Message), Array)
#4 /home/adminlsp/appdir/vendor/laravel/framework/src/Illuminate/Mail/Mailer.php(259): Illuminate\\Mail\\Mailer->sendSwiftMessage(Object(Swift_Message))
#5 /home/adminlsp/appdir/vendor/laravel/framework/src/Illuminate/Mail/Mailable.php(159): Illuminate\\Mail\\Mailer->send('auth.mail', Array, Object(Closure))
#6 /home/adminlsp/appdir/vendor/laravel/framework/src/Illuminate/Support/Traits/Localizable.php(19): Illuminate\\Mail\\Mailable->Illuminate\\Mail\\{closure}()
#7 /home/adminlsp/appdir/vendor/laravel/framework/src/Illuminate/Mail/Mailable.php(160): Illuminate\\Mail\\Mailable->withLocale(NULL, Object(Closure))
#8 /home/adminlsp/appdir/vendor/laravel/framework/src/Illuminate/Mail/Mailer.php(275): Illuminate\\Mail\\Mailable->send(Object(Illuminate\\Mail\\Mailer))
#9 /home/adminlsp/appdir/vendor/laravel/framework/src/Illuminate/Mail/Mailer.php(229): Illuminate\\Mail\\Mailer->sendMailable(Object(App\\Mail\\RegisterMail))
#10 /home/adminlsp/appdir/vendor/laravel/framework/src/Illuminate/Mail/PendingMail.php(127): Illuminate\\Mail\\Mailer->send(Object(App\\Mail\\RegisterMail))
#11 /home/adminlsp/appdir/app/Listeners/RegisteredListener.php(30): Illuminate\\Mail\\PendingMail->send(Object(App\\Mail\\RegisterMail))
#12 [internal function]: App\\Listeners\\RegisteredListener->handle(Object(Illuminate\\Auth\\Events\\Registered))
#13 /home/adminlsp/appdir/vendor/laravel/framework/src/Illuminate/Events/Dispatcher.php(366): call_user_func_array(Array, Array)
#14 /home/adminlsp/appdir/vendor/laravel/framework/src/Illuminate/Events/Dispatcher.php(196): Illuminate\\Events\\Dispatcher->Illuminate\\Events\\{closure}('Illuminate\\\\Auth...', Array)
#15 /home/adminlsp/appdir/vendor/laravel/framework/src/Illuminate/Foundation/helpers.php(482): Illuminate\\Events\\Dispatcher->dispatch('Illuminate\\\\Auth...')
#16 /home/adminlsp/appdir/vendor/laravel/framework/src/Illuminate/Foundation/Auth/RegistersUsers.php(34): event(Object(Illuminate\\Auth\\Events\\Registered))
#17 [internal function]: App\\Http\\Controllers\\Auth\\RegisterController->register(Object(Illuminate\\Http\\Request))
#18 /home/adminlsp/appdir/vendor/laravel/framework/src/Illuminate/Routing/Controller.php(54): call_user_func_array(Array, Array)
#19 /home/adminlsp/appdir/vendor/laravel/framework/src/Illuminate/Routing/ControllerDispatcher.php(45): Illuminate\\Routing\\Controller->callAction('register', Array)
#20 /home/adminlsp/appdir/vendor/laravel/framework/src/Illuminate/Routing/Route.php(219): Illuminate\\Routing\\ControllerDispatcher->dispatch(Object(Illuminate\\Routing\\Route), Object(App\\Http\\Controllers\\Auth\\RegisterController), 'register')
#21 /home/adminlsp/appdir/vendor/laravel/framework/src/Illuminate/Routing/Route.php(176): Illuminate\\Routing\\Route->runController()
#22 /home/adminlsp/appdir/vendor/laravel/framework/src/Illuminate/Routing/Router.php(680): Illuminate\\Routing\\Route->run()
#23 /home/adminlsp/appdir/vendor/laravel/framework/src/Illuminate/Routing/Pipeline.php(30): Illuminate\\Routing\\Router->Illuminate\\Routing\\{closure}(Object(Illuminate\\Http\\Request))
#24 /home/adminlsp/appdir/app/Http/Middleware/RedirectIfAuthenticated.php(24): Illuminate\\Routing\\Pipeline->Illuminate\\Routing\\{closure}(Object(Illuminate\\Http\\Request))
#25 /home/adminlsp/appdir/vendor/laravel/framework/src/Illuminate/Pipeline/Pipeline.php(163): App\\Http\\Middleware\\RedirectIfAuthenticated->handle(Object(Illuminate\\Http\\Request), Object(Closure))
#26 /home/adminlsp/appdir/vendor/laravel/framework/src/Illuminate/Routing/Pipeline.php(53): Illuminate\\Pipeline\\Pipeline->Illuminate\\Pipeline\\{closure}(Object(Illuminate\\Http\\Request))
#27 /home/adminlsp/appdir/vendor/laravel/framework/src/Illuminate/Routing/Middleware/SubstituteBindings.php(41): Illuminate\\Routing\\Pipeline->Illuminate\\Routing\\{closure}(Object(Illuminate\\Http\\Request))
#28 /home/adminlsp/appdir/vendor/laravel/framework/src/Illuminate/Pipeline/Pipeline.php(163): Illuminate\\Routing\\Middleware\\SubstituteBindings->handle(Object(Illuminate\\Http\\Request), Object(Closure))
#29 /home/adminlsp/appdir/vendor/laravel/framework/src/Illuminate/Routing/Pipeline.php(53): Illuminate\\Pipeline\\Pipeline->Illuminate\\Pipeline\\{closure}(Object(Illuminate\\Http\\Request))
#30 /home/adminlsp/appdir/vendor/laravel/framework/src/Illuminate/Foundation/Http/Middleware/VerifyCsrfToken.php(75): Illuminate\\Routing\\Pipeline->Illuminate\\Routing\\{closure}(Object(Illuminate\\Http\\Request))
#31 /home/adminlsp/appdir/vendor/laravel/framework/src/Illuminate/Pipeline/Pipeline.php(163): Illuminate\\Foundation\\Http\\Middleware\\VerifyCsrfToken->handle(Object(Illuminate\\Http\\Request), Object(Closure))
#32 /home/adminlsp/appdir/vendor/laravel/framework/src/Illuminate/Routing/Pipeline.php(53): Illuminate\\Pipeline\\Pipeline->Illuminate\\Pipeline\\{closure}(Object(Illuminate\\Http\\Request))
#33 /home/adminlsp/appdir/vendor/laravel/framework/src/Illuminate/Session/Middleware/AuthenticateSession.php(39): Illuminate\\Routing\\Pipeline->Illuminate\\Routing\\{closure}(Object(Illuminate\\Http\\Request))
#34 /home/adminlsp/appdir/vendor/laravel/framework/src/Illuminate/Pipeline/Pipeline.php(163): Illuminate\\Session\\Middleware\\AuthenticateSession->handle(Object(Illuminate\\Http\\Request), Object(Closure))
#35 /home/adminlsp/appdir/vendor/laravel/framework/src/Illuminate/Routing/Pipeline.php(53): Illuminate\\Pipeline\\Pipeline->Illuminate\\Pipeline\\{closure}(Object(Illuminate\\Http\\Request))
#36 /home/adminlsp/appdir/vendor/laravel/framework/src/Illuminate/View/Middleware/ShareErrorsFromSession.php(49): Illuminate\\Routing\\Pipeline->Illuminate\\Routing\\{closure}(Object(Illuminate\\Http\\Request))
#37 /home/adminlsp/appdir/vendor/laravel/framework/src/Illuminate/Pipeline/Pipeline.php(163): Illuminate\\View\\Middleware\\ShareErrorsFromSession->handle(Object(Illuminate\\Http\\Request), Object(Closure))
#38 /home/adminlsp/appdir/vendor/laravel/framework/src/Illuminate/Routing/Pipeline.php(53): Illuminate\\Pipeline\\Pipeline->Illuminate\\Pipeline\\{closure}(Object(Illuminate\\Http\\Request))
#39 /home/adminlsp/appdir/vendor/laravel/framework/src/Illuminate/Session/Middleware/StartSession.php(56): Illuminate\\Routing\\Pipeline->Illuminate\\Routing\\{closure}(Object(Illuminate\\Http\\Request))
#40 /home/adminlsp/appdir/vendor/laravel/framework/src/Illuminate/Pipeline/Pipeline.php(163): Illuminate\\Session\\Middleware\\StartSession->handle(Object(Illuminate\\Http\\Request), Object(Closure))
#41 /home/adminlsp/appdir/vendor/laravel/framework/src/Illuminate/Routing/Pipeline.php(53): Illuminate\\Pipeline\\Pipeline->Illuminate\\Pipeline\\{closure}(Object(Illuminate\\Http\\Request))
#42 /home/adminlsp/appdir/vendor/laravel/framework/src/Illuminate/Cookie/Middleware/AddQueuedCookiesToResponse.php(37): Illuminate\\Routing\\Pipeline->Illuminate\\Routing\\{closure}(Object(Illuminate\\Http\\Request))
#43 /home/adminlsp/appdir/vendor/laravel/framework/src/Illuminate/Pipeline/Pipeline.php(163): Illuminate\\Cookie\\Middleware\\AddQueuedCookiesToResponse->handle(Object(Illuminate\\Http\\Request), Object(Closure))
#44 /home/adminlsp/appdir/vendor/laravel/framework/src/Illuminate/Routing/Pipeline.php(53): Illuminate\\Pipeline\\Pipeline->Illuminate\\Pipeline\\{closure}(Object(Illuminate\\Http\\Request))
#45 /home/adminlsp/appdir/vendor/laravel/framework/src/Illuminate/Cookie/Middleware/EncryptCookies.php(66): Illuminate\\Routing\\Pipeline->Illuminate\\Routing\\{closure}(Object(Illuminate\\Http\\Request))
#46 /home/adminlsp/appdir/vendor/laravel/framework/src/Illuminate/Pipeline/Pipeline.php(163): Illuminate\\Cookie\\Middleware\\EncryptCookies->handle(Object(Illuminate\\Http\\Request), Object(Closure))
#47 /home/adminlsp/appdir/vendor/laravel/framework/src/Illuminate/Routing/Pipeline.php(53): Illuminate\\Pipeline\\Pipeline->Illuminate\\Pipeline\\{closure}(Object(Illuminate\\Http\\Request))
#48 /home/adminlsp/appdir/vendor/laravel/framework/src/Illuminate/Pipeline/Pipeline.php(104): Illuminate\\Routing\\Pipeline->Illuminate\\Routing\\{closure}(Object(Illuminate\\Http\\Request))
#49 /home/adminlsp/appdir/vendor/laravel/framework/src/Illuminate/Routing/Router.php(682): Illuminate\\Pipeline\\Pipeline->then(Object(Closure))
#50 /home/adminlsp/appdir/vendor/laravel/framework/src/Illuminate/Routing/Router.php(657): Illuminate\\Routing\\Router->runRouteWithinStack(Object(Illuminate\\Routing\\Route), Object(Illuminate\\Http\\Request))
#51 /home/adminlsp/appdir/vendor/laravel/framework/src/Illuminate/Routing/Router.php(623): Illuminate\\Routing\\Router->runRoute(Object(Illuminate\\Http\\Request), Object(Illuminate\\Routing\\Route))
#52 /home/adminlsp/appdir/vendor/laravel/framework/src/Illuminate/Routing/Router.php(612): Illuminate\\Routing\\Router->dispatchToRoute(Object(Illuminate\\Http\\Request))
#53 /home/adminlsp/appdir/vendor/laravel/framework/src/Illuminate/Foundation/Http/Kernel.php(176): Illuminate\\Routing\\Router->dispatch(Object(Illuminate\\Http\\Request))
#54 /home/adminlsp/appdir/vendor/laravel/framework/src/Illuminate/Routing/Pipeline.php(30): Illuminate\\Foundation\\Http\\Kernel->Illuminate\\Foundation\\Http\\{closure}(Object(Illuminate\\Http\\Request))
#55 /home/adminlsp/appdir/vendor/fideloper/proxy/src/TrustProxies.php(57): Illuminate\\Routing\\Pipeline->Illuminate\\Routing\\{closure}(Object(Illuminate\\Http\\Request))
#56 /home/adminlsp/appdir/vendor/laravel/framework/src/Illuminate/Pipeline/Pipeline.php(163): Fideloper\\Proxy\\TrustProxies->handle(Object(Illuminate\\Http\\Request), Object(Closure))
#57 /home/adminlsp/appdir/vendor/laravel/framework/src/Illuminate/Routing/Pipeline.php(53): Illuminate\\Pipeline\\Pipeline->Illuminate\\Pipeline\\{closure}(Object(Illuminate\\Http\\Request))
#58 /home/adminlsp/appdir/vendor/laravel/framework/src/Illuminate/Foundation/Http/Middleware/TransformsRequest.php(21): Illuminate\\Routing\\Pipeline->Illuminate\\Routing\\{closure}(Object(Illuminate\\Http\\Request))
#59 /home/adminlsp/appdir/vendor/laravel/framework/src/Illuminate/Pipeline/Pipeline.php(163): Illuminate\\Foundation\\Http\\Middleware\\TransformsRequest->handle(Object(Illuminate\\Http\\Request), Object(Closure))
#60 /home/adminlsp/appdir/vendor/laravel/framework/src/Illuminate/Routing/Pipeline.php(53): Illuminate\\Pipeline\\Pipeline->Illuminate\\Pipeline\\{closure}(Object(Illuminate\\Http\\Request))
#61 /home/adminlsp/appdir/vendor/laravel/framework/src/Illuminate/Foundation/Http/Middleware/TransformsRequest.php(21): Illuminate\\Routing\\Pipeline->Illuminate\\Routing\\{closure}(Object(Illuminate\\Http\\Request))
#62 /home/adminlsp/appdir/vendor/laravel/framework/src/Illuminate/Pipeline/Pipeline.php(163): Illuminate\\Foundation\\Http\\Middleware\\TransformsRequest->handle(Object(Illuminate\\Http\\Request), Object(Closure))
#63 /home/adminlsp/appdir/vendor/laravel/framework/src/Illuminate/Routing/Pipeline.php(53): Illuminate\\Pipeline\\Pipeline->Illuminate\\Pipeline\\{closure}(Object(Illuminate\\Http\\Request))
#64 /home/adminlsp/appdir/vendor/laravel/framework/src/Illuminate/Foundation/Http/Middleware/ValidatePostSize.php(27): Illuminate\\Routing\\Pipeline->Illuminate\\Routing\\{closure}(Object(Illuminate\\Http\\Request))
#65 /home/adminlsp/appdir/vendor/laravel/framework/src/Illuminate/Pipeline/Pipeline.php(163): Illuminate\\Foundation\\Http\\Middleware\\ValidatePostSize->handle(Object(Illuminate\\Http\\Request), Object(Closure))
#66 /home/adminlsp/appdir/vendor/laravel/framework/src/Illuminate/Routing/Pipeline.php(53): Illuminate\\Pipeline\\Pipeline->Illuminate\\Pipeline\\{closure}(Object(Illuminate\\Http\\Request))
#67 /home/adminlsp/appdir/vendor/laravel/framework/src/Illuminate/Foundation/Http/Middleware/CheckForMaintenanceMode.php(62): Illuminate\\Routing\\Pipeline->Illuminate\\Routing\\{closure}(Object(Illuminate\\Http\\Request))
#68 /home/adminlsp/appdir/vendor/laravel/framework/src/Illuminate/Pipeline/Pipeline.php(163): Illuminate\\Foundation\\Http\\Middleware\\CheckForMaintenanceMode->handle(Object(Illuminate\\Http\\Request), Object(Closure))
#69 /home/adminlsp/appdir/vendor/laravel/framework/src/Illuminate/Routing/Pipeline.php(53): Illuminate\\Pipeline\\Pipeline->Illuminate\\Pipeline\\{closure}(Object(Illuminate\\Http\\Request))
#70 /home/adminlsp/appdir/vendor/laravel/framework/src/Illuminate/Pipeline/Pipeline.php(104): Illuminate\\Routing\\Pipeline->Illuminate\\Routing\\{closure}(Object(Illuminate\\Http\\Request))
#71 /home/adminlsp/appdir/vendor/laravel/framework/src/Illuminate/Foundation/Http/Kernel.php(151): Illuminate\\Pipeline\\Pipeline->then(Object(Closure))
#72 /home/adminlsp/appdir/vendor/laravel/framework/src/Illuminate/Foundation/Http/Kernel.php(116): Illuminate\\Foundation\\Http\\Kernel->sendRequestThroughRouter(Object(Illuminate\\Http\\Request))
#73 /home/adminlsp/appdir/public/index.php(55): Illuminate\\Foundation\\Http\\Kernel->handle(Object(Illuminate\\Http\\Request))
#74 /home/adminlsp/appdir/server.php(21): require_once('/home/adminlsp/...')
#75 {main}
"} 
[2021-06-17 03:50:19] local.ERROR: Failed to authenticate on SMTP server with username "lsp@polije.ac.id" using 3 possible authenticators. Authenticator LOGIN returned Expected response code 235 but got code "535", with message "535-5.7.8 Username and Password not accepted. Learn more at
535 5.7.8  https://support.google.com/mail/?p=BadCredentials 125sm3323343pfg.52 - gsmtp
". Authenticator PLAIN returned Expected response code 235 but got code "535", with message "535-5.7.8 Username and Password not accepted. Learn more at
535 5.7.8  https://support.google.com/mail/?p=BadCredentials 125sm3323343pfg.52 - gsmtp
". Authenticator XOAUTH2 returned Expected response code 250 but got code "535", with message "535-5.7.8 Username and Password not accepted. Learn more at
535 5.7.8  https://support.google.com/mail/?p=BadCredentials 125sm3323343pfg.52 - gsmtp
". {"exception":"[object] (Swift_TransportException(code: 0): Failed to authenticate on SMTP server with username \"lsp@polije.ac.id\" using 3 possible authenticators. Authenticator LOGIN returned Expected response code 235 but got code \"535\", with message \"535-5.7.8 Username and Password not accepted. Learn more at
535 5.7.8  https://support.google.com/mail/?p=BadCredentials 125sm3323343pfg.52 - gsmtp
\". Authenticator PLAIN returned Expected response code 235 but got code \"535\", with message \"535-5.7.8 Username and Password not accepted. Learn more at
535 5.7.8  https://support.google.com/mail/?p=BadCredentials 125sm3323343pfg.52 - gsmtp
\". Authenticator XOAUTH2 returned Expected response code 250 but got code \"535\", with message \"535-5.7.8 Username and Password not accepted. Learn more at
535 5.7.8  https://support.google.com/mail/?p=BadCredentials 125sm3323343pfg.52 - gsmtp
\". at /home/adminlsp/appdir/vendor/swiftmailer/swiftmailer/lib/classes/Swift/Transport/Esmtp/AuthHandler.php:191)
[stacktrace]
#0 /home/adminlsp/appdir/vendor/swiftmailer/swiftmailer/lib/classes/Swift/Transport/EsmtpTransport.php(371): Swift_Transport_Esmtp_AuthHandler->afterEhlo(Object(Swift_SmtpTransport))
#1 /home/adminlsp/appdir/vendor/swiftmailer/swiftmailer/lib/classes/Swift/Transport/AbstractSmtpTransport.php(148): Swift_Transport_EsmtpTransport->doHeloCommand()
#2 /home/adminlsp/appdir/vendor/swiftmailer/swiftmailer/lib/classes/Swift/Mailer.php(65): Swift_Transport_AbstractSmtpTransport->start()
#3 /home/adminlsp/appdir/vendor/laravel/framework/src/Illuminate/Mail/Mailer.php(484): Swift_Mailer->send(Object(Swift_Message), Array)
#4 /home/adminlsp/appdir/vendor/laravel/framework/src/Illuminate/Mail/Mailer.php(259): Illuminate\\Mail\\Mailer->sendSwiftMessage(Object(Swift_Message))
#5 /home/adminlsp/appdir/vendor/laravel/framework/src/Illuminate/Mail/Mailable.php(159): Illuminate\\Mail\\Mailer->send('auth.mail', Array, Object(Closure))
#6 /home/adminlsp/appdir/vendor/laravel/framework/src/Illuminate/Support/Traits/Localizable.php(19): Illuminate\\Mail\\Mailable->Illuminate\\Mail\\{closure}()
#7 /home/adminlsp/appdir/vendor/laravel/framework/src/Illuminate/Mail/Mailable.php(160): Illuminate\\Mail\\Mailable->withLocale(NULL, Object(Closure))
#8 /home/adminlsp/appdir/vendor/laravel/framework/src/Illuminate/Mail/Mailer.php(275): Illuminate\\Mail\\Mailable->send(Object(Illuminate\\Mail\\Mailer))
#9 /home/adminlsp/appdir/vendor/laravel/framework/src/Illuminate/Mail/Mailer.php(229): Illuminate\\Mail\\Mailer->sendMailable(Object(App\\Mail\\RegisterMail))
#10 /home/adminlsp/appdir/vendor/laravel/framework/src/Illuminate/Mail/PendingMail.php(127): Illuminate\\Mail\\Mailer->send(Object(App\\Mail\\RegisterMail))
#11 /home/adminlsp/appdir/app/Listeners/RegisteredListener.php(30): Illuminate\\Mail\\PendingMail->send(Object(App\\Mail\\RegisterMail))
#12 [internal function]: App\\Listeners\\RegisteredListener->handle(Object(Illuminate\\Auth\\Events\\Registered))
#13 /home/adminlsp/appdir/vendor/laravel/framework/src/Illuminate/Events/Dispatcher.php(366): call_user_func_array(Array, Array)
#14 /home/adminlsp/appdir/vendor/laravel/framework/src/Illuminate/Events/Dispatcher.php(196): Illuminate\\Events\\Dispatcher->Illuminate\\Events\\{closure}('Illuminate\\\\Auth...', Array)
#15 /home/adminlsp/appdir/vendor/laravel/framework/src/Illuminate/Foundation/helpers.php(482): Illuminate\\Events\\Dispatcher->dispatch('Illuminate\\\\Auth...')
#16 /home/adminlsp/appdir/vendor/laravel/framework/src/Illuminate/Foundation/Auth/RegistersUsers.php(34): event(Object(Illuminate\\Auth\\Events\\Registered))
#17 [internal function]: App\\Http\\Controllers\\Auth\\RegisterController->register(Object(Illuminate\\Http\\Request))
#18 /home/adminlsp/appdir/vendor/laravel/framework/src/Illuminate/Routing/Controller.php(54): call_user_func_array(Array, Array)
#19 /home/adminlsp/appdir/vendor/laravel/framework/src/Illuminate/Routing/ControllerDispatcher.php(45): Illuminate\\Routing\\Controller->callAction('register', Array)
#20 /home/adminlsp/appdir/vendor/laravel/framework/src/Illuminate/Routing/Route.php(219): Illuminate\\Routing\\ControllerDispatcher->dispatch(Object(Illuminate\\Routing\\Route), Object(App\\Http\\Controllers\\Auth\\RegisterController), 'register')
#21 /home/adminlsp/appdir/vendor/laravel/framework/src/Illuminate/Routing/Route.php(176): Illuminate\\Routing\\Route->runController()
#22 /home/adminlsp/appdir/vendor/laravel/framework/src/Illuminate/Routing/Router.php(680): Illuminate\\Routing\\Route->run()
#23 /home/adminlsp/appdir/vendor/laravel/framework/src/Illuminate/Routing/Pipeline.php(30): Illuminate\\Routing\\Router->Illuminate\\Routing\\{closure}(Object(Illuminate\\Http\\Request))
#24 /home/adminlsp/appdir/app/Http/Middleware/RedirectIfAuthenticated.php(24): Illuminate\\Routing\\Pipeline->Illuminate\\Routing\\{closure}(Object(Illuminate\\Http\\Request))
#25 /home/adminlsp/appdir/vendor/laravel/framework/src/Illuminate/Pipeline/Pipeline.php(163): App\\Http\\Middleware\\RedirectIfAuthenticated->handle(Object(Illuminate\\Http\\Request), Object(Closure))
#26 /home/adminlsp/appdir/vendor/laravel/framework/src/Illuminate/Routing/Pipeline.php(53): Illuminate\\Pipeline\\Pipeline->Illuminate\\Pipeline\\{closure}(Object(Illuminate\\Http\\Request))
#27 /home/adminlsp/appdir/vendor/laravel/framework/src/Illuminate/Routing/Middleware/SubstituteBindings.php(41): Illuminate\\Routing\\Pipeline->Illuminate\\Routing\\{closure}(Object(Illuminate\\Http\\Request))
#28 /home/adminlsp/appdir/vendor/laravel/framework/src/Illuminate/Pipeline/Pipeline.php(163): Illuminate\\Routing\\Middleware\\SubstituteBindings->handle(Object(Illuminate\\Http\\Request), Object(Closure))
#29 /home/adminlsp/appdir/vendor/laravel/framework/src/Illuminate/Routing/Pipeline.php(53): Illuminate\\Pipeline\\Pipeline->Illuminate\\Pipeline\\{closure}(Object(Illuminate\\Http\\Request))
#30 /home/adminlsp/appdir/vendor/laravel/framework/src/Illuminate/Foundation/Http/Middleware/VerifyCsrfToken.php(75): Illuminate\\Routing\\Pipeline->Illuminate\\Routing\\{closure}(Object(Illuminate\\Http\\Request))
#31 /home/adminlsp/appdir/vendor/laravel/framework/src/Illuminate/Pipeline/Pipeline.php(163): Illuminate\\Foundation\\Http\\Middleware\\VerifyCsrfToken->handle(Object(Illuminate\\Http\\Request), Object(Closure))
#32 /home/adminlsp/appdir/vendor/laravel/framework/src/Illuminate/Routing/Pipeline.php(53): Illuminate\\Pipeline\\Pipeline->Illuminate\\Pipeline\\{closure}(Object(Illuminate\\Http\\Request))
#33 /home/adminlsp/appdir/vendor/laravel/framework/src/Illuminate/Session/Middleware/AuthenticateSession.php(39): Illuminate\\Routing\\Pipeline->Illuminate\\Routing\\{closure}(Object(Illuminate\\Http\\Request))
#34 /home/adminlsp/appdir/vendor/laravel/framework/src/Illuminate/Pipeline/Pipeline.php(163): Illuminate\\Session\\Middleware\\AuthenticateSession->handle(Object(Illuminate\\Http\\Request), Object(Closure))
#35 /home/adminlsp/appdir/vendor/laravel/framework/src/Illuminate/Routing/Pipeline.php(53): Illuminate\\Pipeline\\Pipeline->Illuminate\\Pipeline\\{closure}(Object(Illuminate\\Http\\Request))
#36 /home/adminlsp/appdir/vendor/laravel/framework/src/Illuminate/View/Middleware/ShareErrorsFromSession.php(49): Illuminate\\Routing\\Pipeline->Illuminate\\Routing\\{closure}(Object(Illuminate\\Http\\Request))
#37 /home/adminlsp/appdir/vendor/laravel/framework/src/Illuminate/Pipeline/Pipeline.php(163): Illuminate\\View\\Middleware\\ShareErrorsFromSession->handle(Object(Illuminate\\Http\\Request), Object(Closure))
#38 /home/adminlsp/appdir/vendor/laravel/framework/src/Illuminate/Routing/Pipeline.php(53): Illuminate\\Pipeline\\Pipeline->Illuminate\\Pipeline\\{closure}(Object(Illuminate\\Http\\Request))
#39 /home/adminlsp/appdir/vendor/laravel/framework/src/Illuminate/Session/Middleware/StartSession.php(56): Illuminate\\Routing\\Pipeline->Illuminate\\Routing\\{closure}(Object(Illuminate\\Http\\Request))
#40 /home/adminlsp/appdir/vendor/laravel/framework/src/Illuminate/Pipeline/Pipeline.php(163): Illuminate\\Session\\Middleware\\StartSession->handle(Object(Illuminate\\Http\\Request), Object(Closure))
#41 /home/adminlsp/appdir/vendor/laravel/framework/src/Illuminate/Routing/Pipeline.php(53): Illuminate\\Pipeline\\Pipeline->Illuminate\\Pipeline\\{closure}(Object(Illuminate\\Http\\Request))
#42 /home/adminlsp/appdir/vendor/laravel/framework/src/Illuminate/Cookie/Middleware/AddQueuedCookiesToResponse.php(37): Illuminate\\Routing\\Pipeline->Illuminate\\Routing\\{closure}(Object(Illuminate\\Http\\Request))
#43 /home/adminlsp/appdir/vendor/laravel/framework/src/Illuminate/Pipeline/Pipeline.php(163): Illuminate\\Cookie\\Middleware\\AddQueuedCookiesToResponse->handle(Object(Illuminate\\Http\\Request), Object(Closure))
#44 /home/adminlsp/appdir/vendor/laravel/framework/src/Illuminate/Routing/Pipeline.php(53): Illuminate\\Pipeline\\Pipeline->Illuminate\\Pipeline\\{closure}(Object(Illuminate\\Http\\Request))
#45 /home/adminlsp/appdir/vendor/laravel/framework/src/Illuminate/Cookie/Middleware/EncryptCookies.php(66): Illuminate\\Routing\\Pipeline->Illuminate\\Routing\\{closure}(Object(Illuminate\\Http\\Request))
#46 /home/adminlsp/appdir/vendor/laravel/framework/src/Illuminate/Pipeline/Pipeline.php(163): Illuminate\\Cookie\\Middleware\\EncryptCookies->handle(Object(Illuminate\\Http\\Request), Object(Closure))
#47 /home/adminlsp/appdir/vendor/laravel/framework/src/Illuminate/Routing/Pipeline.php(53): Illuminate\\Pipeline\\Pipeline->Illuminate\\Pipeline\\{closure}(Object(Illuminate\\Http\\Request))
#48 /home/adminlsp/appdir/vendor/laravel/framework/src/Illuminate/Pipeline/Pipeline.php(104): Illuminate\\Routing\\Pipeline->Illuminate\\Routing\\{closure}(Object(Illuminate\\Http\\Request))
#49 /home/adminlsp/appdir/vendor/laravel/framework/src/Illuminate/Routing/Router.php(682): Illuminate\\Pipeline\\Pipeline->then(Object(Closure))
#50 /home/adminlsp/appdir/vendor/laravel/framework/src/Illuminate/Routing/Router.php(657): Illuminate\\Routing\\Router->runRouteWithinStack(Object(Illuminate\\Routing\\Route), Object(Illuminate\\Http\\Request))
#51 /home/adminlsp/appdir/vendor/laravel/framework/src/Illuminate/Routing/Router.php(623): Illuminate\\Routing\\Router->runRoute(Object(Illuminate\\Http\\Request), Object(Illuminate\\Routing\\Route))
#52 /home/adminlsp/appdir/vendor/laravel/framework/src/Illuminate/Routing/Router.php(612): Illuminate\\Routing\\Router->dispatchToRoute(Object(Illuminate\\Http\\Request))
#53 /home/adminlsp/appdir/vendor/laravel/framework/src/Illuminate/Foundation/Http/Kernel.php(176): Illuminate\\Routing\\Router->dispatch(Object(Illuminate\\Http\\Request))
#54 /home/adminlsp/appdir/vendor/laravel/framework/src/Illuminate/Routing/Pipeline.php(30): Illuminate\\Foundation\\Http\\Kernel->Illuminate\\Foundation\\Http\\{closure}(Object(Illuminate\\Http\\Request))
#55 /home/adminlsp/appdir/vendor/fideloper/proxy/src/TrustProxies.php(57): Illuminate\\Routing\\Pipeline->Illuminate\\Routing\\{closure}(Object(Illuminate\\Http\\Request))
#56 /home/adminlsp/appdir/vendor/laravel/framework/src/Illuminate/Pipeline/Pipeline.php(163): Fideloper\\Proxy\\TrustProxies->handle(Object(Illuminate\\Http\\Request), Object(Closure))
#57 /home/adminlsp/appdir/vendor/laravel/framework/src/Illuminate/Routing/Pipeline.php(53): Illuminate\\Pipeline\\Pipeline->Illuminate\\Pipeline\\{closure}(Object(Illuminate\\Http\\Request))
#58 /home/adminlsp/appdir/vendor/laravel/framework/src/Illuminate/Foundation/Http/Middleware/TransformsRequest.php(21): Illuminate\\Routing\\Pipeline->Illuminate\\Routing\\{closure}(Object(Illuminate\\Http\\Request))
#59 /home/adminlsp/appdir/vendor/laravel/framework/src/Illuminate/Pipeline/Pipeline.php(163): Illuminate\\Foundation\\Http\\Middleware\\TransformsRequest->handle(Object(Illuminate\\Http\\Request), Object(Closure))
#60 /home/adminlsp/appdir/vendor/laravel/framework/src/Illuminate/Routing/Pipeline.php(53): Illuminate\\Pipeline\\Pipeline->Illuminate\\Pipeline\\{closure}(Object(Illuminate\\Http\\Request))
#61 /home/adminlsp/appdir/vendor/laravel/framework/src/Illuminate/Foundation/Http/Middleware/TransformsRequest.php(21): Illuminate\\Routing\\Pipeline->Illuminate\\Routing\\{closure}(Object(Illuminate\\Http\\Request))
#62 /home/adminlsp/appdir/vendor/laravel/framework/src/Illuminate/Pipeline/Pipeline.php(163): Illuminate\\Foundation\\Http\\Middleware\\TransformsRequest->handle(Object(Illuminate\\Http\\Request), Object(Closure))
#63 /home/adminlsp/appdir/vendor/laravel/framework/src/Illuminate/Routing/Pipeline.php(53): Illuminate\\Pipeline\\Pipeline->Illuminate\\Pipeline\\{closure}(Object(Illuminate\\Http\\Request))
#64 /home/adminlsp/appdir/vendor/laravel/framework/src/Illuminate/Foundation/Http/Middleware/ValidatePostSize.php(27): Illuminate\\Routing\\Pipeline->Illuminate\\Routing\\{closure}(Object(Illuminate\\Http\\Request))
#65 /home/adminlsp/appdir/vendor/laravel/framework/src/Illuminate/Pipeline/Pipeline.php(163): Illuminate\\Foundation\\Http\\Middleware\\ValidatePostSize->handle(Object(Illuminate\\Http\\Request), Object(Closure))
#66 /home/adminlsp/appdir/vendor/laravel/framework/src/Illuminate/Routing/Pipeline.php(53): Illuminate\\Pipeline\\Pipeline->Illuminate\\Pipeline\\{closure}(Object(Illuminate\\Http\\Request))
#67 /home/adminlsp/appdir/vendor/laravel/framework/src/Illuminate/Foundation/Http/Middleware/CheckForMaintenanceMode.php(62): Illuminate\\Routing\\Pipeline->Illuminate\\Routing\\{closure}(Object(Illuminate\\Http\\Request))
#68 /home/adminlsp/appdir/vendor/laravel/framework/src/Illuminate/Pipeline/Pipeline.php(163): Illuminate\\Foundation\\Http\\Middleware\\CheckForMaintenanceMode->handle(Object(Illuminate\\Http\\Request), Object(Closure))
#69 /home/adminlsp/appdir/vendor/laravel/framework/src/Illuminate/Routing/Pipeline.php(53): Illuminate\\Pipeline\\Pipeline->Illuminate\\Pipeline\\{closure}(Object(Illuminate\\Http\\Request))
#70 /home/adminlsp/appdir/vendor/laravel/framework/src/Illuminate/Pipeline/Pipeline.php(104): Illuminate\\Routing\\Pipeline->Illuminate\\Routing\\{closure}(Object(Illuminate\\Http\\Request))
#71 /home/adminlsp/appdir/vendor/laravel/framework/src/Illuminate/Foundation/Http/Kernel.php(151): Illuminate\\Pipeline\\Pipeline->then(Object(Closure))
#72 /home/adminlsp/appdir/vendor/laravel/framework/src/Illuminate/Foundation/Http/Kernel.php(116): Illuminate\\Foundation\\Http\\Kernel->sendRequestThroughRouter(Object(Illuminate\\Http\\Request))
#73 /home/adminlsp/appdir/public/index.php(55): Illuminate\\Foundation\\Http\\Kernel->handle(Object(Illuminate\\Http\\Request))
#74 /home/adminlsp/appdir/server.php(21): require_once('/home/adminlsp/...')
#75 {main}
"} 
[2021-06-17 03:50:54] local.ERROR: Failed to authenticate on SMTP server with username "lsp@polije.ac.id" using 3 possible authenticators. Authenticator LOGIN returned Expected response code 235 but got code "535", with message "535-5.7.8 Username and Password not accepted. Learn more at
535 5.7.8  https://support.google.com/mail/?p=BadCredentials q24sm3780114pgk.32 - gsmtp
". Authenticator PLAIN returned Expected response code 235 but got code "535", with message "535-5.7.8 Username and Password not accepted. Learn more at
535 5.7.8  https://support.google.com/mail/?p=BadCredentials q24sm3780114pgk.32 - gsmtp
". Authenticator XOAUTH2 returned Expected response code 250 but got code "535", with message "535-5.7.8 Username and Password not accepted. Learn more at
535 5.7.8  https://support.google.com/mail/?p=BadCredentials q24sm3780114pgk.32 - gsmtp
". {"exception":"[object] (Swift_TransportException(code: 0): Failed to authenticate on SMTP server with username \"lsp@polije.ac.id\" using 3 possible authenticators. Authenticator LOGIN returned Expected response code 235 but got code \"535\", with message \"535-5.7.8 Username and Password not accepted. Learn more at
535 5.7.8  https://support.google.com/mail/?p=BadCredentials q24sm3780114pgk.32 - gsmtp
\". Authenticator PLAIN returned Expected response code 235 but got code \"535\", with message \"535-5.7.8 Username and Password not accepted. Learn more at
535 5.7.8  https://support.google.com/mail/?p=BadCredentials q24sm3780114pgk.32 - gsmtp
\". Authenticator XOAUTH2 returned Expected response code 250 but got code \"535\", with message \"535-5.7.8 Username and Password not accepted. Learn more at
535 5.7.8  https://support.google.com/mail/?p=BadCredentials q24sm3780114pgk.32 - gsmtp
\". at /home/adminlsp/appdir/vendor/swiftmailer/swiftmailer/lib/classes/Swift/Transport/Esmtp/AuthHandler.php:191)
[stacktrace]
#0 /home/adminlsp/appdir/vendor/swiftmailer/swiftmailer/lib/classes/Swift/Transport/EsmtpTransport.php(371): Swift_Transport_Esmtp_AuthHandler->afterEhlo(Object(Swift_SmtpTransport))
#1 /home/adminlsp/appdir/vendor/swiftmailer/swiftmailer/lib/classes/Swift/Transport/AbstractSmtpTransport.php(148): Swift_Transport_EsmtpTransport->doHeloCommand()
#2 /home/adminlsp/appdir/vendor/swiftmailer/swiftmailer/lib/classes/Swift/Mailer.php(65): Swift_Transport_AbstractSmtpTransport->start()
#3 /home/adminlsp/appdir/vendor/laravel/framework/src/Illuminate/Mail/Mailer.php(484): Swift_Mailer->send(Object(Swift_Message), Array)
#4 /home/adminlsp/appdir/vendor/laravel/framework/src/Illuminate/Mail/Mailer.php(259): Illuminate\\Mail\\Mailer->sendSwiftMessage(Object(Swift_Message))
#5 /home/adminlsp/appdir/vendor/laravel/framework/src/Illuminate/Mail/Mailable.php(159): Illuminate\\Mail\\Mailer->send('auth.mail', Array, Object(Closure))
#6 /home/adminlsp/appdir/vendor/laravel/framework/src/Illuminate/Support/Traits/Localizable.php(19): Illuminate\\Mail\\Mailable->Illuminate\\Mail\\{closure}()
#7 /home/adminlsp/appdir/vendor/laravel/framework/src/Illuminate/Mail/Mailable.php(160): Illuminate\\Mail\\Mailable->withLocale(NULL, Object(Closure))
#8 /home/adminlsp/appdir/vendor/laravel/framework/src/Illuminate/Mail/Mailer.php(275): Illuminate\\Mail\\Mailable->send(Object(Illuminate\\Mail\\Mailer))
#9 /home/adminlsp/appdir/vendor/laravel/framework/src/Illuminate/Mail/Mailer.php(229): Illuminate\\Mail\\Mailer->sendMailable(Object(App\\Mail\\RegisterMail))
#10 /home/adminlsp/appdir/vendor/laravel/framework/src/Illuminate/Mail/PendingMail.php(127): Illuminate\\Mail\\Mailer->send(Object(App\\Mail\\RegisterMail))
#11 /home/adminlsp/appdir/app/Listeners/RegisteredListener.php(30): Illuminate\\Mail\\PendingMail->send(Object(App\\Mail\\RegisterMail))
#12 [internal function]: App\\Listeners\\RegisteredListener->handle(Object(Illuminate\\Auth\\Events\\Registered))
#13 /home/adminlsp/appdir/vendor/laravel/framework/src/Illuminate/Events/Dispatcher.php(366): call_user_func_array(Array, Array)
#14 /home/adminlsp/appdir/vendor/laravel/framework/src/Illuminate/Events/Dispatcher.php(196): Illuminate\\Events\\Dispatcher->Illuminate\\Events\\{closure}('Illuminate\\\\Auth...', Array)
#15 /home/adminlsp/appdir/vendor/laravel/framework/src/Illuminate/Foundation/helpers.php(482): Illuminate\\Events\\Dispatcher->dispatch('Illuminate\\\\Auth...')
#16 /home/adminlsp/appdir/vendor/laravel/framework/src/Illuminate/Foundation/Auth/RegistersUsers.php(34): event(Object(Illuminate\\Auth\\Events\\Registered))
#17 [internal function]: App\\Http\\Controllers\\Auth\\RegisterController->register(Object(Illuminate\\Http\\Request))
#18 /home/adminlsp/appdir/vendor/laravel/framework/src/Illuminate/Routing/Controller.php(54): call_user_func_array(Array, Array)
#19 /home/adminlsp/appdir/vendor/laravel/framework/src/Illuminate/Routing/ControllerDispatcher.php(45): Illuminate\\Routing\\Controller->callAction('register', Array)
#20 /home/adminlsp/appdir/vendor/laravel/framework/src/Illuminate/Routing/Route.php(219): Illuminate\\Routing\\ControllerDispatcher->dispatch(Object(Illuminate\\Routing\\Route), Object(App\\Http\\Controllers\\Auth\\RegisterController), 'register')
#21 /home/adminlsp/appdir/vendor/laravel/framework/src/Illuminate/Routing/Route.php(176): Illuminate\\Routing\\Route->runController()
#22 /home/adminlsp/appdir/vendor/laravel/framework/src/Illuminate/Routing/Router.php(680): Illuminate\\Routing\\Route->run()
#23 /home/adminlsp/appdir/vendor/laravel/framework/src/Illuminate/Routing/Pipeline.php(30): Illuminate\\Routing\\Router->Illuminate\\Routing\\{closure}(Object(Illuminate\\Http\\Request))
#24 /home/adminlsp/appdir/app/Http/Middleware/RedirectIfAuthenticated.php(24): Illuminate\\Routing\\Pipeline->Illuminate\\Routing\\{closure}(Object(Illuminate\\Http\\Request))
#25 /home/adminlsp/appdir/vendor/laravel/framework/src/Illuminate/Pipeline/Pipeline.php(163): App\\Http\\Middleware\\RedirectIfAuthenticated->handle(Object(Illuminate\\Http\\Request), Object(Closure))
#26 /home/adminlsp/appdir/vendor/laravel/framework/src/Illuminate/Routing/Pipeline.php(53): Illuminate\\Pipeline\\Pipeline->Illuminate\\Pipeline\\{closure}(Object(Illuminate\\Http\\Request))
#27 /home/adminlsp/appdir/vendor/laravel/framework/src/Illuminate/Routing/Middleware/SubstituteBindings.php(41): Illuminate\\Routing\\Pipeline->Illuminate\\Routing\\{closure}(Object(Illuminate\\Http\\Request))
#28 /home/adminlsp/appdir/vendor/laravel/framework/src/Illuminate/Pipeline/Pipeline.php(163): Illuminate\\Routing\\Middleware\\SubstituteBindings->handle(Object(Illuminate\\Http\\Request), Object(Closure))
#29 /home/adminlsp/appdir/vendor/laravel/framework/src/Illuminate/Routing/Pipeline.php(53): Illuminate\\Pipeline\\Pipeline->Illuminate\\Pipeline\\{closure}(Object(Illuminate\\Http\\Request))
#30 /home/adminlsp/appdir/vendor/laravel/framework/src/Illuminate/Foundation/Http/Middleware/VerifyCsrfToken.php(75): Illuminate\\Routing\\Pipeline->Illuminate\\Routing\\{closure}(Object(Illuminate\\Http\\Request))
#31 /home/adminlsp/appdir/vendor/laravel/framework/src/Illuminate/Pipeline/Pipeline.php(163): Illuminate\\Foundation\\Http\\Middleware\\VerifyCsrfToken->handle(Object(Illuminate\\Http\\Request), Object(Closure))
#32 /home/adminlsp/appdir/vendor/laravel/framework/src/Illuminate/Routing/Pipeline.php(53): Illuminate\\Pipeline\\Pipeline->Illuminate\\Pipeline\\{closure}(Object(Illuminate\\Http\\Request))
#33 /home/adminlsp/appdir/vendor/laravel/framework/src/Illuminate/Session/Middleware/AuthenticateSession.php(39): Illuminate\\Routing\\Pipeline->Illuminate\\Routing\\{closure}(Object(Illuminate\\Http\\Request))
#34 /home/adminlsp/appdir/vendor/laravel/framework/src/Illuminate/Pipeline/Pipeline.php(163): Illuminate\\Session\\Middleware\\AuthenticateSession->handle(Object(Illuminate\\Http\\Request), Object(Closure))
#35 /home/adminlsp/appdir/vendor/laravel/framework/src/Illuminate/Routing/Pipeline.php(53): Illuminate\\Pipeline\\Pipeline->Illuminate\\Pipeline\\{closure}(Object(Illuminate\\Http\\Request))
#36 /home/adminlsp/appdir/vendor/laravel/framework/src/Illuminate/View/Middleware/ShareErrorsFromSession.php(49): Illuminate\\Routing\\Pipeline->Illuminate\\Routing\\{closure}(Object(Illuminate\\Http\\Request))
#37 /home/adminlsp/appdir/vendor/laravel/framework/src/Illuminate/Pipeline/Pipeline.php(163): Illuminate\\View\\Middleware\\ShareErrorsFromSession->handle(Object(Illuminate\\Http\\Request), Object(Closure))
#38 /home/adminlsp/appdir/vendor/laravel/framework/src/Illuminate/Routing/Pipeline.php(53): Illuminate\\Pipeline\\Pipeline->Illuminate\\Pipeline\\{closure}(Object(Illuminate\\Http\\Request))
#39 /home/adminlsp/appdir/vendor/laravel/framework/src/Illuminate/Session/Middleware/StartSession.php(56): Illuminate\\Routing\\Pipeline->Illuminate\\Routing\\{closure}(Object(Illuminate\\Http\\Request))
#40 /home/adminlsp/appdir/vendor/laravel/framework/src/Illuminate/Pipeline/Pipeline.php(163): Illuminate\\Session\\Middleware\\StartSession->handle(Object(Illuminate\\Http\\Request), Object(Closure))
#41 /home/adminlsp/appdir/vendor/laravel/framework/src/Illuminate/Routing/Pipeline.php(53): Illuminate\\Pipeline\\Pipeline->Illuminate\\Pipeline\\{closure}(Object(Illuminate\\Http\\Request))
#42 /home/adminlsp/appdir/vendor/laravel/framework/src/Illuminate/Cookie/Middleware/AddQueuedCookiesToResponse.php(37): Illuminate\\Routing\\Pipeline->Illuminate\\Routing\\{closure}(Object(Illuminate\\Http\\Request))
#43 /home/adminlsp/appdir/vendor/laravel/framework/src/Illuminate/Pipeline/Pipeline.php(163): Illuminate\\Cookie\\Middleware\\AddQueuedCookiesToResponse->handle(Object(Illuminate\\Http\\Request), Object(Closure))
#44 /home/adminlsp/appdir/vendor/laravel/framework/src/Illuminate/Routing/Pipeline.php(53): Illuminate\\Pipeline\\Pipeline->Illuminate\\Pipeline\\{closure}(Object(Illuminate\\Http\\Request))
#45 /home/adminlsp/appdir/vendor/laravel/framework/src/Illuminate/Cookie/Middleware/EncryptCookies.php(66): Illuminate\\Routing\\Pipeline->Illuminate\\Routing\\{closure}(Object(Illuminate\\Http\\Request))
#46 /home/adminlsp/appdir/vendor/laravel/framework/src/Illuminate/Pipeline/Pipeline.php(163): Illuminate\\Cookie\\Middleware\\EncryptCookies->handle(Object(Illuminate\\Http\\Request), Object(Closure))
#47 /home/adminlsp/appdir/vendor/laravel/framework/src/Illuminate/Routing/Pipeline.php(53): Illuminate\\Pipeline\\Pipeline->Illuminate\\Pipeline\\{closure}(Object(Illuminate\\Http\\Request))
#48 /home/adminlsp/appdir/vendor/laravel/framework/src/Illuminate/Pipeline/Pipeline.php(104): Illuminate\\Routing\\Pipeline->Illuminate\\Routing\\{closure}(Object(Illuminate\\Http\\Request))
#49 /home/adminlsp/appdir/vendor/laravel/framework/src/Illuminate/Routing/Router.php(682): Illuminate\\Pipeline\\Pipeline->then(Object(Closure))
#50 /home/adminlsp/appdir/vendor/laravel/framework/src/Illuminate/Routing/Router.php(657): Illuminate\\Routing\\Router->runRouteWithinStack(Object(Illuminate\\Routing\\Route), Object(Illuminate\\Http\\Request))
#51 /home/adminlsp/appdir/vendor/laravel/framework/src/Illuminate/Routing/Router.php(623): Illuminate\\Routing\\Router->runRoute(Object(Illuminate\\Http\\Request), Object(Illuminate\\Routing\\Route))
#52 /home/adminlsp/appdir/vendor/laravel/framework/src/Illuminate/Routing/Router.php(612): Illuminate\\Routing\\Router->dispatchToRoute(Object(Illuminate\\Http\\Request))
#53 /home/adminlsp/appdir/vendor/laravel/framework/src/Illuminate/Foundation/Http/Kernel.php(176): Illuminate\\Routing\\Router->dispatch(Object(Illuminate\\Http\\Request))
#54 /home/adminlsp/appdir/vendor/laravel/framework/src/Illuminate/Routing/Pipeline.php(30): Illuminate\\Foundation\\Http\\Kernel->Illuminate\\Foundation\\Http\\{closure}(Object(Illuminate\\Http\\Request))
#55 /home/adminlsp/appdir/vendor/fideloper/proxy/src/TrustProxies.php(57): Illuminate\\Routing\\Pipeline->Illuminate\\Routing\\{closure}(Object(Illuminate\\Http\\Request))
#56 /home/adminlsp/appdir/vendor/laravel/framework/src/Illuminate/Pipeline/Pipeline.php(163): Fideloper\\Proxy\\TrustProxies->handle(Object(Illuminate\\Http\\Request), Object(Closure))
#57 /home/adminlsp/appdir/vendor/laravel/framework/src/Illuminate/Routing/Pipeline.php(53): Illuminate\\Pipeline\\Pipeline->Illuminate\\Pipeline\\{closure}(Object(Illuminate\\Http\\Request))
#58 /home/adminlsp/appdir/vendor/laravel/framework/src/Illuminate/Foundation/Http/Middleware/TransformsRequest.php(21): Illuminate\\Routing\\Pipeline->Illuminate\\Routing\\{closure}(Object(Illuminate\\Http\\Request))
#59 /home/adminlsp/appdir/vendor/laravel/framework/src/Illuminate/Pipeline/Pipeline.php(163): Illuminate\\Foundation\\Http\\Middleware\\TransformsRequest->handle(Object(Illuminate\\Http\\Request), Object(Closure))
#60 /home/adminlsp/appdir/vendor/laravel/framework/src/Illuminate/Routing/Pipeline.php(53): Illuminate\\Pipeline\\Pipeline->Illuminate\\Pipeline\\{closure}(Object(Illuminate\\Http\\Request))
#61 /home/adminlsp/appdir/vendor/laravel/framework/src/Illuminate/Foundation/Http/Middleware/TransformsRequest.php(21): Illuminate\\Routing\\Pipeline->Illuminate\\Routing\\{closure}(Object(Illuminate\\Http\\Request))
#62 /home/adminlsp/appdir/vendor/laravel/framework/src/Illuminate/Pipeline/Pipeline.php(163): Illuminate\\Foundation\\Http\\Middleware\\TransformsRequest->handle(Object(Illuminate\\Http\\Request), Object(Closure))
#63 /home/adminlsp/appdir/vendor/laravel/framework/src/Illuminate/Routing/Pipeline.php(53): Illuminate\\Pipeline\\Pipeline->Illuminate\\Pipeline\\{closure}(Object(Illuminate\\Http\\Request))
#64 /home/adminlsp/appdir/vendor/laravel/framework/src/Illuminate/Foundation/Http/Middleware/ValidatePostSize.php(27): Illuminate\\Routing\\Pipeline->Illuminate\\Routing\\{closure}(Object(Illuminate\\Http\\Request))
#65 /home/adminlsp/appdir/vendor/laravel/framework/src/Illuminate/Pipeline/Pipeline.php(163): Illuminate\\Foundation\\Http\\Middleware\\ValidatePostSize->handle(Object(Illuminate\\Http\\Request), Object(Closure))
#66 /home/adminlsp/appdir/vendor/laravel/framework/src/Illuminate/Routing/Pipeline.php(53): Illuminate\\Pipeline\\Pipeline->Illuminate\\Pipeline\\{closure}(Object(Illuminate\\Http\\Request))
#67 /home/adminlsp/appdir/vendor/laravel/framework/src/Illuminate/Foundation/Http/Middleware/CheckForMaintenanceMode.php(62): Illuminate\\Routing\\Pipeline->Illuminate\\Routing\\{closure}(Object(Illuminate\\Http\\Request))
#68 /home/adminlsp/appdir/vendor/laravel/framework/src/Illuminate/Pipeline/Pipeline.php(163): Illuminate\\Foundation\\Http\\Middleware\\CheckForMaintenanceMode->handle(Object(Illuminate\\Http\\Request), Object(Closure))
#69 /home/adminlsp/appdir/vendor/laravel/framework/src/Illuminate/Routing/Pipeline.php(53): Illuminate\\Pipeline\\Pipeline->Illuminate\\Pipeline\\{closure}(Object(Illuminate\\Http\\Request))
#70 /home/adminlsp/appdir/vendor/laravel/framework/src/Illuminate/Pipeline/Pipeline.php(104): Illuminate\\Routing\\Pipeline->Illuminate\\Routing\\{closure}(Object(Illuminate\\Http\\Request))
#71 /home/adminlsp/appdir/vendor/laravel/framework/src/Illuminate/Foundation/Http/Kernel.php(151): Illuminate\\Pipeline\\Pipeline->then(Object(Closure))
#72 /home/adminlsp/appdir/vendor/laravel/framework/src/Illuminate/Foundation/Http/Kernel.php(116): Illuminate\\Foundation\\Http\\Kernel->sendRequestThroughRouter(Object(Illuminate\\Http\\Request))
#73 /home/adminlsp/appdir/public/index.php(55): Illuminate\\Foundation\\Http\\Kernel->handle(Object(Illuminate\\Http\\Request))
#74 /home/adminlsp/appdir/server.php(21): require_once('/home/adminlsp/...')
#75 {main}
"} 
[2021-06-17 03:51:40] local.ERROR: Failed to authenticate on SMTP server with username "lsp@polije.ac.id" using 3 possible authenticators. Authenticator LOGIN returned Expected response code 235 but got code "535", with message "535-5.7.8 Username and Password not accepted. Learn more at
535 5.7.8  https://support.google.com/mail/?p=BadCredentials o7sm3885896pgs.45 - gsmtp
". Authenticator PLAIN returned Expected response code 235 but got code "535", with message "535-5.7.8 Username and Password not accepted. Learn more at
535 5.7.8  https://support.google.com/mail/?p=BadCredentials o7sm3885896pgs.45 - gsmtp
". Authenticator XOAUTH2 returned Expected response code 250 but got code "535", with message "535-5.7.8 Username and Password not accepted. Learn more at
535 5.7.8  https://support.google.com/mail/?p=BadCredentials o7sm3885896pgs.45 - gsmtp
". {"exception":"[object] (Swift_TransportException(code: 0): Failed to authenticate on SMTP server with username \"lsp@polije.ac.id\" using 3 possible authenticators. Authenticator LOGIN returned Expected response code 235 but got code \"535\", with message \"535-5.7.8 Username and Password not accepted. Learn more at
535 5.7.8  https://support.google.com/mail/?p=BadCredentials o7sm3885896pgs.45 - gsmtp
\". Authenticator PLAIN returned Expected response code 235 but got code \"535\", with message \"535-5.7.8 Username and Password not accepted. Learn more at
535 5.7.8  https://support.google.com/mail/?p=BadCredentials o7sm3885896pgs.45 - gsmtp
\". Authenticator XOAUTH2 returned Expected response code 250 but got code \"535\", with message \"535-5.7.8 Username and Password not accepted. Learn more at
535 5.7.8  https://support.google.com/mail/?p=BadCredentials o7sm3885896pgs.45 - gsmtp
\". at /home/adminlsp/appdir/vendor/swiftmailer/swiftmailer/lib/classes/Swift/Transport/Esmtp/AuthHandler.php:191)
[stacktrace]
#0 /home/adminlsp/appdir/vendor/swiftmailer/swiftmailer/lib/classes/Swift/Transport/EsmtpTransport.php(371): Swift_Transport_Esmtp_AuthHandler->afterEhlo(Object(Swift_SmtpTransport))
#1 /home/adminlsp/appdir/vendor/swiftmailer/swiftmailer/lib/classes/Swift/Transport/AbstractSmtpTransport.php(148): Swift_Transport_EsmtpTransport->doHeloCommand()
#2 /home/adminlsp/appdir/vendor/swiftmailer/swiftmailer/lib/classes/Swift/Mailer.php(65): Swift_Transport_AbstractSmtpTransport->start()
#3 /home/adminlsp/appdir/vendor/laravel/framework/src/Illuminate/Mail/Mailer.php(484): Swift_Mailer->send(Object(Swift_Message), Array)
#4 /home/adminlsp/appdir/vendor/laravel/framework/src/Illuminate/Mail/Mailer.php(259): Illuminate\\Mail\\Mailer->sendSwiftMessage(Object(Swift_Message))
#5 /home/adminlsp/appdir/vendor/laravel/framework/src/Illuminate/Mail/Mailable.php(159): Illuminate\\Mail\\Mailer->send('auth.mail', Array, Object(Closure))
#6 /home/adminlsp/appdir/vendor/laravel/framework/src/Illuminate/Support/Traits/Localizable.php(19): Illuminate\\Mail\\Mailable->Illuminate\\Mail\\{closure}()
#7 /home/adminlsp/appdir/vendor/laravel/framework/src/Illuminate/Mail/Mailable.php(160): Illuminate\\Mail\\Mailable->withLocale(NULL, Object(Closure))
#8 /home/adminlsp/appdir/vendor/laravel/framework/src/Illuminate/Mail/Mailer.php(275): Illuminate\\Mail\\Mailable->send(Object(Illuminate\\Mail\\Mailer))
#9 /home/adminlsp/appdir/vendor/laravel/framework/src/Illuminate/Mail/Mailer.php(229): Illuminate\\Mail\\Mailer->sendMailable(Object(App\\Mail\\RegisterMail))
#10 /home/adminlsp/appdir/vendor/laravel/framework/src/Illuminate/Mail/PendingMail.php(127): Illuminate\\Mail\\Mailer->send(Object(App\\Mail\\RegisterMail))
#11 /home/adminlsp/appdir/app/Listeners/RegisteredListener.php(30): Illuminate\\Mail\\PendingMail->send(Object(App\\Mail\\RegisterMail))
#12 [internal function]: App\\Listeners\\RegisteredListener->handle(Object(Illuminate\\Auth\\Events\\Registered))
#13 /home/adminlsp/appdir/vendor/laravel/framework/src/Illuminate/Events/Dispatcher.php(366): call_user_func_array(Array, Array)
#14 /home/adminlsp/appdir/vendor/laravel/framework/src/Illuminate/Events/Dispatcher.php(196): Illuminate\\Events\\Dispatcher->Illuminate\\Events\\{closure}('Illuminate\\\\Auth...', Array)
#15 /home/adminlsp/appdir/vendor/laravel/framework/src/Illuminate/Foundation/helpers.php(482): Illuminate\\Events\\Dispatcher->dispatch('Illuminate\\\\Auth...')
#16 /home/adminlsp/appdir/vendor/laravel/framework/src/Illuminate/Foundation/Auth/RegistersUsers.php(34): event(Object(Illuminate\\Auth\\Events\\Registered))
#17 [internal function]: App\\Http\\Controllers\\Auth\\RegisterController->register(Object(Illuminate\\Http\\Request))
#18 /home/adminlsp/appdir/vendor/laravel/framework/src/Illuminate/Routing/Controller.php(54): call_user_func_array(Array, Array)
#19 /home/adminlsp/appdir/vendor/laravel/framework/src/Illuminate/Routing/ControllerDispatcher.php(45): Illuminate\\Routing\\Controller->callAction('register', Array)
#20 /home/adminlsp/appdir/vendor/laravel/framework/src/Illuminate/Routing/Route.php(219): Illuminate\\Routing\\ControllerDispatcher->dispatch(Object(Illuminate\\Routing\\Route), Object(App\\Http\\Controllers\\Auth\\RegisterController), 'register')
#21 /home/adminlsp/appdir/vendor/laravel/framework/src/Illuminate/Routing/Route.php(176): Illuminate\\Routing\\Route->runController()
#22 /home/adminlsp/appdir/vendor/laravel/framework/src/Illuminate/Routing/Router.php(680): Illuminate\\Routing\\Route->run()
#23 /home/adminlsp/appdir/vendor/laravel/framework/src/Illuminate/Routing/Pipeline.php(30): Illuminate\\Routing\\Router->Illuminate\\Routing\\{closure}(Object(Illuminate\\Http\\Request))
#24 /home/adminlsp/appdir/app/Http/Middleware/RedirectIfAuthenticated.php(24): Illuminate\\Routing\\Pipeline->Illuminate\\Routing\\{closure}(Object(Illuminate\\Http\\Request))
#25 /home/adminlsp/appdir/vendor/laravel/framework/src/Illuminate/Pipeline/Pipeline.php(163): App\\Http\\Middleware\\RedirectIfAuthenticated->handle(Object(Illuminate\\Http\\Request), Object(Closure))
#26 /home/adminlsp/appdir/vendor/laravel/framework/src/Illuminate/Routing/Pipeline.php(53): Illuminate\\Pipeline\\Pipeline->Illuminate\\Pipeline\\{closure}(Object(Illuminate\\Http\\Request))
#27 /home/adminlsp/appdir/vendor/laravel/framework/src/Illuminate/Routing/Middleware/SubstituteBindings.php(41): Illuminate\\Routing\\Pipeline->Illuminate\\Routing\\{closure}(Object(Illuminate\\Http\\Request))
#28 /home/adminlsp/appdir/vendor/laravel/framework/src/Illuminate/Pipeline/Pipeline.php(163): Illuminate\\Routing\\Middleware\\SubstituteBindings->handle(Object(Illuminate\\Http\\Request), Object(Closure))
#29 /home/adminlsp/appdir/vendor/laravel/framework/src/Illuminate/Routing/Pipeline.php(53): Illuminate\\Pipeline\\Pipeline->Illuminate\\Pipeline\\{closure}(Object(Illuminate\\Http\\Request))
#30 /home/adminlsp/appdir/vendor/laravel/framework/src/Illuminate/Foundation/Http/Middleware/VerifyCsrfToken.php(75): Illuminate\\Routing\\Pipeline->Illuminate\\Routing\\{closure}(Object(Illuminate\\Http\\Request))
#31 /home/adminlsp/appdir/vendor/laravel/framework/src/Illuminate/Pipeline/Pipeline.php(163): Illuminate\\Foundation\\Http\\Middleware\\VerifyCsrfToken->handle(Object(Illuminate\\Http\\Request), Object(Closure))
#32 /home/adminlsp/appdir/vendor/laravel/framework/src/Illuminate/Routing/Pipeline.php(53): Illuminate\\Pipeline\\Pipeline->Illuminate\\Pipeline\\{closure}(Object(Illuminate\\Http\\Request))
#33 /home/adminlsp/appdir/vendor/laravel/framework/src/Illuminate/Session/Middleware/AuthenticateSession.php(39): Illuminate\\Routing\\Pipeline->Illuminate\\Routing\\{closure}(Object(Illuminate\\Http\\Request))
#34 /home/adminlsp/appdir/vendor/laravel/framework/src/Illuminate/Pipeline/Pipeline.php(163): Illuminate\\Session\\Middleware\\AuthenticateSession->handle(Object(Illuminate\\Http\\Request), Object(Closure))
#35 /home/adminlsp/appdir/vendor/laravel/framework/src/Illuminate/Routing/Pipeline.php(53): Illuminate\\Pipeline\\Pipeline->Illuminate\\Pipeline\\{closure}(Object(Illuminate\\Http\\Request))
#36 /home/adminlsp/appdir/vendor/laravel/framework/src/Illuminate/View/Middleware/ShareErrorsFromSession.php(49): Illuminate\\Routing\\Pipeline->Illuminate\\Routing\\{closure}(Object(Illuminate\\Http\\Request))
#37 /home/adminlsp/appdir/vendor/laravel/framework/src/Illuminate/Pipeline/Pipeline.php(163): Illuminate\\View\\Middleware\\ShareErrorsFromSession->handle(Object(Illuminate\\Http\\Request), Object(Closure))
#38 /home/adminlsp/appdir/vendor/laravel/framework/src/Illuminate/Routing/Pipeline.php(53): Illuminate\\Pipeline\\Pipeline->Illuminate\\Pipeline\\{closure}(Object(Illuminate\\Http\\Request))
#39 /home/adminlsp/appdir/vendor/laravel/framework/src/Illuminate/Session/Middleware/StartSession.php(56): Illuminate\\Routing\\Pipeline->Illuminate\\Routing\\{closure}(Object(Illuminate\\Http\\Request))
#40 /home/adminlsp/appdir/vendor/laravel/framework/src/Illuminate/Pipeline/Pipeline.php(163): Illuminate\\Session\\Middleware\\StartSession->handle(Object(Illuminate\\Http\\Request), Object(Closure))
#41 /home/adminlsp/appdir/vendor/laravel/framework/src/Illuminate/Routing/Pipeline.php(53): Illuminate\\Pipeline\\Pipeline->Illuminate\\Pipeline\\{closure}(Object(Illuminate\\Http\\Request))
#42 /home/adminlsp/appdir/vendor/laravel/framework/src/Illuminate/Cookie/Middleware/AddQueuedCookiesToResponse.php(37): Illuminate\\Routing\\Pipeline->Illuminate\\Routing\\{closure}(Object(Illuminate\\Http\\Request))
#43 /home/adminlsp/appdir/vendor/laravel/framework/src/Illuminate/Pipeline/Pipeline.php(163): Illuminate\\Cookie\\Middleware\\AddQueuedCookiesToResponse->handle(Object(Illuminate\\Http\\Request), Object(Closure))
#44 /home/adminlsp/appdir/vendor/laravel/framework/src/Illuminate/Routing/Pipeline.php(53): Illuminate\\Pipeline\\Pipeline->Illuminate\\Pipeline\\{closure}(Object(Illuminate\\Http\\Request))
#45 /home/adminlsp/appdir/vendor/laravel/framework/src/Illuminate/Cookie/Middleware/EncryptCookies.php(66): Illuminate\\Routing\\Pipeline->Illuminate\\Routing\\{closure}(Object(Illuminate\\Http\\Request))
#46 /home/adminlsp/appdir/vendor/laravel/framework/src/Illuminate/Pipeline/Pipeline.php(163): Illuminate\\Cookie\\Middleware\\EncryptCookies->handle(Object(Illuminate\\Http\\Request), Object(Closure))
#47 /home/adminlsp/appdir/vendor/laravel/framework/src/Illuminate/Routing/Pipeline.php(53): Illuminate\\Pipeline\\Pipeline->Illuminate\\Pipeline\\{closure}(Object(Illuminate\\Http\\Request))
#48 /home/adminlsp/appdir/vendor/laravel/framework/src/Illuminate/Pipeline/Pipeline.php(104): Illuminate\\Routing\\Pipeline->Illuminate\\Routing\\{closure}(Object(Illuminate\\Http\\Request))
#49 /home/adminlsp/appdir/vendor/laravel/framework/src/Illuminate/Routing/Router.php(682): Illuminate\\Pipeline\\Pipeline->then(Object(Closure))
#50 /home/adminlsp/appdir/vendor/laravel/framework/src/Illuminate/Routing/Router.php(657): Illuminate\\Routing\\Router->runRouteWithinStack(Object(Illuminate\\Routing\\Route), Object(Illuminate\\Http\\Request))
#51 /home/adminlsp/appdir/vendor/laravel/framework/src/Illuminate/Routing/Router.php(623): Illuminate\\Routing\\Router->runRoute(Object(Illuminate\\Http\\Request), Object(Illuminate\\Routing\\Route))
#52 /home/adminlsp/appdir/vendor/laravel/framework/src/Illuminate/Routing/Router.php(612): Illuminate\\Routing\\Router->dispatchToRoute(Object(Illuminate\\Http\\Request))
#53 /home/adminlsp/appdir/vendor/laravel/framework/src/Illuminate/Foundation/Http/Kernel.php(176): Illuminate\\Routing\\Router->dispatch(Object(Illuminate\\Http\\Request))
#54 /home/adminlsp/appdir/vendor/laravel/framework/src/Illuminate/Routing/Pipeline.php(30): Illuminate\\Foundation\\Http\\Kernel->Illuminate\\Foundation\\Http\\{closure}(Object(Illuminate\\Http\\Request))
#55 /home/adminlsp/appdir/vendor/fideloper/proxy/src/TrustProxies.php(57): Illuminate\\Routing\\Pipeline->Illuminate\\Routing\\{closure}(Object(Illuminate\\Http\\Request))
#56 /home/adminlsp/appdir/vendor/laravel/framework/src/Illuminate/Pipeline/Pipeline.php(163): Fideloper\\Proxy\\TrustProxies->handle(Object(Illuminate\\Http\\Request), Object(Closure))
#57 /home/adminlsp/appdir/vendor/laravel/framework/src/Illuminate/Routing/Pipeline.php(53): Illuminate\\Pipeline\\Pipeline->Illuminate\\Pipeline\\{closure}(Object(Illuminate\\Http\\Request))
#58 /home/adminlsp/appdir/vendor/laravel/framework/src/Illuminate/Foundation/Http/Middleware/TransformsRequest.php(21): Illuminate\\Routing\\Pipeline->Illuminate\\Routing\\{closure}(Object(Illuminate\\Http\\Request))
#59 /home/adminlsp/appdir/vendor/laravel/framework/src/Illuminate/Pipeline/Pipeline.php(163): Illuminate\\Foundation\\Http\\Middleware\\TransformsRequest->handle(Object(Illuminate\\Http\\Request), Object(Closure))
#60 /home/adminlsp/appdir/vendor/laravel/framework/src/Illuminate/Routing/Pipeline.php(53): Illuminate\\Pipeline\\Pipeline->Illuminate\\Pipeline\\{closure}(Object(Illuminate\\Http\\Request))
#61 /home/adminlsp/appdir/vendor/laravel/framework/src/Illuminate/Foundation/Http/Middleware/TransformsRequest.php(21): Illuminate\\Routing\\Pipeline->Illuminate\\Routing\\{closure}(Object(Illuminate\\Http\\Request))
#62 /home/adminlsp/appdir/vendor/laravel/framework/src/Illuminate/Pipeline/Pipeline.php(163): Illuminate\\Foundation\\Http\\Middleware\\TransformsRequest->handle(Object(Illuminate\\Http\\Request), Object(Closure))
#63 /home/adminlsp/appdir/vendor/laravel/framework/src/Illuminate/Routing/Pipeline.php(53): Illuminate\\Pipeline\\Pipeline->Illuminate\\Pipeline\\{closure}(Object(Illuminate\\Http\\Request))
#64 /home/adminlsp/appdir/vendor/laravel/framework/src/Illuminate/Foundation/Http/Middleware/ValidatePostSize.php(27): Illuminate\\Routing\\Pipeline->Illuminate\\Routing\\{closure}(Object(Illuminate\\Http\\Request))
#65 /home/adminlsp/appdir/vendor/laravel/framework/src/Illuminate/Pipeline/Pipeline.php(163): Illuminate\\Foundation\\Http\\Middleware\\ValidatePostSize->handle(Object(Illuminate\\Http\\Request), Object(Closure))
#66 /home/adminlsp/appdir/vendor/laravel/framework/src/Illuminate/Routing/Pipeline.php(53): Illuminate\\Pipeline\\Pipeline->Illuminate\\Pipeline\\{closure}(Object(Illuminate\\Http\\Request))
#67 /home/adminlsp/appdir/vendor/laravel/framework/src/Illuminate/Foundation/Http/Middleware/CheckForMaintenanceMode.php(62): Illuminate\\Routing\\Pipeline->Illuminate\\Routing\\{closure}(Object(Illuminate\\Http\\Request))
#68 /home/adminlsp/appdir/vendor/laravel/framework/src/Illuminate/Pipeline/Pipeline.php(163): Illuminate\\Foundation\\Http\\Middleware\\CheckForMaintenanceMode->handle(Object(Illuminate\\Http\\Request), Object(Closure))
#69 /home/adminlsp/appdir/vendor/laravel/framework/src/Illuminate/Routing/Pipeline.php(53): Illuminate\\Pipeline\\Pipeline->Illuminate\\Pipeline\\{closure}(Object(Illuminate\\Http\\Request))
#70 /home/adminlsp/appdir/vendor/laravel/framework/src/Illuminate/Pipeline/Pipeline.php(104): Illuminate\\Routing\\Pipeline->Illuminate\\Routing\\{closure}(Object(Illuminate\\Http\\Request))
#71 /home/adminlsp/appdir/vendor/laravel/framework/src/Illuminate/Foundation/Http/Kernel.php(151): Illuminate\\Pipeline\\Pipeline->then(Object(Closure))
#72 /home/adminlsp/appdir/vendor/laravel/framework/src/Illuminate/Foundation/Http/Kernel.php(116): Illuminate\\Foundation\\Http\\Kernel->sendRequestThroughRouter(Object(Illuminate\\Http\\Request))
#73 /home/adminlsp/appdir/public/index.php(55): Illuminate\\Foundation\\Http\\Kernel->handle(Object(Illuminate\\Http\\Request))
#74 /home/adminlsp/appdir/server.php(21): require_once('/home/adminlsp/...')
#75 {main}
"} 
[2021-06-17 03:52:50] local.ERROR: Failed to authenticate on SMTP server with username "lsp@polije.ac.id" using 3 possible authenticators. Authenticator LOGIN returned Expected response code 235 but got code "535", with message "535-5.7.8 Username and Password not accepted. Learn more at
535 5.7.8  https://support.google.com/mail/?p=BadCredentials w8sm3889812pgf.81 - gsmtp
". Authenticator PLAIN returned Expected response code 235 but got code "535", with message "535-5.7.8 Username and Password not accepted. Learn more at
535 5.7.8  https://support.google.com/mail/?p=BadCredentials w8sm3889812pgf.81 - gsmtp
". Authenticator XOAUTH2 returned Expected response code 250 but got code "535", with message "535-5.7.8 Username and Password not accepted. Learn more at
535 5.7.8  https://support.google.com/mail/?p=BadCredentials w8sm3889812pgf.81 - gsmtp
". {"exception":"[object] (Swift_TransportException(code: 0): Failed to authenticate on SMTP server with username \"lsp@polije.ac.id\" using 3 possible authenticators. Authenticator LOGIN returned Expected response code 235 but got code \"535\", with message \"535-5.7.8 Username and Password not accepted. Learn more at
535 5.7.8  https://support.google.com/mail/?p=BadCredentials w8sm3889812pgf.81 - gsmtp
\". Authenticator PLAIN returned Expected response code 235 but got code \"535\", with message \"535-5.7.8 Username and Password not accepted. Learn more at
535 5.7.8  https://support.google.com/mail/?p=BadCredentials w8sm3889812pgf.81 - gsmtp
\". Authenticator XOAUTH2 returned Expected response code 250 but got code \"535\", with message \"535-5.7.8 Username and Password not accepted. Learn more at
535 5.7.8  https://support.google.com/mail/?p=BadCredentials w8sm3889812pgf.81 - gsmtp
\". at /home/adminlsp/appdir/vendor/swiftmailer/swiftmailer/lib/classes/Swift/Transport/Esmtp/AuthHandler.php:191)
[stacktrace]
#0 /home/adminlsp/appdir/vendor/swiftmailer/swiftmailer/lib/classes/Swift/Transport/EsmtpTransport.php(371): Swift_Transport_Esmtp_AuthHandler->afterEhlo(Object(Swift_SmtpTransport))
#1 /home/adminlsp/appdir/vendor/swiftmailer/swiftmailer/lib/classes/Swift/Transport/AbstractSmtpTransport.php(148): Swift_Transport_EsmtpTransport->doHeloCommand()
#2 /home/adminlsp/appdir/vendor/swiftmailer/swiftmailer/lib/classes/Swift/Mailer.php(65): Swift_Transport_AbstractSmtpTransport->start()
#3 /home/adminlsp/appdir/vendor/laravel/framework/src/Illuminate/Mail/Mailer.php(484): Swift_Mailer->send(Object(Swift_Message), Array)
#4 /home/adminlsp/appdir/vendor/laravel/framework/src/Illuminate/Mail/Mailer.php(259): Illuminate\\Mail\\Mailer->sendSwiftMessage(Object(Swift_Message))
#5 /home/adminlsp/appdir/vendor/laravel/framework/src/Illuminate/Mail/Mailable.php(159): Illuminate\\Mail\\Mailer->send('auth.mail', Array, Object(Closure))
#6 /home/adminlsp/appdir/vendor/laravel/framework/src/Illuminate/Support/Traits/Localizable.php(19): Illuminate\\Mail\\Mailable->Illuminate\\Mail\\{closure}()
#7 /home/adminlsp/appdir/vendor/laravel/framework/src/Illuminate/Mail/Mailable.php(160): Illuminate\\Mail\\Mailable->withLocale(NULL, Object(Closure))
#8 /home/adminlsp/appdir/vendor/laravel/framework/src/Illuminate/Mail/Mailer.php(275): Illuminate\\Mail\\Mailable->send(Object(Illuminate\\Mail\\Mailer))
#9 /home/adminlsp/appdir/vendor/laravel/framework/src/Illuminate/Mail/Mailer.php(229): Illuminate\\Mail\\Mailer->sendMailable(Object(App\\Mail\\RegisterMail))
#10 /home/adminlsp/appdir/vendor/laravel/framework/src/Illuminate/Mail/PendingMail.php(127): Illuminate\\Mail\\Mailer->send(Object(App\\Mail\\RegisterMail))
#11 /home/adminlsp/appdir/app/Listeners/RegisteredListener.php(30): Illuminate\\Mail\\PendingMail->send(Object(App\\Mail\\RegisterMail))
#12 [internal function]: App\\Listeners\\RegisteredListener->handle(Object(Illuminate\\Auth\\Events\\Registered))
#13 /home/adminlsp/appdir/vendor/laravel/framework/src/Illuminate/Events/Dispatcher.php(366): call_user_func_array(Array, Array)
#14 /home/adminlsp/appdir/vendor/laravel/framework/src/Illuminate/Events/Dispatcher.php(196): Illuminate\\Events\\Dispatcher->Illuminate\\Events\\{closure}('Illuminate\\\\Auth...', Array)
#15 /home/adminlsp/appdir/vendor/laravel/framework/src/Illuminate/Foundation/helpers.php(482): Illuminate\\Events\\Dispatcher->dispatch('Illuminate\\\\Auth...')
#16 /home/adminlsp/appdir/vendor/laravel/framework/src/Illuminate/Foundation/Auth/RegistersUsers.php(34): event(Object(Illuminate\\Auth\\Events\\Registered))
#17 [internal function]: App\\Http\\Controllers\\Auth\\RegisterController->register(Object(Illuminate\\Http\\Request))
#18 /home/adminlsp/appdir/vendor/laravel/framework/src/Illuminate/Routing/Controller.php(54): call_user_func_array(Array, Array)
#19 /home/adminlsp/appdir/vendor/laravel/framework/src/Illuminate/Routing/ControllerDispatcher.php(45): Illuminate\\Routing\\Controller->callAction('register', Array)
#20 /home/adminlsp/appdir/vendor/laravel/framework/src/Illuminate/Routing/Route.php(219): Illuminate\\Routing\\ControllerDispatcher->dispatch(Object(Illuminate\\Routing\\Route), Object(App\\Http\\Controllers\\Auth\\RegisterController), 'register')
#21 /home/adminlsp/appdir/vendor/laravel/framework/src/Illuminate/Routing/Route.php(176): Illuminate\\Routing\\Route->runController()
#22 /home/adminlsp/appdir/vendor/laravel/framework/src/Illuminate/Routing/Router.php(680): Illuminate\\Routing\\Route->run()
#23 /home/adminlsp/appdir/vendor/laravel/framework/src/Illuminate/Routing/Pipeline.php(30): Illuminate\\Routing\\Router->Illuminate\\Routing\\{closure}(Object(Illuminate\\Http\\Request))
#24 /home/adminlsp/appdir/app/Http/Middleware/RedirectIfAuthenticated.php(24): Illuminate\\Routing\\Pipeline->Illuminate\\Routing\\{closure}(Object(Illuminate\\Http\\Request))
#25 /home/adminlsp/appdir/vendor/laravel/framework/src/Illuminate/Pipeline/Pipeline.php(163): App\\Http\\Middleware\\RedirectIfAuthenticated->handle(Object(Illuminate\\Http\\Request), Object(Closure))
#26 /home/adminlsp/appdir/vendor/laravel/framework/src/Illuminate/Routing/Pipeline.php(53): Illuminate\\Pipeline\\Pipeline->Illuminate\\Pipeline\\{closure}(Object(Illuminate\\Http\\Request))
#27 /home/adminlsp/appdir/vendor/laravel/framework/src/Illuminate/Routing/Middleware/SubstituteBindings.php(41): Illuminate\\Routing\\Pipeline->Illuminate\\Routing\\{closure}(Object(Illuminate\\Http\\Request))
#28 /home/adminlsp/appdir/vendor/laravel/framework/src/Illuminate/Pipeline/Pipeline.php(163): Illuminate\\Routing\\Middleware\\SubstituteBindings->handle(Object(Illuminate\\Http\\Request), Object(Closure))
#29 /home/adminlsp/appdir/vendor/laravel/framework/src/Illuminate/Routing/Pipeline.php(53): Illuminate\\Pipeline\\Pipeline->Illuminate\\Pipeline\\{closure}(Object(Illuminate\\Http\\Request))
#30 /home/adminlsp/appdir/vendor/laravel/framework/src/Illuminate/Foundation/Http/Middleware/VerifyCsrfToken.php(75): Illuminate\\Routing\\Pipeline->Illuminate\\Routing\\{closure}(Object(Illuminate\\Http\\Request))
#31 /home/adminlsp/appdir/vendor/laravel/framework/src/Illuminate/Pipeline/Pipeline.php(163): Illuminate\\Foundation\\Http\\Middleware\\VerifyCsrfToken->handle(Object(Illuminate\\Http\\Request), Object(Closure))
#32 /home/adminlsp/appdir/vendor/laravel/framework/src/Illuminate/Routing/Pipeline.php(53): Illuminate\\Pipeline\\Pipeline->Illuminate\\Pipeline\\{closure}(Object(Illuminate\\Http\\Request))
#33 /home/adminlsp/appdir/vendor/laravel/framework/src/Illuminate/Session/Middleware/AuthenticateSession.php(39): Illuminate\\Routing\\Pipeline->Illuminate\\Routing\\{closure}(Object(Illuminate\\Http\\Request))
#34 /home/adminlsp/appdir/vendor/laravel/framework/src/Illuminate/Pipeline/Pipeline.php(163): Illuminate\\Session\\Middleware\\AuthenticateSession->handle(Object(Illuminate\\Http\\Request), Object(Closure))
#35 /home/adminlsp/appdir/vendor/laravel/framework/src/Illuminate/Routing/Pipeline.php(53): Illuminate\\Pipeline\\Pipeline->Illuminate\\Pipeline\\{closure}(Object(Illuminate\\Http\\Request))
#36 /home/adminlsp/appdir/vendor/laravel/framework/src/Illuminate/View/Middleware/ShareErrorsFromSession.php(49): Illuminate\\Routing\\Pipeline->Illuminate\\Routing\\{closure}(Object(Illuminate\\Http\\Request))
#37 /home/adminlsp/appdir/vendor/laravel/framework/src/Illuminate/Pipeline/Pipeline.php(163): Illuminate\\View\\Middleware\\ShareErrorsFromSession->handle(Object(Illuminate\\Http\\Request), Object(Closure))
#38 /home/adminlsp/appdir/vendor/laravel/framework/src/Illuminate/Routing/Pipeline.php(53): Illuminate\\Pipeline\\Pipeline->Illuminate\\Pipeline\\{closure}(Object(Illuminate\\Http\\Request))
#39 /home/adminlsp/appdir/vendor/laravel/framework/src/Illuminate/Session/Middleware/StartSession.php(56): Illuminate\\Routing\\Pipeline->Illuminate\\Routing\\{closure}(Object(Illuminate\\Http\\Request))
#40 /home/adminlsp/appdir/vendor/laravel/framework/src/Illuminate/Pipeline/Pipeline.php(163): Illuminate\\Session\\Middleware\\StartSession->handle(Object(Illuminate\\Http\\Request), Object(Closure))
#41 /home/adminlsp/appdir/vendor/laravel/framework/src/Illuminate/Routing/Pipeline.php(53): Illuminate\\Pipeline\\Pipeline->Illuminate\\Pipeline\\{closure}(Object(Illuminate\\Http\\Request))
#42 /home/adminlsp/appdir/vendor/laravel/framework/src/Illuminate/Cookie/Middleware/AddQueuedCookiesToResponse.php(37): Illuminate\\Routing\\Pipeline->Illuminate\\Routing\\{closure}(Object(Illuminate\\Http\\Request))
#43 /home/adminlsp/appdir/vendor/laravel/framework/src/Illuminate/Pipeline/Pipeline.php(163): Illuminate\\Cookie\\Middleware\\AddQueuedCookiesToResponse->handle(Object(Illuminate\\Http\\Request), Object(Closure))
#44 /home/adminlsp/appdir/vendor/laravel/framework/src/Illuminate/Routing/Pipeline.php(53): Illuminate\\Pipeline\\Pipeline->Illuminate\\Pipeline\\{closure}(Object(Illuminate\\Http\\Request))
#45 /home/adminlsp/appdir/vendor/laravel/framework/src/Illuminate/Cookie/Middleware/EncryptCookies.php(66): Illuminate\\Routing\\Pipeline->Illuminate\\Routing\\{closure}(Object(Illuminate\\Http\\Request))
#46 /home/adminlsp/appdir/vendor/laravel/framework/src/Illuminate/Pipeline/Pipeline.php(163): Illuminate\\Cookie\\Middleware\\EncryptCookies->handle(Object(Illuminate\\Http\\Request), Object(Closure))
#47 /home/adminlsp/appdir/vendor/laravel/framework/src/Illuminate/Routing/Pipeline.php(53): Illuminate\\Pipeline\\Pipeline->Illuminate\\Pipeline\\{closure}(Object(Illuminate\\Http\\Request))
#48 /home/adminlsp/appdir/vendor/laravel/framework/src/Illuminate/Pipeline/Pipeline.php(104): Illuminate\\Routing\\Pipeline->Illuminate\\Routing\\{closure}(Object(Illuminate\\Http\\Request))
#49 /home/adminlsp/appdir/vendor/laravel/framework/src/Illuminate/Routing/Router.php(682): Illuminate\\Pipeline\\Pipeline->then(Object(Closure))
#50 /home/adminlsp/appdir/vendor/laravel/framework/src/Illuminate/Routing/Router.php(657): Illuminate\\Routing\\Router->runRouteWithinStack(Object(Illuminate\\Routing\\Route), Object(Illuminate\\Http\\Request))
#51 /home/adminlsp/appdir/vendor/laravel/framework/src/Illuminate/Routing/Router.php(623): Illuminate\\Routing\\Router->runRoute(Object(Illuminate\\Http\\Request), Object(Illuminate\\Routing\\Route))
#52 /home/adminlsp/appdir/vendor/laravel/framework/src/Illuminate/Routing/Router.php(612): Illuminate\\Routing\\Router->dispatchToRoute(Object(Illuminate\\Http\\Request))
#53 /home/adminlsp/appdir/vendor/laravel/framework/src/Illuminate/Foundation/Http/Kernel.php(176): Illuminate\\Routing\\Router->dispatch(Object(Illuminate\\Http\\Request))
#54 /home/adminlsp/appdir/vendor/laravel/framework/src/Illuminate/Routing/Pipeline.php(30): Illuminate\\Foundation\\Http\\Kernel->Illuminate\\Foundation\\Http\\{closure}(Object(Illuminate\\Http\\Request))
#55 /home/adminlsp/appdir/vendor/fideloper/proxy/src/TrustProxies.php(57): Illuminate\\Routing\\Pipeline->Illuminate\\Routing\\{closure}(Object(Illuminate\\Http\\Request))
#56 /home/adminlsp/appdir/vendor/laravel/framework/src/Illuminate/Pipeline/Pipeline.php(163): Fideloper\\Proxy\\TrustProxies->handle(Object(Illuminate\\Http\\Request), Object(Closure))
#57 /home/adminlsp/appdir/vendor/laravel/framework/src/Illuminate/Routing/Pipeline.php(53): Illuminate\\Pipeline\\Pipeline->Illuminate\\Pipeline\\{closure}(Object(Illuminate\\Http\\Request))
#58 /home/adminlsp/appdir/vendor/laravel/framework/src/Illuminate/Foundation/Http/Middleware/TransformsRequest.php(21): Illuminate\\Routing\\Pipeline->Illuminate\\Routing\\{closure}(Object(Illuminate\\Http\\Request))
#59 /home/adminlsp/appdir/vendor/laravel/framework/src/Illuminate/Pipeline/Pipeline.php(163): Illuminate\\Foundation\\Http\\Middleware\\TransformsRequest->handle(Object(Illuminate\\Http\\Request), Object(Closure))
#60 /home/adminlsp/appdir/vendor/laravel/framework/src/Illuminate/Routing/Pipeline.php(53): Illuminate\\Pipeline\\Pipeline->Illuminate\\Pipeline\\{closure}(Object(Illuminate\\Http\\Request))
#61 /home/adminlsp/appdir/vendor/laravel/framework/src/Illuminate/Foundation/Http/Middleware/TransformsRequest.php(21): Illuminate\\Routing\\Pipeline->Illuminate\\Routing\\{closure}(Object(Illuminate\\Http\\Request))
#62 /home/adminlsp/appdir/vendor/laravel/framework/src/Illuminate/Pipeline/Pipeline.php(163): Illuminate\\Foundation\\Http\\Middleware\\TransformsRequest->handle(Object(Illuminate\\Http\\Request), Object(Closure))
#63 /home/adminlsp/appdir/vendor/laravel/framework/src/Illuminate/Routing/Pipeline.php(53): Illuminate\\Pipeline\\Pipeline->Illuminate\\Pipeline\\{closure}(Object(Illuminate\\Http\\Request))
#64 /home/adminlsp/appdir/vendor/laravel/framework/src/Illuminate/Foundation/Http/Middleware/ValidatePostSize.php(27): Illuminate\\Routing\\Pipeline->Illuminate\\Routing\\{closure}(Object(Illuminate\\Http\\Request))
#65 /home/adminlsp/appdir/vendor/laravel/framework/src/Illuminate/Pipeline/Pipeline.php(163): Illuminate\\Foundation\\Http\\Middleware\\ValidatePostSize->handle(Object(Illuminate\\Http\\Request), Object(Closure))
#66 /home/adminlsp/appdir/vendor/laravel/framework/src/Illuminate/Routing/Pipeline.php(53): Illuminate\\Pipeline\\Pipeline->Illuminate\\Pipeline\\{closure}(Object(Illuminate\\Http\\Request))
#67 /home/adminlsp/appdir/vendor/laravel/framework/src/Illuminate/Foundation/Http/Middleware/CheckForMaintenanceMode.php(62): Illuminate\\Routing\\Pipeline->Illuminate\\Routing\\{closure}(Object(Illuminate\\Http\\Request))
#68 /home/adminlsp/appdir/vendor/laravel/framework/src/Illuminate/Pipeline/Pipeline.php(163): Illuminate\\Foundation\\Http\\Middleware\\CheckForMaintenanceMode->handle(Object(Illuminate\\Http\\Request), Object(Closure))
#69 /home/adminlsp/appdir/vendor/laravel/framework/src/Illuminate/Routing/Pipeline.php(53): Illuminate\\Pipeline\\Pipeline->Illuminate\\Pipeline\\{closure}(Object(Illuminate\\Http\\Request))
#70 /home/adminlsp/appdir/vendor/laravel/framework/src/Illuminate/Pipeline/Pipeline.php(104): Illuminate\\Routing\\Pipeline->Illuminate\\Routing\\{closure}(Object(Illuminate\\Http\\Request))
#71 /home/adminlsp/appdir/vendor/laravel/framework/src/Illuminate/Foundation/Http/Kernel.php(151): Illuminate\\Pipeline\\Pipeline->then(Object(Closure))
#72 /home/adminlsp/appdir/vendor/laravel/framework/src/Illuminate/Foundation/Http/Kernel.php(116): Illuminate\\Foundation\\Http\\Kernel->sendRequestThroughRouter(Object(Illuminate\\Http\\Request))
#73 /home/adminlsp/appdir/public/index.php(55): Illuminate\\Foundation\\Http\\Kernel->handle(Object(Illuminate\\Http\\Request))
#74 /home/adminlsp/appdir/server.php(21): require_once('/home/adminlsp/...')
#75 {main}
"} 
[2021-06-17 03:52:57] local.ERROR: Failed to authenticate on SMTP server with username "lsp@polije.ac.id" using 3 possible authenticators. Authenticator LOGIN returned Expected response code 235 but got code "535", with message "535-5.7.8 Username and Password not accepted. Learn more at
535 5.7.8  https://support.google.com/mail/?p=BadCredentials i9sm6699684pjd.55 - gsmtp
". Authenticator PLAIN returned Expected response code 235 but got code "535", with message "535-5.7.8 Username and Password not accepted. Learn more at
535 5.7.8  https://support.google.com/mail/?p=BadCredentials i9sm6699684pjd.55 - gsmtp
". Authenticator XOAUTH2 returned Expected response code 250 but got code "535", with message "535-5.7.8 Username and Password not accepted. Learn more at
535 5.7.8  https://support.google.com/mail/?p=BadCredentials i9sm6699684pjd.55 - gsmtp
". {"exception":"[object] (Swift_TransportException(code: 0): Failed to authenticate on SMTP server with username \"lsp@polije.ac.id\" using 3 possible authenticators. Authenticator LOGIN returned Expected response code 235 but got code \"535\", with message \"535-5.7.8 Username and Password not accepted. Learn more at
535 5.7.8  https://support.google.com/mail/?p=BadCredentials i9sm6699684pjd.55 - gsmtp
\". Authenticator PLAIN returned Expected response code 235 but got code \"535\", with message \"535-5.7.8 Username and Password not accepted. Learn more at
535 5.7.8  https://support.google.com/mail/?p=BadCredentials i9sm6699684pjd.55 - gsmtp
\". Authenticator XOAUTH2 returned Expected response code 250 but got code \"535\", with message \"535-5.7.8 Username and Password not accepted. Learn more at
535 5.7.8  https://support.google.com/mail/?p=BadCredentials i9sm6699684pjd.55 - gsmtp
\". at /home/adminlsp/appdir/vendor/swiftmailer/swiftmailer/lib/classes/Swift/Transport/Esmtp/AuthHandler.php:191)
[stacktrace]
#0 /home/adminlsp/appdir/vendor/swiftmailer/swiftmailer/lib/classes/Swift/Transport/EsmtpTransport.php(371): Swift_Transport_Esmtp_AuthHandler->afterEhlo(Object(Swift_SmtpTransport))
#1 /home/adminlsp/appdir/vendor/swiftmailer/swiftmailer/lib/classes/Swift/Transport/AbstractSmtpTransport.php(148): Swift_Transport_EsmtpTransport->doHeloCommand()
#2 /home/adminlsp/appdir/vendor/swiftmailer/swiftmailer/lib/classes/Swift/Mailer.php(65): Swift_Transport_AbstractSmtpTransport->start()
#3 /home/adminlsp/appdir/vendor/laravel/framework/src/Illuminate/Mail/Mailer.php(484): Swift_Mailer->send(Object(Swift_Message), Array)
#4 /home/adminlsp/appdir/vendor/laravel/framework/src/Illuminate/Mail/Mailer.php(259): Illuminate\\Mail\\Mailer->sendSwiftMessage(Object(Swift_Message))
#5 /home/adminlsp/appdir/vendor/laravel/framework/src/Illuminate/Mail/Mailable.php(159): Illuminate\\Mail\\Mailer->send('auth.mail', Array, Object(Closure))
#6 /home/adminlsp/appdir/vendor/laravel/framework/src/Illuminate/Support/Traits/Localizable.php(19): Illuminate\\Mail\\Mailable->Illuminate\\Mail\\{closure}()
#7 /home/adminlsp/appdir/vendor/laravel/framework/src/Illuminate/Mail/Mailable.php(160): Illuminate\\Mail\\Mailable->withLocale(NULL, Object(Closure))
#8 /home/adminlsp/appdir/vendor/laravel/framework/src/Illuminate/Mail/Mailer.php(275): Illuminate\\Mail\\Mailable->send(Object(Illuminate\\Mail\\Mailer))
#9 /home/adminlsp/appdir/vendor/laravel/framework/src/Illuminate/Mail/Mailer.php(229): Illuminate\\Mail\\Mailer->sendMailable(Object(App\\Mail\\RegisterMail))
#10 /home/adminlsp/appdir/vendor/laravel/framework/src/Illuminate/Mail/PendingMail.php(127): Illuminate\\Mail\\Mailer->send(Object(App\\Mail\\RegisterMail))
#11 /home/adminlsp/appdir/app/Listeners/RegisteredListener.php(30): Illuminate\\Mail\\PendingMail->send(Object(App\\Mail\\RegisterMail))
#12 [internal function]: App\\Listeners\\RegisteredListener->handle(Object(Illuminate\\Auth\\Events\\Registered))
#13 /home/adminlsp/appdir/vendor/laravel/framework/src/Illuminate/Events/Dispatcher.php(366): call_user_func_array(Array, Array)
#14 /home/adminlsp/appdir/vendor/laravel/framework/src/Illuminate/Events/Dispatcher.php(196): Illuminate\\Events\\Dispatcher->Illuminate\\Events\\{closure}('Illuminate\\\\Auth...', Array)
#15 /home/adminlsp/appdir/vendor/laravel/framework/src/Illuminate/Foundation/helpers.php(482): Illuminate\\Events\\Dispatcher->dispatch('Illuminate\\\\Auth...')
#16 /home/adminlsp/appdir/vendor/laravel/framework/src/Illuminate/Foundation/Auth/RegistersUsers.php(34): event(Object(Illuminate\\Auth\\Events\\Registered))
#17 [internal function]: App\\Http\\Controllers\\Auth\\RegisterController->register(Object(Illuminate\\Http\\Request))
#18 /home/adminlsp/appdir/vendor/laravel/framework/src/Illuminate/Routing/Controller.php(54): call_user_func_array(Array, Array)
#19 /home/adminlsp/appdir/vendor/laravel/framework/src/Illuminate/Routing/ControllerDispatcher.php(45): Illuminate\\Routing\\Controller->callAction('register', Array)
#20 /home/adminlsp/appdir/vendor/laravel/framework/src/Illuminate/Routing/Route.php(219): Illuminate\\Routing\\ControllerDispatcher->dispatch(Object(Illuminate\\Routing\\Route), Object(App\\Http\\Controllers\\Auth\\RegisterController), 'register')
#21 /home/adminlsp/appdir/vendor/laravel/framework/src/Illuminate/Routing/Route.php(176): Illuminate\\Routing\\Route->runController()
#22 /home/adminlsp/appdir/vendor/laravel/framework/src/Illuminate/Routing/Router.php(680): Illuminate\\Routing\\Route->run()
#23 /home/adminlsp/appdir/vendor/laravel/framework/src/Illuminate/Routing/Pipeline.php(30): Illuminate\\Routing\\Router->Illuminate\\Routing\\{closure}(Object(Illuminate\\Http\\Request))
#24 /home/adminlsp/appdir/app/Http/Middleware/RedirectIfAuthenticated.php(24): Illuminate\\Routing\\Pipeline->Illuminate\\Routing\\{closure}(Object(Illuminate\\Http\\Request))
#25 /home/adminlsp/appdir/vendor/laravel/framework/src/Illuminate/Pipeline/Pipeline.php(163): App\\Http\\Middleware\\RedirectIfAuthenticated->handle(Object(Illuminate\\Http\\Request), Object(Closure))
#26 /home/adminlsp/appdir/vendor/laravel/framework/src/Illuminate/Routing/Pipeline.php(53): Illuminate\\Pipeline\\Pipeline->Illuminate\\Pipeline\\{closure}(Object(Illuminate\\Http\\Request))
#27 /home/adminlsp/appdir/vendor/laravel/framework/src/Illuminate/Routing/Middleware/SubstituteBindings.php(41): Illuminate\\Routing\\Pipeline->Illuminate\\Routing\\{closure}(Object(Illuminate\\Http\\Request))
#28 /home/adminlsp/appdir/vendor/laravel/framework/src/Illuminate/Pipeline/Pipeline.php(163): Illuminate\\Routing\\Middleware\\SubstituteBindings->handle(Object(Illuminate\\Http\\Request), Object(Closure))
#29 /home/adminlsp/appdir/vendor/laravel/framework/src/Illuminate/Routing/Pipeline.php(53): Illuminate\\Pipeline\\Pipeline->Illuminate\\Pipeline\\{closure}(Object(Illuminate\\Http\\Request))
#30 /home/adminlsp/appdir/vendor/laravel/framework/src/Illuminate/Foundation/Http/Middleware/VerifyCsrfToken.php(75): Illuminate\\Routing\\Pipeline->Illuminate\\Routing\\{closure}(Object(Illuminate\\Http\\Request))
#31 /home/adminlsp/appdir/vendor/laravel/framework/src/Illuminate/Pipeline/Pipeline.php(163): Illuminate\\Foundation\\Http\\Middleware\\VerifyCsrfToken->handle(Object(Illuminate\\Http\\Request), Object(Closure))
#32 /home/adminlsp/appdir/vendor/laravel/framework/src/Illuminate/Routing/Pipeline.php(53): Illuminate\\Pipeline\\Pipeline->Illuminate\\Pipeline\\{closure}(Object(Illuminate\\Http\\Request))
#33 /home/adminlsp/appdir/vendor/laravel/framework/src/Illuminate/Session/Middleware/AuthenticateSession.php(39): Illuminate\\Routing\\Pipeline->Illuminate\\Routing\\{closure}(Object(Illuminate\\Http\\Request))
#34 /home/adminlsp/appdir/vendor/laravel/framework/src/Illuminate/Pipeline/Pipeline.php(163): Illuminate\\Session\\Middleware\\AuthenticateSession->handle(Object(Illuminate\\Http\\Request), Object(Closure))
#35 /home/adminlsp/appdir/vendor/laravel/framework/src/Illuminate/Routing/Pipeline.php(53): Illuminate\\Pipeline\\Pipeline->Illuminate\\Pipeline\\{closure}(Object(Illuminate\\Http\\Request))
#36 /home/adminlsp/appdir/vendor/laravel/framework/src/Illuminate/View/Middleware/ShareErrorsFromSession.php(49): Illuminate\\Routing\\Pipeline->Illuminate\\Routing\\{closure}(Object(Illuminate\\Http\\Request))
#37 /home/adminlsp/appdir/vendor/laravel/framework/src/Illuminate/Pipeline/Pipeline.php(163): Illuminate\\View\\Middleware\\ShareErrorsFromSession->handle(Object(Illuminate\\Http\\Request), Object(Closure))
#38 /home/adminlsp/appdir/vendor/laravel/framework/src/Illuminate/Routing/Pipeline.php(53): Illuminate\\Pipeline\\Pipeline->Illuminate\\Pipeline\\{closure}(Object(Illuminate\\Http\\Request))
#39 /home/adminlsp/appdir/vendor/laravel/framework/src/Illuminate/Session/Middleware/StartSession.php(56): Illuminate\\Routing\\Pipeline->Illuminate\\Routing\\{closure}(Object(Illuminate\\Http\\Request))
#40 /home/adminlsp/appdir/vendor/laravel/framework/src/Illuminate/Pipeline/Pipeline.php(163): Illuminate\\Session\\Middleware\\StartSession->handle(Object(Illuminate\\Http\\Request), Object(Closure))
#41 /home/adminlsp/appdir/vendor/laravel/framework/src/Illuminate/Routing/Pipeline.php(53): Illuminate\\Pipeline\\Pipeline->Illuminate\\Pipeline\\{closure}(Object(Illuminate\\Http\\Request))
#42 /home/adminlsp/appdir/vendor/laravel/framework/src/Illuminate/Cookie/Middleware/AddQueuedCookiesToResponse.php(37): Illuminate\\Routing\\Pipeline->Illuminate\\Routing\\{closure}(Object(Illuminate\\Http\\Request))
#43 /home/adminlsp/appdir/vendor/laravel/framework/src/Illuminate/Pipeline/Pipeline.php(163): Illuminate\\Cookie\\Middleware\\AddQueuedCookiesToResponse->handle(Object(Illuminate\\Http\\Request), Object(Closure))
#44 /home/adminlsp/appdir/vendor/laravel/framework/src/Illuminate/Routing/Pipeline.php(53): Illuminate\\Pipeline\\Pipeline->Illuminate\\Pipeline\\{closure}(Object(Illuminate\\Http\\Request))
#45 /home/adminlsp/appdir/vendor/laravel/framework/src/Illuminate/Cookie/Middleware/EncryptCookies.php(66): Illuminate\\Routing\\Pipeline->Illuminate\\Routing\\{closure}(Object(Illuminate\\Http\\Request))
#46 /home/adminlsp/appdir/vendor/laravel/framework/src/Illuminate/Pipeline/Pipeline.php(163): Illuminate\\Cookie\\Middleware\\EncryptCookies->handle(Object(Illuminate\\Http\\Request), Object(Closure))
#47 /home/adminlsp/appdir/vendor/laravel/framework/src/Illuminate/Routing/Pipeline.php(53): Illuminate\\Pipeline\\Pipeline->Illuminate\\Pipeline\\{closure}(Object(Illuminate\\Http\\Request))
#48 /home/adminlsp/appdir/vendor/laravel/framework/src/Illuminate/Pipeline/Pipeline.php(104): Illuminate\\Routing\\Pipeline->Illuminate\\Routing\\{closure}(Object(Illuminate\\Http\\Request))
#49 /home/adminlsp/appdir/vendor/laravel/framework/src/Illuminate/Routing/Router.php(682): Illuminate\\Pipeline\\Pipeline->then(Object(Closure))
#50 /home/adminlsp/appdir/vendor/laravel/framework/src/Illuminate/Routing/Router.php(657): Illuminate\\Routing\\Router->runRouteWithinStack(Object(Illuminate\\Routing\\Route), Object(Illuminate\\Http\\Request))
#51 /home/adminlsp/appdir/vendor/laravel/framework/src/Illuminate/Routing/Router.php(623): Illuminate\\Routing\\Router->runRoute(Object(Illuminate\\Http\\Request), Object(Illuminate\\Routing\\Route))
#52 /home/adminlsp/appdir/vendor/laravel/framework/src/Illuminate/Routing/Router.php(612): Illuminate\\Routing\\Router->dispatchToRoute(Object(Illuminate\\Http\\Request))
#53 /home/adminlsp/appdir/vendor/laravel/framework/src/Illuminate/Foundation/Http/Kernel.php(176): Illuminate\\Routing\\Router->dispatch(Object(Illuminate\\Http\\Request))
#54 /home/adminlsp/appdir/vendor/laravel/framework/src/Illuminate/Routing/Pipeline.php(30): Illuminate\\Foundation\\Http\\Kernel->Illuminate\\Foundation\\Http\\{closure}(Object(Illuminate\\Http\\Request))
#55 /home/adminlsp/appdir/vendor/fideloper/proxy/src/TrustProxies.php(57): Illuminate\\Routing\\Pipeline->Illuminate\\Routing\\{closure}(Object(Illuminate\\Http\\Request))
#56 /home/adminlsp/appdir/vendor/laravel/framework/src/Illuminate/Pipeline/Pipeline.php(163): Fideloper\\Proxy\\TrustProxies->handle(Object(Illuminate\\Http\\Request), Object(Closure))
#57 /home/adminlsp/appdir/vendor/laravel/framework/src/Illuminate/Routing/Pipeline.php(53): Illuminate\\Pipeline\\Pipeline->Illuminate\\Pipeline\\{closure}(Object(Illuminate\\Http\\Request))
#58 /home/adminlsp/appdir/vendor/laravel/framework/src/Illuminate/Foundation/Http/Middleware/TransformsRequest.php(21): Illuminate\\Routing\\Pipeline->Illuminate\\Routing\\{closure}(Object(Illuminate\\Http\\Request))
#59 /home/adminlsp/appdir/vendor/laravel/framework/src/Illuminate/Pipeline/Pipeline.php(163): Illuminate\\Foundation\\Http\\Middleware\\TransformsRequest->handle(Object(Illuminate\\Http\\Request), Object(Closure))
#60 /home/adminlsp/appdir/vendor/laravel/framework/src/Illuminate/Routing/Pipeline.php(53): Illuminate\\Pipeline\\Pipeline->Illuminate\\Pipeline\\{closure}(Object(Illuminate\\Http\\Request))
#61 /home/adminlsp/appdir/vendor/laravel/framework/src/Illuminate/Foundation/Http/Middleware/TransformsRequest.php(21): Illuminate\\Routing\\Pipeline->Illuminate\\Routing\\{closure}(Object(Illuminate\\Http\\Request))
#62 /home/adminlsp/appdir/vendor/laravel/framework/src/Illuminate/Pipeline/Pipeline.php(163): Illuminate\\Foundation\\Http\\Middleware\\TransformsRequest->handle(Object(Illuminate\\Http\\Request), Object(Closure))
#63 /home/adminlsp/appdir/vendor/laravel/framework/src/Illuminate/Routing/Pipeline.php(53): Illuminate\\Pipeline\\Pipeline->Illuminate\\Pipeline\\{closure}(Object(Illuminate\\Http\\Request))
#64 /home/adminlsp/appdir/vendor/laravel/framework/src/Illuminate/Foundation/Http/Middleware/ValidatePostSize.php(27): Illuminate\\Routing\\Pipeline->Illuminate\\Routing\\{closure}(Object(Illuminate\\Http\\Request))
#65 /home/adminlsp/appdir/vendor/laravel/framework/src/Illuminate/Pipeline/Pipeline.php(163): Illuminate\\Foundation\\Http\\Middleware\\ValidatePostSize->handle(Object(Illuminate\\Http\\Request), Object(Closure))
#66 /home/adminlsp/appdir/vendor/laravel/framework/src/Illuminate/Routing/Pipeline.php(53): Illuminate\\Pipeline\\Pipeline->Illuminate\\Pipeline\\{closure}(Object(Illuminate\\Http\\Request))
#67 /home/adminlsp/appdir/vendor/laravel/framework/src/Illuminate/Foundation/Http/Middleware/CheckForMaintenanceMode.php(62): Illuminate\\Routing\\Pipeline->Illuminate\\Routing\\{closure}(Object(Illuminate\\Http\\Request))
#68 /home/adminlsp/appdir/vendor/laravel/framework/src/Illuminate/Pipeline/Pipeline.php(163): Illuminate\\Foundation\\Http\\Middleware\\CheckForMaintenanceMode->handle(Object(Illuminate\\Http\\Request), Object(Closure))
#69 /home/adminlsp/appdir/vendor/laravel/framework/src/Illuminate/Routing/Pipeline.php(53): Illuminate\\Pipeline\\Pipeline->Illuminate\\Pipeline\\{closure}(Object(Illuminate\\Http\\Request))
#70 /home/adminlsp/appdir/vendor/laravel/framework/src/Illuminate/Pipeline/Pipeline.php(104): Illuminate\\Routing\\Pipeline->Illuminate\\Routing\\{closure}(Object(Illuminate\\Http\\Request))
#71 /home/adminlsp/appdir/vendor/laravel/framework/src/Illuminate/Foundation/Http/Kernel.php(151): Illuminate\\Pipeline\\Pipeline->then(Object(Closure))
#72 /home/adminlsp/appdir/vendor/laravel/framework/src/Illuminate/Foundation/Http/Kernel.php(116): Illuminate\\Foundation\\Http\\Kernel->sendRequestThroughRouter(Object(Illuminate\\Http\\Request))
#73 /home/adminlsp/appdir/public/index.php(55): Illuminate\\Foundation\\Http\\Kernel->handle(Object(Illuminate\\Http\\Request))
#74 /home/adminlsp/appdir/server.php(21): require_once('/home/adminlsp/...')
#75 {main}
"} 
[2021-06-17 03:54:33] local.ERROR: Failed to authenticate on SMTP server with username "lsp@polije.ac.id" using 3 possible authenticators. Authenticator LOGIN returned Expected response code 235 but got code "535", with message "535-5.7.8 Username and Password not accepted. Learn more at
535 5.7.8  https://support.google.com/mail/?p=BadCredentials z22sm3654523pfa.157 - gsmtp
". Authenticator PLAIN returned Expected response code 235 but got code "535", with message "535-5.7.8 Username and Password not accepted. Learn more at
535 5.7.8  https://support.google.com/mail/?p=BadCredentials z22sm3654523pfa.157 - gsmtp
". Authenticator XOAUTH2 returned Expected response code 250 but got code "535", with message "535-5.7.8 Username and Password not accepted. Learn more at
535 5.7.8  https://support.google.com/mail/?p=BadCredentials z22sm3654523pfa.157 - gsmtp
". {"exception":"[object] (Swift_TransportException(code: 0): Failed to authenticate on SMTP server with username \"lsp@polije.ac.id\" using 3 possible authenticators. Authenticator LOGIN returned Expected response code 235 but got code \"535\", with message \"535-5.7.8 Username and Password not accepted. Learn more at
535 5.7.8  https://support.google.com/mail/?p=BadCredentials z22sm3654523pfa.157 - gsmtp
\". Authenticator PLAIN returned Expected response code 235 but got code \"535\", with message \"535-5.7.8 Username and Password not accepted. Learn more at
535 5.7.8  https://support.google.com/mail/?p=BadCredentials z22sm3654523pfa.157 - gsmtp
\". Authenticator XOAUTH2 returned Expected response code 250 but got code \"535\", with message \"535-5.7.8 Username and Password not accepted. Learn more at
535 5.7.8  https://support.google.com/mail/?p=BadCredentials z22sm3654523pfa.157 - gsmtp
\". at /home/adminlsp/appdir/vendor/swiftmailer/swiftmailer/lib/classes/Swift/Transport/Esmtp/AuthHandler.php:191)
[stacktrace]
#0 /home/adminlsp/appdir/vendor/swiftmailer/swiftmailer/lib/classes/Swift/Transport/EsmtpTransport.php(371): Swift_Transport_Esmtp_AuthHandler->afterEhlo(Object(Swift_SmtpTransport))
#1 /home/adminlsp/appdir/vendor/swiftmailer/swiftmailer/lib/classes/Swift/Transport/AbstractSmtpTransport.php(148): Swift_Transport_EsmtpTransport->doHeloCommand()
#2 /home/adminlsp/appdir/vendor/swiftmailer/swiftmailer/lib/classes/Swift/Mailer.php(65): Swift_Transport_AbstractSmtpTransport->start()
#3 /home/adminlsp/appdir/vendor/laravel/framework/src/Illuminate/Mail/Mailer.php(484): Swift_Mailer->send(Object(Swift_Message), Array)
#4 /home/adminlsp/appdir/vendor/laravel/framework/src/Illuminate/Mail/Mailer.php(259): Illuminate\\Mail\\Mailer->sendSwiftMessage(Object(Swift_Message))
#5 /home/adminlsp/appdir/vendor/laravel/framework/src/Illuminate/Mail/Mailable.php(159): Illuminate\\Mail\\Mailer->send('auth.mail', Array, Object(Closure))
#6 /home/adminlsp/appdir/vendor/laravel/framework/src/Illuminate/Support/Traits/Localizable.php(19): Illuminate\\Mail\\Mailable->Illuminate\\Mail\\{closure}()
#7 /home/adminlsp/appdir/vendor/laravel/framework/src/Illuminate/Mail/Mailable.php(160): Illuminate\\Mail\\Mailable->withLocale(NULL, Object(Closure))
#8 /home/adminlsp/appdir/vendor/laravel/framework/src/Illuminate/Mail/Mailer.php(275): Illuminate\\Mail\\Mailable->send(Object(Illuminate\\Mail\\Mailer))
#9 /home/adminlsp/appdir/vendor/laravel/framework/src/Illuminate/Mail/Mailer.php(229): Illuminate\\Mail\\Mailer->sendMailable(Object(App\\Mail\\RegisterMail))
#10 /home/adminlsp/appdir/vendor/laravel/framework/src/Illuminate/Mail/PendingMail.php(127): Illuminate\\Mail\\Mailer->send(Object(App\\Mail\\RegisterMail))
#11 /home/adminlsp/appdir/app/Listeners/RegisteredListener.php(30): Illuminate\\Mail\\PendingMail->send(Object(App\\Mail\\RegisterMail))
#12 [internal function]: App\\Listeners\\RegisteredListener->handle(Object(Illuminate\\Auth\\Events\\Registered))
#13 /home/adminlsp/appdir/vendor/laravel/framework/src/Illuminate/Events/Dispatcher.php(366): call_user_func_array(Array, Array)
#14 /home/adminlsp/appdir/vendor/laravel/framework/src/Illuminate/Events/Dispatcher.php(196): Illuminate\\Events\\Dispatcher->Illuminate\\Events\\{closure}('Illuminate\\\\Auth...', Array)
#15 /home/adminlsp/appdir/vendor/laravel/framework/src/Illuminate/Foundation/helpers.php(482): Illuminate\\Events\\Dispatcher->dispatch('Illuminate\\\\Auth...')
#16 /home/adminlsp/appdir/vendor/laravel/framework/src/Illuminate/Foundation/Auth/RegistersUsers.php(34): event(Object(Illuminate\\Auth\\Events\\Registered))
#17 [internal function]: App\\Http\\Controllers\\Auth\\RegisterController->register(Object(Illuminate\\Http\\Request))
#18 /home/adminlsp/appdir/vendor/laravel/framework/src/Illuminate/Routing/Controller.php(54): call_user_func_array(Array, Array)
#19 /home/adminlsp/appdir/vendor/laravel/framework/src/Illuminate/Routing/ControllerDispatcher.php(45): Illuminate\\Routing\\Controller->callAction('register', Array)
#20 /home/adminlsp/appdir/vendor/laravel/framework/src/Illuminate/Routing/Route.php(219): Illuminate\\Routing\\ControllerDispatcher->dispatch(Object(Illuminate\\Routing\\Route), Object(App\\Http\\Controllers\\Auth\\RegisterController), 'register')
#21 /home/adminlsp/appdir/vendor/laravel/framework/src/Illuminate/Routing/Route.php(176): Illuminate\\Routing\\Route->runController()
#22 /home/adminlsp/appdir/vendor/laravel/framework/src/Illuminate/Routing/Router.php(680): Illuminate\\Routing\\Route->run()
#23 /home/adminlsp/appdir/vendor/laravel/framework/src/Illuminate/Routing/Pipeline.php(30): Illuminate\\Routing\\Router->Illuminate\\Routing\\{closure}(Object(Illuminate\\Http\\Request))
#24 /home/adminlsp/appdir/app/Http/Middleware/RedirectIfAuthenticated.php(24): Illuminate\\Routing\\Pipeline->Illuminate\\Routing\\{closure}(Object(Illuminate\\Http\\Request))
#25 /home/adminlsp/appdir/vendor/laravel/framework/src/Illuminate/Pipeline/Pipeline.php(163): App\\Http\\Middleware\\RedirectIfAuthenticated->handle(Object(Illuminate\\Http\\Request), Object(Closure))
#26 /home/adminlsp/appdir/vendor/laravel/framework/src/Illuminate/Routing/Pipeline.php(53): Illuminate\\Pipeline\\Pipeline->Illuminate\\Pipeline\\{closure}(Object(Illuminate\\Http\\Request))
#27 /home/adminlsp/appdir/vendor/laravel/framework/src/Illuminate/Routing/Middleware/SubstituteBindings.php(41): Illuminate\\Routing\\Pipeline->Illuminate\\Routing\\{closure}(Object(Illuminate\\Http\\Request))
#28 /home/adminlsp/appdir/vendor/laravel/framework/src/Illuminate/Pipeline/Pipeline.php(163): Illuminate\\Routing\\Middleware\\SubstituteBindings->handle(Object(Illuminate\\Http\\Request), Object(Closure))
#29 /home/adminlsp/appdir/vendor/laravel/framework/src/Illuminate/Routing/Pipeline.php(53): Illuminate\\Pipeline\\Pipeline->Illuminate\\Pipeline\\{closure}(Object(Illuminate\\Http\\Request))
#30 /home/adminlsp/appdir/vendor/laravel/framework/src/Illuminate/Foundation/Http/Middleware/VerifyCsrfToken.php(75): Illuminate\\Routing\\Pipeline->Illuminate\\Routing\\{closure}(Object(Illuminate\\Http\\Request))
#31 /home/adminlsp/appdir/vendor/laravel/framework/src/Illuminate/Pipeline/Pipeline.php(163): Illuminate\\Foundation\\Http\\Middleware\\VerifyCsrfToken->handle(Object(Illuminate\\Http\\Request), Object(Closure))
#32 /home/adminlsp/appdir/vendor/laravel/framework/src/Illuminate/Routing/Pipeline.php(53): Illuminate\\Pipeline\\Pipeline->Illuminate\\Pipeline\\{closure}(Object(Illuminate\\Http\\Request))
#33 /home/adminlsp/appdir/vendor/laravel/framework/src/Illuminate/Session/Middleware/AuthenticateSession.php(39): Illuminate\\Routing\\Pipeline->Illuminate\\Routing\\{closure}(Object(Illuminate\\Http\\Request))
#34 /home/adminlsp/appdir/vendor/laravel/framework/src/Illuminate/Pipeline/Pipeline.php(163): Illuminate\\Session\\Middleware\\AuthenticateSession->handle(Object(Illuminate\\Http\\Request), Object(Closure))
#35 /home/adminlsp/appdir/vendor/laravel/framework/src/Illuminate/Routing/Pipeline.php(53): Illuminate\\Pipeline\\Pipeline->Illuminate\\Pipeline\\{closure}(Object(Illuminate\\Http\\Request))
#36 /home/adminlsp/appdir/vendor/laravel/framework/src/Illuminate/View/Middleware/ShareErrorsFromSession.php(49): Illuminate\\Routing\\Pipeline->Illuminate\\Routing\\{closure}(Object(Illuminate\\Http\\Request))
#37 /home/adminlsp/appdir/vendor/laravel/framework/src/Illuminate/Pipeline/Pipeline.php(163): Illuminate\\View\\Middleware\\ShareErrorsFromSession->handle(Object(Illuminate\\Http\\Request), Object(Closure))
#38 /home/adminlsp/appdir/vendor/laravel/framework/src/Illuminate/Routing/Pipeline.php(53): Illuminate\\Pipeline\\Pipeline->Illuminate\\Pipeline\\{closure}(Object(Illuminate\\Http\\Request))
#39 /home/adminlsp/appdir/vendor/laravel/framework/src/Illuminate/Session/Middleware/StartSession.php(56): Illuminate\\Routing\\Pipeline->Illuminate\\Routing\\{closure}(Object(Illuminate\\Http\\Request))
#40 /home/adminlsp/appdir/vendor/laravel/framework/src/Illuminate/Pipeline/Pipeline.php(163): Illuminate\\Session\\Middleware\\StartSession->handle(Object(Illuminate\\Http\\Request), Object(Closure))
#41 /home/adminlsp/appdir/vendor/laravel/framework/src/Illuminate/Routing/Pipeline.php(53): Illuminate\\Pipeline\\Pipeline->Illuminate\\Pipeline\\{closure}(Object(Illuminate\\Http\\Request))
#42 /home/adminlsp/appdir/vendor/laravel/framework/src/Illuminate/Cookie/Middleware/AddQueuedCookiesToResponse.php(37): Illuminate\\Routing\\Pipeline->Illuminate\\Routing\\{closure}(Object(Illuminate\\Http\\Request))
#43 /home/adminlsp/appdir/vendor/laravel/framework/src/Illuminate/Pipeline/Pipeline.php(163): Illuminate\\Cookie\\Middleware\\AddQueuedCookiesToResponse->handle(Object(Illuminate\\Http\\Request), Object(Closure))
#44 /home/adminlsp/appdir/vendor/laravel/framework/src/Illuminate/Routing/Pipeline.php(53): Illuminate\\Pipeline\\Pipeline->Illuminate\\Pipeline\\{closure}(Object(Illuminate\\Http\\Request))
#45 /home/adminlsp/appdir/vendor/laravel/framework/src/Illuminate/Cookie/Middleware/EncryptCookies.php(66): Illuminate\\Routing\\Pipeline->Illuminate\\Routing\\{closure}(Object(Illuminate\\Http\\Request))
#46 /home/adminlsp/appdir/vendor/laravel/framework/src/Illuminate/Pipeline/Pipeline.php(163): Illuminate\\Cookie\\Middleware\\EncryptCookies->handle(Object(Illuminate\\Http\\Request), Object(Closure))
#47 /home/adminlsp/appdir/vendor/laravel/framework/src/Illuminate/Routing/Pipeline.php(53): Illuminate\\Pipeline\\Pipeline->Illuminate\\Pipeline\\{closure}(Object(Illuminate\\Http\\Request))
#48 /home/adminlsp/appdir/vendor/laravel/framework/src/Illuminate/Pipeline/Pipeline.php(104): Illuminate\\Routing\\Pipeline->Illuminate\\Routing\\{closure}(Object(Illuminate\\Http\\Request))
#49 /home/adminlsp/appdir/vendor/laravel/framework/src/Illuminate/Routing/Router.php(682): Illuminate\\Pipeline\\Pipeline->then(Object(Closure))
#50 /home/adminlsp/appdir/vendor/laravel/framework/src/Illuminate/Routing/Router.php(657): Illuminate\\Routing\\Router->runRouteWithinStack(Object(Illuminate\\Routing\\Route), Object(Illuminate\\Http\\Request))
#51 /home/adminlsp/appdir/vendor/laravel/framework/src/Illuminate/Routing/Router.php(623): Illuminate\\Routing\\Router->runRoute(Object(Illuminate\\Http\\Request), Object(Illuminate\\Routing\\Route))
#52 /home/adminlsp/appdir/vendor/laravel/framework/src/Illuminate/Routing/Router.php(612): Illuminate\\Routing\\Router->dispatchToRoute(Object(Illuminate\\Http\\Request))
#53 /home/adminlsp/appdir/vendor/laravel/framework/src/Illuminate/Foundation/Http/Kernel.php(176): Illuminate\\Routing\\Router->dispatch(Object(Illuminate\\Http\\Request))
#54 /home/adminlsp/appdir/vendor/laravel/framework/src/Illuminate/Routing/Pipeline.php(30): Illuminate\\Foundation\\Http\\Kernel->Illuminate\\Foundation\\Http\\{closure}(Object(Illuminate\\Http\\Request))
#55 /home/adminlsp/appdir/vendor/fideloper/proxy/src/TrustProxies.php(57): Illuminate\\Routing\\Pipeline->Illuminate\\Routing\\{closure}(Object(Illuminate\\Http\\Request))
#56 /home/adminlsp/appdir/vendor/laravel/framework/src/Illuminate/Pipeline/Pipeline.php(163): Fideloper\\Proxy\\TrustProxies->handle(Object(Illuminate\\Http\\Request), Object(Closure))
#57 /home/adminlsp/appdir/vendor/laravel/framework/src/Illuminate/Routing/Pipeline.php(53): Illuminate\\Pipeline\\Pipeline->Illuminate\\Pipeline\\{closure}(Object(Illuminate\\Http\\Request))
#58 /home/adminlsp/appdir/vendor/laravel/framework/src/Illuminate/Foundation/Http/Middleware/TransformsRequest.php(21): Illuminate\\Routing\\Pipeline->Illuminate\\Routing\\{closure}(Object(Illuminate\\Http\\Request))
#59 /home/adminlsp/appdir/vendor/laravel/framework/src/Illuminate/Pipeline/Pipeline.php(163): Illuminate\\Foundation\\Http\\Middleware\\TransformsRequest->handle(Object(Illuminate\\Http\\Request), Object(Closure))
#60 /home/adminlsp/appdir/vendor/laravel/framework/src/Illuminate/Routing/Pipeline.php(53): Illuminate\\Pipeline\\Pipeline->Illuminate\\Pipeline\\{closure}(Object(Illuminate\\Http\\Request))
#61 /home/adminlsp/appdir/vendor/laravel/framework/src/Illuminate/Foundation/Http/Middleware/TransformsRequest.php(21): Illuminate\\Routing\\Pipeline->Illuminate\\Routing\\{closure}(Object(Illuminate\\Http\\Request))
#62 /home/adminlsp/appdir/vendor/laravel/framework/src/Illuminate/Pipeline/Pipeline.php(163): Illuminate\\Foundation\\Http\\Middleware\\TransformsRequest->handle(Object(Illuminate\\Http\\Request), Object(Closure))
#63 /home/adminlsp/appdir/vendor/laravel/framework/src/Illuminate/Routing/Pipeline.php(53): Illuminate\\Pipeline\\Pipeline->Illuminate\\Pipeline\\{closure}(Object(Illuminate\\Http\\Request))
#64 /home/adminlsp/appdir/vendor/laravel/framework/src/Illuminate/Foundation/Http/Middleware/ValidatePostSize.php(27): Illuminate\\Routing\\Pipeline->Illuminate\\Routing\\{closure}(Object(Illuminate\\Http\\Request))
#65 /home/adminlsp/appdir/vendor/laravel/framework/src/Illuminate/Pipeline/Pipeline.php(163): Illuminate\\Foundation\\Http\\Middleware\\ValidatePostSize->handle(Object(Illuminate\\Http\\Request), Object(Closure))
#66 /home/adminlsp/appdir/vendor/laravel/framework/src/Illuminate/Routing/Pipeline.php(53): Illuminate\\Pipeline\\Pipeline->Illuminate\\Pipeline\\{closure}(Object(Illuminate\\Http\\Request))
#67 /home/adminlsp/appdir/vendor/laravel/framework/src/Illuminate/Foundation/Http/Middleware/CheckForMaintenanceMode.php(62): Illuminate\\Routing\\Pipeline->Illuminate\\Routing\\{closure}(Object(Illuminate\\Http\\Request))
#68 /home/adminlsp/appdir/vendor/laravel/framework/src/Illuminate/Pipeline/Pipeline.php(163): Illuminate\\Foundation\\Http\\Middleware\\CheckForMaintenanceMode->handle(Object(Illuminate\\Http\\Request), Object(Closure))
#69 /home/adminlsp/appdir/vendor/laravel/framework/src/Illuminate/Routing/Pipeline.php(53): Illuminate\\Pipeline\\Pipeline->Illuminate\\Pipeline\\{closure}(Object(Illuminate\\Http\\Request))
#70 /home/adminlsp/appdir/vendor/laravel/framework/src/Illuminate/Pipeline/Pipeline.php(104): Illuminate\\Routing\\Pipeline->Illuminate\\Routing\\{closure}(Object(Illuminate\\Http\\Request))
#71 /home/adminlsp/appdir/vendor/laravel/framework/src/Illuminate/Foundation/Http/Kernel.php(151): Illuminate\\Pipeline\\Pipeline->then(Object(Closure))
#72 /home/adminlsp/appdir/vendor/laravel/framework/src/Illuminate/Foundation/Http/Kernel.php(116): Illuminate\\Foundation\\Http\\Kernel->sendRequestThroughRouter(Object(Illuminate\\Http\\Request))
#73 /home/adminlsp/appdir/public/index.php(55): Illuminate\\Foundation\\Http\\Kernel->handle(Object(Illuminate\\Http\\Request))
#74 /home/adminlsp/appdir/server.php(21): require_once('/home/adminlsp/...')
#75 {main}
"} 
[2021-06-17 03:54:55] local.ERROR: Failed to authenticate on SMTP server with username "lsp@polije.ac.id" using 3 possible authenticators. Authenticator LOGIN returned Expected response code 235 but got code "535", with message "535-5.7.8 Username and Password not accepted. Learn more at
535 5.7.8  https://support.google.com/mail/?p=BadCredentials gl13sm6639241pjb.5 - gsmtp
". Authenticator PLAIN returned Expected response code 235 but got code "535", with message "535-5.7.8 Username and Password not accepted. Learn more at
535 5.7.8  https://support.google.com/mail/?p=BadCredentials gl13sm6639241pjb.5 - gsmtp
". Authenticator XOAUTH2 returned Expected response code 250 but got code "535", with message "535-5.7.8 Username and Password not accepted. Learn more at
535 5.7.8  https://support.google.com/mail/?p=BadCredentials gl13sm6639241pjb.5 - gsmtp
". {"exception":"[object] (Swift_TransportException(code: 0): Failed to authenticate on SMTP server with username \"lsp@polije.ac.id\" using 3 possible authenticators. Authenticator LOGIN returned Expected response code 235 but got code \"535\", with message \"535-5.7.8 Username and Password not accepted. Learn more at
535 5.7.8  https://support.google.com/mail/?p=BadCredentials gl13sm6639241pjb.5 - gsmtp
\". Authenticator PLAIN returned Expected response code 235 but got code \"535\", with message \"535-5.7.8 Username and Password not accepted. Learn more at
535 5.7.8  https://support.google.com/mail/?p=BadCredentials gl13sm6639241pjb.5 - gsmtp
\". Authenticator XOAUTH2 returned Expected response code 250 but got code \"535\", with message \"535-5.7.8 Username and Password not accepted. Learn more at
535 5.7.8  https://support.google.com/mail/?p=BadCredentials gl13sm6639241pjb.5 - gsmtp
\". at /home/adminlsp/appdir/vendor/swiftmailer/swiftmailer/lib/classes/Swift/Transport/Esmtp/AuthHandler.php:191)
[stacktrace]
#0 /home/adminlsp/appdir/vendor/swiftmailer/swiftmailer/lib/classes/Swift/Transport/EsmtpTransport.php(371): Swift_Transport_Esmtp_AuthHandler->afterEhlo(Object(Swift_SmtpTransport))
#1 /home/adminlsp/appdir/vendor/swiftmailer/swiftmailer/lib/classes/Swift/Transport/AbstractSmtpTransport.php(148): Swift_Transport_EsmtpTransport->doHeloCommand()
#2 /home/adminlsp/appdir/vendor/swiftmailer/swiftmailer/lib/classes/Swift/Mailer.php(65): Swift_Transport_AbstractSmtpTransport->start()
#3 /home/adminlsp/appdir/vendor/laravel/framework/src/Illuminate/Mail/Mailer.php(484): Swift_Mailer->send(Object(Swift_Message), Array)
#4 /home/adminlsp/appdir/vendor/laravel/framework/src/Illuminate/Mail/Mailer.php(259): Illuminate\\Mail\\Mailer->sendSwiftMessage(Object(Swift_Message))
#5 /home/adminlsp/appdir/vendor/laravel/framework/src/Illuminate/Mail/Mailable.php(159): Illuminate\\Mail\\Mailer->send('auth.mail', Array, Object(Closure))
#6 /home/adminlsp/appdir/vendor/laravel/framework/src/Illuminate/Support/Traits/Localizable.php(19): Illuminate\\Mail\\Mailable->Illuminate\\Mail\\{closure}()
#7 /home/adminlsp/appdir/vendor/laravel/framework/src/Illuminate/Mail/Mailable.php(160): Illuminate\\Mail\\Mailable->withLocale(NULL, Object(Closure))
#8 /home/adminlsp/appdir/vendor/laravel/framework/src/Illuminate/Mail/Mailer.php(275): Illuminate\\Mail\\Mailable->send(Object(Illuminate\\Mail\\Mailer))
#9 /home/adminlsp/appdir/vendor/laravel/framework/src/Illuminate/Mail/Mailer.php(229): Illuminate\\Mail\\Mailer->sendMailable(Object(App\\Mail\\RegisterMail))
#10 /home/adminlsp/appdir/vendor/laravel/framework/src/Illuminate/Mail/PendingMail.php(127): Illuminate\\Mail\\Mailer->send(Object(App\\Mail\\RegisterMail))
#11 /home/adminlsp/appdir/app/Listeners/RegisteredListener.php(30): Illuminate\\Mail\\PendingMail->send(Object(App\\Mail\\RegisterMail))
#12 [internal function]: App\\Listeners\\RegisteredListener->handle(Object(Illuminate\\Auth\\Events\\Registered))
#13 /home/adminlsp/appdir/vendor/laravel/framework/src/Illuminate/Events/Dispatcher.php(366): call_user_func_array(Array, Array)
#14 /home/adminlsp/appdir/vendor/laravel/framework/src/Illuminate/Events/Dispatcher.php(196): Illuminate\\Events\\Dispatcher->Illuminate\\Events\\{closure}('Illuminate\\\\Auth...', Array)
#15 /home/adminlsp/appdir/vendor/laravel/framework/src/Illuminate/Foundation/helpers.php(482): Illuminate\\Events\\Dispatcher->dispatch('Illuminate\\\\Auth...')
#16 /home/adminlsp/appdir/vendor/laravel/framework/src/Illuminate/Foundation/Auth/RegistersUsers.php(34): event(Object(Illuminate\\Auth\\Events\\Registered))
#17 [internal function]: App\\Http\\Controllers\\Auth\\RegisterController->register(Object(Illuminate\\Http\\Request))
#18 /home/adminlsp/appdir/vendor/laravel/framework/src/Illuminate/Routing/Controller.php(54): call_user_func_array(Array, Array)
#19 /home/adminlsp/appdir/vendor/laravel/framework/src/Illuminate/Routing/ControllerDispatcher.php(45): Illuminate\\Routing\\Controller->callAction('register', Array)
#20 /home/adminlsp/appdir/vendor/laravel/framework/src/Illuminate/Routing/Route.php(219): Illuminate\\Routing\\ControllerDispatcher->dispatch(Object(Illuminate\\Routing\\Route), Object(App\\Http\\Controllers\\Auth\\RegisterController), 'register')
#21 /home/adminlsp/appdir/vendor/laravel/framework/src/Illuminate/Routing/Route.php(176): Illuminate\\Routing\\Route->runController()
#22 /home/adminlsp/appdir/vendor/laravel/framework/src/Illuminate/Routing/Router.php(680): Illuminate\\Routing\\Route->run()
#23 /home/adminlsp/appdir/vendor/laravel/framework/src/Illuminate/Routing/Pipeline.php(30): Illuminate\\Routing\\Router->Illuminate\\Routing\\{closure}(Object(Illuminate\\Http\\Request))
#24 /home/adminlsp/appdir/app/Http/Middleware/RedirectIfAuthenticated.php(24): Illuminate\\Routing\\Pipeline->Illuminate\\Routing\\{closure}(Object(Illuminate\\Http\\Request))
#25 /home/adminlsp/appdir/vendor/laravel/framework/src/Illuminate/Pipeline/Pipeline.php(163): App\\Http\\Middleware\\RedirectIfAuthenticated->handle(Object(Illuminate\\Http\\Request), Object(Closure))
#26 /home/adminlsp/appdir/vendor/laravel/framework/src/Illuminate/Routing/Pipeline.php(53): Illuminate\\Pipeline\\Pipeline->Illuminate\\Pipeline\\{closure}(Object(Illuminate\\Http\\Request))
#27 /home/adminlsp/appdir/vendor/laravel/framework/src/Illuminate/Routing/Middleware/SubstituteBindings.php(41): Illuminate\\Routing\\Pipeline->Illuminate\\Routing\\{closure}(Object(Illuminate\\Http\\Request))
#28 /home/adminlsp/appdir/vendor/laravel/framework/src/Illuminate/Pipeline/Pipeline.php(163): Illuminate\\Routing\\Middleware\\SubstituteBindings->handle(Object(Illuminate\\Http\\Request), Object(Closure))
#29 /home/adminlsp/appdir/vendor/laravel/framework/src/Illuminate/Routing/Pipeline.php(53): Illuminate\\Pipeline\\Pipeline->Illuminate\\Pipeline\\{closure}(Object(Illuminate\\Http\\Request))
#30 /home/adminlsp/appdir/vendor/laravel/framework/src/Illuminate/Foundation/Http/Middleware/VerifyCsrfToken.php(75): Illuminate\\Routing\\Pipeline->Illuminate\\Routing\\{closure}(Object(Illuminate\\Http\\Request))
#31 /home/adminlsp/appdir/vendor/laravel/framework/src/Illuminate/Pipeline/Pipeline.php(163): Illuminate\\Foundation\\Http\\Middleware\\VerifyCsrfToken->handle(Object(Illuminate\\Http\\Request), Object(Closure))
#32 /home/adminlsp/appdir/vendor/laravel/framework/src/Illuminate/Routing/Pipeline.php(53): Illuminate\\Pipeline\\Pipeline->Illuminate\\Pipeline\\{closure}(Object(Illuminate\\Http\\Request))
#33 /home/adminlsp/appdir/vendor/laravel/framework/src/Illuminate/Session/Middleware/AuthenticateSession.php(39): Illuminate\\Routing\\Pipeline->Illuminate\\Routing\\{closure}(Object(Illuminate\\Http\\Request))
#34 /home/adminlsp/appdir/vendor/laravel/framework/src/Illuminate/Pipeline/Pipeline.php(163): Illuminate\\Session\\Middleware\\AuthenticateSession->handle(Object(Illuminate\\Http\\Request), Object(Closure))
#35 /home/adminlsp/appdir/vendor/laravel/framework/src/Illuminate/Routing/Pipeline.php(53): Illuminate\\Pipeline\\Pipeline->Illuminate\\Pipeline\\{closure}(Object(Illuminate\\Http\\Request))
#36 /home/adminlsp/appdir/vendor/laravel/framework/src/Illuminate/View/Middleware/ShareErrorsFromSession.php(49): Illuminate\\Routing\\Pipeline->Illuminate\\Routing\\{closure}(Object(Illuminate\\Http\\Request))
#37 /home/adminlsp/appdir/vendor/laravel/framework/src/Illuminate/Pipeline/Pipeline.php(163): Illuminate\\View\\Middleware\\ShareErrorsFromSession->handle(Object(Illuminate\\Http\\Request), Object(Closure))
#38 /home/adminlsp/appdir/vendor/laravel/framework/src/Illuminate/Routing/Pipeline.php(53): Illuminate\\Pipeline\\Pipeline->Illuminate\\Pipeline\\{closure}(Object(Illuminate\\Http\\Request))
#39 /home/adminlsp/appdir/vendor/laravel/framework/src/Illuminate/Session/Middleware/StartSession.php(56): Illuminate\\Routing\\Pipeline->Illuminate\\Routing\\{closure}(Object(Illuminate\\Http\\Request))
#40 /home/adminlsp/appdir/vendor/laravel/framework/src/Illuminate/Pipeline/Pipeline.php(163): Illuminate\\Session\\Middleware\\StartSession->handle(Object(Illuminate\\Http\\Request), Object(Closure))
#41 /home/adminlsp/appdir/vendor/laravel/framework/src/Illuminate/Routing/Pipeline.php(53): Illuminate\\Pipeline\\Pipeline->Illuminate\\Pipeline\\{closure}(Object(Illuminate\\Http\\Request))
#42 /home/adminlsp/appdir/vendor/laravel/framework/src/Illuminate/Cookie/Middleware/AddQueuedCookiesToResponse.php(37): Illuminate\\Routing\\Pipeline->Illuminate\\Routing\\{closure}(Object(Illuminate\\Http\\Request))
#43 /home/adminlsp/appdir/vendor/laravel/framework/src/Illuminate/Pipeline/Pipeline.php(163): Illuminate\\Cookie\\Middleware\\AddQueuedCookiesToResponse->handle(Object(Illuminate\\Http\\Request), Object(Closure))
#44 /home/adminlsp/appdir/vendor/laravel/framework/src/Illuminate/Routing/Pipeline.php(53): Illuminate\\Pipeline\\Pipeline->Illuminate\\Pipeline\\{closure}(Object(Illuminate\\Http\\Request))
#45 /home/adminlsp/appdir/vendor/laravel/framework/src/Illuminate/Cookie/Middleware/EncryptCookies.php(66): Illuminate\\Routing\\Pipeline->Illuminate\\Routing\\{closure}(Object(Illuminate\\Http\\Request))
#46 /home/adminlsp/appdir/vendor/laravel/framework/src/Illuminate/Pipeline/Pipeline.php(163): Illuminate\\Cookie\\Middleware\\EncryptCookies->handle(Object(Illuminate\\Http\\Request), Object(Closure))
#47 /home/adminlsp/appdir/vendor/laravel/framework/src/Illuminate/Routing/Pipeline.php(53): Illuminate\\Pipeline\\Pipeline->Illuminate\\Pipeline\\{closure}(Object(Illuminate\\Http\\Request))
#48 /home/adminlsp/appdir/vendor/laravel/framework/src/Illuminate/Pipeline/Pipeline.php(104): Illuminate\\Routing\\Pipeline->Illuminate\\Routing\\{closure}(Object(Illuminate\\Http\\Request))
#49 /home/adminlsp/appdir/vendor/laravel/framework/src/Illuminate/Routing/Router.php(682): Illuminate\\Pipeline\\Pipeline->then(Object(Closure))
#50 /home/adminlsp/appdir/vendor/laravel/framework/src/Illuminate/Routing/Router.php(657): Illuminate\\Routing\\Router->runRouteWithinStack(Object(Illuminate\\Routing\\Route), Object(Illuminate\\Http\\Request))
#51 /home/adminlsp/appdir/vendor/laravel/framework/src/Illuminate/Routing/Router.php(623): Illuminate\\Routing\\Router->runRoute(Object(Illuminate\\Http\\Request), Object(Illuminate\\Routing\\Route))
#52 /home/adminlsp/appdir/vendor/laravel/framework/src/Illuminate/Routing/Router.php(612): Illuminate\\Routing\\Router->dispatchToRoute(Object(Illuminate\\Http\\Request))
#53 /home/adminlsp/appdir/vendor/laravel/framework/src/Illuminate/Foundation/Http/Kernel.php(176): Illuminate\\Routing\\Router->dispatch(Object(Illuminate\\Http\\Request))
#54 /home/adminlsp/appdir/vendor/laravel/framework/src/Illuminate/Routing/Pipeline.php(30): Illuminate\\Foundation\\Http\\Kernel->Illuminate\\Foundation\\Http\\{closure}(Object(Illuminate\\Http\\Request))
#55 /home/adminlsp/appdir/vendor/fideloper/proxy/src/TrustProxies.php(57): Illuminate\\Routing\\Pipeline->Illuminate\\Routing\\{closure}(Object(Illuminate\\Http\\Request))
#56 /home/adminlsp/appdir/vendor/laravel/framework/src/Illuminate/Pipeline/Pipeline.php(163): Fideloper\\Proxy\\TrustProxies->handle(Object(Illuminate\\Http\\Request), Object(Closure))
#57 /home/adminlsp/appdir/vendor/laravel/framework/src/Illuminate/Routing/Pipeline.php(53): Illuminate\\Pipeline\\Pipeline->Illuminate\\Pipeline\\{closure}(Object(Illuminate\\Http\\Request))
#58 /home/adminlsp/appdir/vendor/laravel/framework/src/Illuminate/Foundation/Http/Middleware/TransformsRequest.php(21): Illuminate\\Routing\\Pipeline->Illuminate\\Routing\\{closure}(Object(Illuminate\\Http\\Request))
#59 /home/adminlsp/appdir/vendor/laravel/framework/src/Illuminate/Pipeline/Pipeline.php(163): Illuminate\\Foundation\\Http\\Middleware\\TransformsRequest->handle(Object(Illuminate\\Http\\Request), Object(Closure))
#60 /home/adminlsp/appdir/vendor/laravel/framework/src/Illuminate/Routing/Pipeline.php(53): Illuminate\\Pipeline\\Pipeline->Illuminate\\Pipeline\\{closure}(Object(Illuminate\\Http\\Request))
#61 /home/adminlsp/appdir/vendor/laravel/framework/src/Illuminate/Foundation/Http/Middleware/TransformsRequest.php(21): Illuminate\\Routing\\Pipeline->Illuminate\\Routing\\{closure}(Object(Illuminate\\Http\\Request))
#62 /home/adminlsp/appdir/vendor/laravel/framework/src/Illuminate/Pipeline/Pipeline.php(163): Illuminate\\Foundation\\Http\\Middleware\\TransformsRequest->handle(Object(Illuminate\\Http\\Request), Object(Closure))
#63 /home/adminlsp/appdir/vendor/laravel/framework/src/Illuminate/Routing/Pipeline.php(53): Illuminate\\Pipeline\\Pipeline->Illuminate\\Pipeline\\{closure}(Object(Illuminate\\Http\\Request))
#64 /home/adminlsp/appdir/vendor/laravel/framework/src/Illuminate/Foundation/Http/Middleware/ValidatePostSize.php(27): Illuminate\\Routing\\Pipeline->Illuminate\\Routing\\{closure}(Object(Illuminate\\Http\\Request))
#65 /home/adminlsp/appdir/vendor/laravel/framework/src/Illuminate/Pipeline/Pipeline.php(163): Illuminate\\Foundation\\Http\\Middleware\\ValidatePostSize->handle(Object(Illuminate\\Http\\Request), Object(Closure))
#66 /home/adminlsp/appdir/vendor/laravel/framework/src/Illuminate/Routing/Pipeline.php(53): Illuminate\\Pipeline\\Pipeline->Illuminate\\Pipeline\\{closure}(Object(Illuminate\\Http\\Request))
#67 /home/adminlsp/appdir/vendor/laravel/framework/src/Illuminate/Foundation/Http/Middleware/CheckForMaintenanceMode.php(62): Illuminate\\Routing\\Pipeline->Illuminate\\Routing\\{closure}(Object(Illuminate\\Http\\Request))
#68 /home/adminlsp/appdir/vendor/laravel/framework/src/Illuminate/Pipeline/Pipeline.php(163): Illuminate\\Foundation\\Http\\Middleware\\CheckForMaintenanceMode->handle(Object(Illuminate\\Http\\Request), Object(Closure))
#69 /home/adminlsp/appdir/vendor/laravel/framework/src/Illuminate/Routing/Pipeline.php(53): Illuminate\\Pipeline\\Pipeline->Illuminate\\Pipeline\\{closure}(Object(Illuminate\\Http\\Request))
#70 /home/adminlsp/appdir/vendor/laravel/framework/src/Illuminate/Pipeline/Pipeline.php(104): Illuminate\\Routing\\Pipeline->Illuminate\\Routing\\{closure}(Object(Illuminate\\Http\\Request))
#71 /home/adminlsp/appdir/vendor/laravel/framework/src/Illuminate/Foundation/Http/Kernel.php(151): Illuminate\\Pipeline\\Pipeline->then(Object(Closure))
#72 /home/adminlsp/appdir/vendor/laravel/framework/src/Illuminate/Foundation/Http/Kernel.php(116): Illuminate\\Foundation\\Http\\Kernel->sendRequestThroughRouter(Object(Illuminate\\Http\\Request))
#73 /home/adminlsp/appdir/public/index.php(55): Illuminate\\Foundation\\Http\\Kernel->handle(Object(Illuminate\\Http\\Request))
#74 /home/adminlsp/appdir/server.php(21): require_once('/home/adminlsp/...')
#75 {main}
"} 
[2021-06-17 03:55:16] local.ERROR: Failed to authenticate on SMTP server with username "lsp@polije.ac.id" using 3 possible authenticators. Authenticator LOGIN returned Expected response code 235 but got code "535", with message "535-5.7.8 Username and Password not accepted. Learn more at
535 5.7.8  https://support.google.com/mail/?p=BadCredentials b20sm3688436pgm.30 - gsmtp
". Authenticator PLAIN returned Expected response code 235 but got code "535", with message "535-5.7.8 Username and Password not accepted. Learn more at
535 5.7.8  https://support.google.com/mail/?p=BadCredentials b20sm3688436pgm.30 - gsmtp
". Authenticator XOAUTH2 returned Expected response code 250 but got code "535", with message "535-5.7.8 Username and Password not accepted. Learn more at
535 5.7.8  https://support.google.com/mail/?p=BadCredentials b20sm3688436pgm.30 - gsmtp
". {"exception":"[object] (Swift_TransportException(code: 0): Failed to authenticate on SMTP server with username \"lsp@polije.ac.id\" using 3 possible authenticators. Authenticator LOGIN returned Expected response code 235 but got code \"535\", with message \"535-5.7.8 Username and Password not accepted. Learn more at
535 5.7.8  https://support.google.com/mail/?p=BadCredentials b20sm3688436pgm.30 - gsmtp
\". Authenticator PLAIN returned Expected response code 235 but got code \"535\", with message \"535-5.7.8 Username and Password not accepted. Learn more at
535 5.7.8  https://support.google.com/mail/?p=BadCredentials b20sm3688436pgm.30 - gsmtp
\". Authenticator XOAUTH2 returned Expected response code 250 but got code \"535\", with message \"535-5.7.8 Username and Password not accepted. Learn more at
535 5.7.8  https://support.google.com/mail/?p=BadCredentials b20sm3688436pgm.30 - gsmtp
\". at /home/adminlsp/appdir/vendor/swiftmailer/swiftmailer/lib/classes/Swift/Transport/Esmtp/AuthHandler.php:191)
[stacktrace]
#0 /home/adminlsp/appdir/vendor/swiftmailer/swiftmailer/lib/classes/Swift/Transport/EsmtpTransport.php(371): Swift_Transport_Esmtp_AuthHandler->afterEhlo(Object(Swift_SmtpTransport))
#1 /home/adminlsp/appdir/vendor/swiftmailer/swiftmailer/lib/classes/Swift/Transport/AbstractSmtpTransport.php(148): Swift_Transport_EsmtpTransport->doHeloCommand()
#2 /home/adminlsp/appdir/vendor/swiftmailer/swiftmailer/lib/classes/Swift/Mailer.php(65): Swift_Transport_AbstractSmtpTransport->start()
#3 /home/adminlsp/appdir/vendor/laravel/framework/src/Illuminate/Mail/Mailer.php(484): Swift_Mailer->send(Object(Swift_Message), Array)
#4 /home/adminlsp/appdir/vendor/laravel/framework/src/Illuminate/Mail/Mailer.php(259): Illuminate\\Mail\\Mailer->sendSwiftMessage(Object(Swift_Message))
#5 /home/adminlsp/appdir/vendor/laravel/framework/src/Illuminate/Mail/Mailable.php(159): Illuminate\\Mail\\Mailer->send('auth.mail', Array, Object(Closure))
#6 /home/adminlsp/appdir/vendor/laravel/framework/src/Illuminate/Support/Traits/Localizable.php(19): Illuminate\\Mail\\Mailable->Illuminate\\Mail\\{closure}()
#7 /home/adminlsp/appdir/vendor/laravel/framework/src/Illuminate/Mail/Mailable.php(160): Illuminate\\Mail\\Mailable->withLocale(NULL, Object(Closure))
#8 /home/adminlsp/appdir/vendor/laravel/framework/src/Illuminate/Mail/Mailer.php(275): Illuminate\\Mail\\Mailable->send(Object(Illuminate\\Mail\\Mailer))
#9 /home/adminlsp/appdir/vendor/laravel/framework/src/Illuminate/Mail/Mailer.php(229): Illuminate\\Mail\\Mailer->sendMailable(Object(App\\Mail\\RegisterMail))
#10 /home/adminlsp/appdir/vendor/laravel/framework/src/Illuminate/Mail/PendingMail.php(127): Illuminate\\Mail\\Mailer->send(Object(App\\Mail\\RegisterMail))
#11 /home/adminlsp/appdir/app/Listeners/RegisteredListener.php(30): Illuminate\\Mail\\PendingMail->send(Object(App\\Mail\\RegisterMail))
#12 [internal function]: App\\Listeners\\RegisteredListener->handle(Object(Illuminate\\Auth\\Events\\Registered))
#13 /home/adminlsp/appdir/vendor/laravel/framework/src/Illuminate/Events/Dispatcher.php(366): call_user_func_array(Array, Array)
#14 /home/adminlsp/appdir/vendor/laravel/framework/src/Illuminate/Events/Dispatcher.php(196): Illuminate\\Events\\Dispatcher->Illuminate\\Events\\{closure}('Illuminate\\\\Auth...', Array)
#15 /home/adminlsp/appdir/vendor/laravel/framework/src/Illuminate/Foundation/helpers.php(482): Illuminate\\Events\\Dispatcher->dispatch('Illuminate\\\\Auth...')
#16 /home/adminlsp/appdir/vendor/laravel/framework/src/Illuminate/Foundation/Auth/RegistersUsers.php(34): event(Object(Illuminate\\Auth\\Events\\Registered))
#17 [internal function]: App\\Http\\Controllers\\Auth\\RegisterController->register(Object(Illuminate\\Http\\Request))
#18 /home/adminlsp/appdir/vendor/laravel/framework/src/Illuminate/Routing/Controller.php(54): call_user_func_array(Array, Array)
#19 /home/adminlsp/appdir/vendor/laravel/framework/src/Illuminate/Routing/ControllerDispatcher.php(45): Illuminate\\Routing\\Controller->callAction('register', Array)
#20 /home/adminlsp/appdir/vendor/laravel/framework/src/Illuminate/Routing/Route.php(219): Illuminate\\Routing\\ControllerDispatcher->dispatch(Object(Illuminate\\Routing\\Route), Object(App\\Http\\Controllers\\Auth\\RegisterController), 'register')
#21 /home/adminlsp/appdir/vendor/laravel/framework/src/Illuminate/Routing/Route.php(176): Illuminate\\Routing\\Route->runController()
#22 /home/adminlsp/appdir/vendor/laravel/framework/src/Illuminate/Routing/Router.php(680): Illuminate\\Routing\\Route->run()
#23 /home/adminlsp/appdir/vendor/laravel/framework/src/Illuminate/Routing/Pipeline.php(30): Illuminate\\Routing\\Router->Illuminate\\Routing\\{closure}(Object(Illuminate\\Http\\Request))
#24 /home/adminlsp/appdir/app/Http/Middleware/RedirectIfAuthenticated.php(24): Illuminate\\Routing\\Pipeline->Illuminate\\Routing\\{closure}(Object(Illuminate\\Http\\Request))
#25 /home/adminlsp/appdir/vendor/laravel/framework/src/Illuminate/Pipeline/Pipeline.php(163): App\\Http\\Middleware\\RedirectIfAuthenticated->handle(Object(Illuminate\\Http\\Request), Object(Closure))
#26 /home/adminlsp/appdir/vendor/laravel/framework/src/Illuminate/Routing/Pipeline.php(53): Illuminate\\Pipeline\\Pipeline->Illuminate\\Pipeline\\{closure}(Object(Illuminate\\Http\\Request))
#27 /home/adminlsp/appdir/vendor/laravel/framework/src/Illuminate/Routing/Middleware/SubstituteBindings.php(41): Illuminate\\Routing\\Pipeline->Illuminate\\Routing\\{closure}(Object(Illuminate\\Http\\Request))
#28 /home/adminlsp/appdir/vendor/laravel/framework/src/Illuminate/Pipeline/Pipeline.php(163): Illuminate\\Routing\\Middleware\\SubstituteBindings->handle(Object(Illuminate\\Http\\Request), Object(Closure))
#29 /home/adminlsp/appdir/vendor/laravel/framework/src/Illuminate/Routing/Pipeline.php(53): Illuminate\\Pipeline\\Pipeline->Illuminate\\Pipeline\\{closure}(Object(Illuminate\\Http\\Request))
#30 /home/adminlsp/appdir/vendor/laravel/framework/src/Illuminate/Foundation/Http/Middleware/VerifyCsrfToken.php(75): Illuminate\\Routing\\Pipeline->Illuminate\\Routing\\{closure}(Object(Illuminate\\Http\\Request))
#31 /home/adminlsp/appdir/vendor/laravel/framework/src/Illuminate/Pipeline/Pipeline.php(163): Illuminate\\Foundation\\Http\\Middleware\\VerifyCsrfToken->handle(Object(Illuminate\\Http\\Request), Object(Closure))
#32 /home/adminlsp/appdir/vendor/laravel/framework/src/Illuminate/Routing/Pipeline.php(53): Illuminate\\Pipeline\\Pipeline->Illuminate\\Pipeline\\{closure}(Object(Illuminate\\Http\\Request))
#33 /home/adminlsp/appdir/vendor/laravel/framework/src/Illuminate/Session/Middleware/AuthenticateSession.php(39): Illuminate\\Routing\\Pipeline->Illuminate\\Routing\\{closure}(Object(Illuminate\\Http\\Request))
#34 /home/adminlsp/appdir/vendor/laravel/framework/src/Illuminate/Pipeline/Pipeline.php(163): Illuminate\\Session\\Middleware\\AuthenticateSession->handle(Object(Illuminate\\Http\\Request), Object(Closure))
#35 /home/adminlsp/appdir/vendor/laravel/framework/src/Illuminate/Routing/Pipeline.php(53): Illuminate\\Pipeline\\Pipeline->Illuminate\\Pipeline\\{closure}(Object(Illuminate\\Http\\Request))
#36 /home/adminlsp/appdir/vendor/laravel/framework/src/Illuminate/View/Middleware/ShareErrorsFromSession.php(49): Illuminate\\Routing\\Pipeline->Illuminate\\Routing\\{closure}(Object(Illuminate\\Http\\Request))
#37 /home/adminlsp/appdir/vendor/laravel/framework/src/Illuminate/Pipeline/Pipeline.php(163): Illuminate\\View\\Middleware\\ShareErrorsFromSession->handle(Object(Illuminate\\Http\\Request), Object(Closure))
#38 /home/adminlsp/appdir/vendor/laravel/framework/src/Illuminate/Routing/Pipeline.php(53): Illuminate\\Pipeline\\Pipeline->Illuminate\\Pipeline\\{closure}(Object(Illuminate\\Http\\Request))
#39 /home/adminlsp/appdir/vendor/laravel/framework/src/Illuminate/Session/Middleware/StartSession.php(56): Illuminate\\Routing\\Pipeline->Illuminate\\Routing\\{closure}(Object(Illuminate\\Http\\Request))
#40 /home/adminlsp/appdir/vendor/laravel/framework/src/Illuminate/Pipeline/Pipeline.php(163): Illuminate\\Session\\Middleware\\StartSession->handle(Object(Illuminate\\Http\\Request), Object(Closure))
#41 /home/adminlsp/appdir/vendor/laravel/framework/src/Illuminate/Routing/Pipeline.php(53): Illuminate\\Pipeline\\Pipeline->Illuminate\\Pipeline\\{closure}(Object(Illuminate\\Http\\Request))
#42 /home/adminlsp/appdir/vendor/laravel/framework/src/Illuminate/Cookie/Middleware/AddQueuedCookiesToResponse.php(37): Illuminate\\Routing\\Pipeline->Illuminate\\Routing\\{closure}(Object(Illuminate\\Http\\Request))
#43 /home/adminlsp/appdir/vendor/laravel/framework/src/Illuminate/Pipeline/Pipeline.php(163): Illuminate\\Cookie\\Middleware\\AddQueuedCookiesToResponse->handle(Object(Illuminate\\Http\\Request), Object(Closure))
#44 /home/adminlsp/appdir/vendor/laravel/framework/src/Illuminate/Routing/Pipeline.php(53): Illuminate\\Pipeline\\Pipeline->Illuminate\\Pipeline\\{closure}(Object(Illuminate\\Http\\Request))
#45 /home/adminlsp/appdir/vendor/laravel/framework/src/Illuminate/Cookie/Middleware/EncryptCookies.php(66): Illuminate\\Routing\\Pipeline->Illuminate\\Routing\\{closure}(Object(Illuminate\\Http\\Request))
#46 /home/adminlsp/appdir/vendor/laravel/framework/src/Illuminate/Pipeline/Pipeline.php(163): Illuminate\\Cookie\\Middleware\\EncryptCookies->handle(Object(Illuminate\\Http\\Request), Object(Closure))
#47 /home/adminlsp/appdir/vendor/laravel/framework/src/Illuminate/Routing/Pipeline.php(53): Illuminate\\Pipeline\\Pipeline->Illuminate\\Pipeline\\{closure}(Object(Illuminate\\Http\\Request))
#48 /home/adminlsp/appdir/vendor/laravel/framework/src/Illuminate/Pipeline/Pipeline.php(104): Illuminate\\Routing\\Pipeline->Illuminate\\Routing\\{closure}(Object(Illuminate\\Http\\Request))
#49 /home/adminlsp/appdir/vendor/laravel/framework/src/Illuminate/Routing/Router.php(682): Illuminate\\Pipeline\\Pipeline->then(Object(Closure))
#50 /home/adminlsp/appdir/vendor/laravel/framework/src/Illuminate/Routing/Router.php(657): Illuminate\\Routing\\Router->runRouteWithinStack(Object(Illuminate\\Routing\\Route), Object(Illuminate\\Http\\Request))
#51 /home/adminlsp/appdir/vendor/laravel/framework/src/Illuminate/Routing/Router.php(623): Illuminate\\Routing\\Router->runRoute(Object(Illuminate\\Http\\Request), Object(Illuminate\\Routing\\Route))
#52 /home/adminlsp/appdir/vendor/laravel/framework/src/Illuminate/Routing/Router.php(612): Illuminate\\Routing\\Router->dispatchToRoute(Object(Illuminate\\Http\\Request))
#53 /home/adminlsp/appdir/vendor/laravel/framework/src/Illuminate/Foundation/Http/Kernel.php(176): Illuminate\\Routing\\Router->dispatch(Object(Illuminate\\Http\\Request))
#54 /home/adminlsp/appdir/vendor/laravel/framework/src/Illuminate/Routing/Pipeline.php(30): Illuminate\\Foundation\\Http\\Kernel->Illuminate\\Foundation\\Http\\{closure}(Object(Illuminate\\Http\\Request))
#55 /home/adminlsp/appdir/vendor/fideloper/proxy/src/TrustProxies.php(57): Illuminate\\Routing\\Pipeline->Illuminate\\Routing\\{closure}(Object(Illuminate\\Http\\Request))
#56 /home/adminlsp/appdir/vendor/laravel/framework/src/Illuminate/Pipeline/Pipeline.php(163): Fideloper\\Proxy\\TrustProxies->handle(Object(Illuminate\\Http\\Request), Object(Closure))
#57 /home/adminlsp/appdir/vendor/laravel/framework/src/Illuminate/Routing/Pipeline.php(53): Illuminate\\Pipeline\\Pipeline->Illuminate\\Pipeline\\{closure}(Object(Illuminate\\Http\\Request))
#58 /home/adminlsp/appdir/vendor/laravel/framework/src/Illuminate/Foundation/Http/Middleware/TransformsRequest.php(21): Illuminate\\Routing\\Pipeline->Illuminate\\Routing\\{closure}(Object(Illuminate\\Http\\Request))
#59 /home/adminlsp/appdir/vendor/laravel/framework/src/Illuminate/Pipeline/Pipeline.php(163): Illuminate\\Foundation\\Http\\Middleware\\TransformsRequest->handle(Object(Illuminate\\Http\\Request), Object(Closure))
#60 /home/adminlsp/appdir/vendor/laravel/framework/src/Illuminate/Routing/Pipeline.php(53): Illuminate\\Pipeline\\Pipeline->Illuminate\\Pipeline\\{closure}(Object(Illuminate\\Http\\Request))
#61 /home/adminlsp/appdir/vendor/laravel/framework/src/Illuminate/Foundation/Http/Middleware/TransformsRequest.php(21): Illuminate\\Routing\\Pipeline->Illuminate\\Routing\\{closure}(Object(Illuminate\\Http\\Request))
#62 /home/adminlsp/appdir/vendor/laravel/framework/src/Illuminate/Pipeline/Pipeline.php(163): Illuminate\\Foundation\\Http\\Middleware\\TransformsRequest->handle(Object(Illuminate\\Http\\Request), Object(Closure))
#63 /home/adminlsp/appdir/vendor/laravel/framework/src/Illuminate/Routing/Pipeline.php(53): Illuminate\\Pipeline\\Pipeline->Illuminate\\Pipeline\\{closure}(Object(Illuminate\\Http\\Request))
#64 /home/adminlsp/appdir/vendor/laravel/framework/src/Illuminate/Foundation/Http/Middleware/ValidatePostSize.php(27): Illuminate\\Routing\\Pipeline->Illuminate\\Routing\\{closure}(Object(Illuminate\\Http\\Request))
#65 /home/adminlsp/appdir/vendor/laravel/framework/src/Illuminate/Pipeline/Pipeline.php(163): Illuminate\\Foundation\\Http\\Middleware\\ValidatePostSize->handle(Object(Illuminate\\Http\\Request), Object(Closure))
#66 /home/adminlsp/appdir/vendor/laravel/framework/src/Illuminate/Routing/Pipeline.php(53): Illuminate\\Pipeline\\Pipeline->Illuminate\\Pipeline\\{closure}(Object(Illuminate\\Http\\Request))
#67 /home/adminlsp/appdir/vendor/laravel/framework/src/Illuminate/Foundation/Http/Middleware/CheckForMaintenanceMode.php(62): Illuminate\\Routing\\Pipeline->Illuminate\\Routing\\{closure}(Object(Illuminate\\Http\\Request))
#68 /home/adminlsp/appdir/vendor/laravel/framework/src/Illuminate/Pipeline/Pipeline.php(163): Illuminate\\Foundation\\Http\\Middleware\\CheckForMaintenanceMode->handle(Object(Illuminate\\Http\\Request), Object(Closure))
#69 /home/adminlsp/appdir/vendor/laravel/framework/src/Illuminate/Routing/Pipeline.php(53): Illuminate\\Pipeline\\Pipeline->Illuminate\\Pipeline\\{closure}(Object(Illuminate\\Http\\Request))
#70 /home/adminlsp/appdir/vendor/laravel/framework/src/Illuminate/Pipeline/Pipeline.php(104): Illuminate\\Routing\\Pipeline->Illuminate\\Routing\\{closure}(Object(Illuminate\\Http\\Request))
#71 /home/adminlsp/appdir/vendor/laravel/framework/src/Illuminate/Foundation/Http/Kernel.php(151): Illuminate\\Pipeline\\Pipeline->then(Object(Closure))
#72 /home/adminlsp/appdir/vendor/laravel/framework/src/Illuminate/Foundation/Http/Kernel.php(116): Illuminate\\Foundation\\Http\\Kernel->sendRequestThroughRouter(Object(Illuminate\\Http\\Request))
#73 /home/adminlsp/appdir/public/index.php(55): Illuminate\\Foundation\\Http\\Kernel->handle(Object(Illuminate\\Http\\Request))
#74 /home/adminlsp/appdir/server.php(21): require_once('/home/adminlsp/...')
#75 {main}
"} 
[2021-06-17 03:55:18] local.ERROR: Failed to authenticate on SMTP server with username "lsp@polije.ac.id" using 3 possible authenticators. Authenticator LOGIN returned Expected response code 235 but got code "535", with message "535-5.7.8 Username and Password not accepted. Learn more at
535 5.7.8  https://support.google.com/mail/?p=BadCredentials v7sm3509358pfi.187 - gsmtp
". Authenticator PLAIN returned Expected response code 235 but got code "535", with message "535-5.7.8 Username and Password not accepted. Learn more at
535 5.7.8  https://support.google.com/mail/?p=BadCredentials v7sm3509358pfi.187 - gsmtp
". Authenticator XOAUTH2 returned Expected response code 250 but got code "535", with message "535-5.7.8 Username and Password not accepted. Learn more at
535 5.7.8  https://support.google.com/mail/?p=BadCredentials v7sm3509358pfi.187 - gsmtp
". {"exception":"[object] (Swift_TransportException(code: 0): Failed to authenticate on SMTP server with username \"lsp@polije.ac.id\" using 3 possible authenticators. Authenticator LOGIN returned Expected response code 235 but got code \"535\", with message \"535-5.7.8 Username and Password not accepted. Learn more at
535 5.7.8  https://support.google.com/mail/?p=BadCredentials v7sm3509358pfi.187 - gsmtp
\". Authenticator PLAIN returned Expected response code 235 but got code \"535\", with message \"535-5.7.8 Username and Password not accepted. Learn more at
535 5.7.8  https://support.google.com/mail/?p=BadCredentials v7sm3509358pfi.187 - gsmtp
\". Authenticator XOAUTH2 returned Expected response code 250 but got code \"535\", with message \"535-5.7.8 Username and Password not accepted. Learn more at
535 5.7.8  https://support.google.com/mail/?p=BadCredentials v7sm3509358pfi.187 - gsmtp
\". at /home/adminlsp/appdir/vendor/swiftmailer/swiftmailer/lib/classes/Swift/Transport/Esmtp/AuthHandler.php:191)
[stacktrace]
#0 /home/adminlsp/appdir/vendor/swiftmailer/swiftmailer/lib/classes/Swift/Transport/EsmtpTransport.php(371): Swift_Transport_Esmtp_AuthHandler->afterEhlo(Object(Swift_SmtpTransport))
#1 /home/adminlsp/appdir/vendor/swiftmailer/swiftmailer/lib/classes/Swift/Transport/AbstractSmtpTransport.php(148): Swift_Transport_EsmtpTransport->doHeloCommand()
#2 /home/adminlsp/appdir/vendor/swiftmailer/swiftmailer/lib/classes/Swift/Mailer.php(65): Swift_Transport_AbstractSmtpTransport->start()
#3 /home/adminlsp/appdir/vendor/laravel/framework/src/Illuminate/Mail/Mailer.php(484): Swift_Mailer->send(Object(Swift_Message), Array)
#4 /home/adminlsp/appdir/vendor/laravel/framework/src/Illuminate/Mail/Mailer.php(259): Illuminate\\Mail\\Mailer->sendSwiftMessage(Object(Swift_Message))
#5 /home/adminlsp/appdir/vendor/laravel/framework/src/Illuminate/Mail/Mailable.php(159): Illuminate\\Mail\\Mailer->send('auth.mail', Array, Object(Closure))
#6 /home/adminlsp/appdir/vendor/laravel/framework/src/Illuminate/Support/Traits/Localizable.php(19): Illuminate\\Mail\\Mailable->Illuminate\\Mail\\{closure}()
#7 /home/adminlsp/appdir/vendor/laravel/framework/src/Illuminate/Mail/Mailable.php(160): Illuminate\\Mail\\Mailable->withLocale(NULL, Object(Closure))
#8 /home/adminlsp/appdir/vendor/laravel/framework/src/Illuminate/Mail/Mailer.php(275): Illuminate\\Mail\\Mailable->send(Object(Illuminate\\Mail\\Mailer))
#9 /home/adminlsp/appdir/vendor/laravel/framework/src/Illuminate/Mail/Mailer.php(229): Illuminate\\Mail\\Mailer->sendMailable(Object(App\\Mail\\RegisterMail))
#10 /home/adminlsp/appdir/vendor/laravel/framework/src/Illuminate/Mail/PendingMail.php(127): Illuminate\\Mail\\Mailer->send(Object(App\\Mail\\RegisterMail))
#11 /home/adminlsp/appdir/app/Listeners/RegisteredListener.php(30): Illuminate\\Mail\\PendingMail->send(Object(App\\Mail\\RegisterMail))
#12 [internal function]: App\\Listeners\\RegisteredListener->handle(Object(Illuminate\\Auth\\Events\\Registered))
#13 /home/adminlsp/appdir/vendor/laravel/framework/src/Illuminate/Events/Dispatcher.php(366): call_user_func_array(Array, Array)
#14 /home/adminlsp/appdir/vendor/laravel/framework/src/Illuminate/Events/Dispatcher.php(196): Illuminate\\Events\\Dispatcher->Illuminate\\Events\\{closure}('Illuminate\\\\Auth...', Array)
#15 /home/adminlsp/appdir/vendor/laravel/framework/src/Illuminate/Foundation/helpers.php(482): Illuminate\\Events\\Dispatcher->dispatch('Illuminate\\\\Auth...')
#16 /home/adminlsp/appdir/vendor/laravel/framework/src/Illuminate/Foundation/Auth/RegistersUsers.php(34): event(Object(Illuminate\\Auth\\Events\\Registered))
#17 [internal function]: App\\Http\\Controllers\\Auth\\RegisterController->register(Object(Illuminate\\Http\\Request))
#18 /home/adminlsp/appdir/vendor/laravel/framework/src/Illuminate/Routing/Controller.php(54): call_user_func_array(Array, Array)
#19 /home/adminlsp/appdir/vendor/laravel/framework/src/Illuminate/Routing/ControllerDispatcher.php(45): Illuminate\\Routing\\Controller->callAction('register', Array)
#20 /home/adminlsp/appdir/vendor/laravel/framework/src/Illuminate/Routing/Route.php(219): Illuminate\\Routing\\ControllerDispatcher->dispatch(Object(Illuminate\\Routing\\Route), Object(App\\Http\\Controllers\\Auth\\RegisterController), 'register')
#21 /home/adminlsp/appdir/vendor/laravel/framework/src/Illuminate/Routing/Route.php(176): Illuminate\\Routing\\Route->runController()
#22 /home/adminlsp/appdir/vendor/laravel/framework/src/Illuminate/Routing/Router.php(680): Illuminate\\Routing\\Route->run()
#23 /home/adminlsp/appdir/vendor/laravel/framework/src/Illuminate/Routing/Pipeline.php(30): Illuminate\\Routing\\Router->Illuminate\\Routing\\{closure}(Object(Illuminate\\Http\\Request))
#24 /home/adminlsp/appdir/app/Http/Middleware/RedirectIfAuthenticated.php(24): Illuminate\\Routing\\Pipeline->Illuminate\\Routing\\{closure}(Object(Illuminate\\Http\\Request))
#25 /home/adminlsp/appdir/vendor/laravel/framework/src/Illuminate/Pipeline/Pipeline.php(163): App\\Http\\Middleware\\RedirectIfAuthenticated->handle(Object(Illuminate\\Http\\Request), Object(Closure))
#26 /home/adminlsp/appdir/vendor/laravel/framework/src/Illuminate/Routing/Pipeline.php(53): Illuminate\\Pipeline\\Pipeline->Illuminate\\Pipeline\\{closure}(Object(Illuminate\\Http\\Request))
#27 /home/adminlsp/appdir/vendor/laravel/framework/src/Illuminate/Routing/Middleware/SubstituteBindings.php(41): Illuminate\\Routing\\Pipeline->Illuminate\\Routing\\{closure}(Object(Illuminate\\Http\\Request))
#28 /home/adminlsp/appdir/vendor/laravel/framework/src/Illuminate/Pipeline/Pipeline.php(163): Illuminate\\Routing\\Middleware\\SubstituteBindings->handle(Object(Illuminate\\Http\\Request), Object(Closure))
#29 /home/adminlsp/appdir/vendor/laravel/framework/src/Illuminate/Routing/Pipeline.php(53): Illuminate\\Pipeline\\Pipeline->Illuminate\\Pipeline\\{closure}(Object(Illuminate\\Http\\Request))
#30 /home/adminlsp/appdir/vendor/laravel/framework/src/Illuminate/Foundation/Http/Middleware/VerifyCsrfToken.php(75): Illuminate\\Routing\\Pipeline->Illuminate\\Routing\\{closure}(Object(Illuminate\\Http\\Request))
#31 /home/adminlsp/appdir/vendor/laravel/framework/src/Illuminate/Pipeline/Pipeline.php(163): Illuminate\\Foundation\\Http\\Middleware\\VerifyCsrfToken->handle(Object(Illuminate\\Http\\Request), Object(Closure))
#32 /home/adminlsp/appdir/vendor/laravel/framework/src/Illuminate/Routing/Pipeline.php(53): Illuminate\\Pipeline\\Pipeline->Illuminate\\Pipeline\\{closure}(Object(Illuminate\\Http\\Request))
#33 /home/adminlsp/appdir/vendor/laravel/framework/src/Illuminate/Session/Middleware/AuthenticateSession.php(39): Illuminate\\Routing\\Pipeline->Illuminate\\Routing\\{closure}(Object(Illuminate\\Http\\Request))
#34 /home/adminlsp/appdir/vendor/laravel/framework/src/Illuminate/Pipeline/Pipeline.php(163): Illuminate\\Session\\Middleware\\AuthenticateSession->handle(Object(Illuminate\\Http\\Request), Object(Closure))
#35 /home/adminlsp/appdir/vendor/laravel/framework/src/Illuminate/Routing/Pipeline.php(53): Illuminate\\Pipeline\\Pipeline->Illuminate\\Pipeline\\{closure}(Object(Illuminate\\Http\\Request))
#36 /home/adminlsp/appdir/vendor/laravel/framework/src/Illuminate/View/Middleware/ShareErrorsFromSession.php(49): Illuminate\\Routing\\Pipeline->Illuminate\\Routing\\{closure}(Object(Illuminate\\Http\\Request))
#37 /home/adminlsp/appdir/vendor/laravel/framework/src/Illuminate/Pipeline/Pipeline.php(163): Illuminate\\View\\Middleware\\ShareErrorsFromSession->handle(Object(Illuminate\\Http\\Request), Object(Closure))
#38 /home/adminlsp/appdir/vendor/laravel/framework/src/Illuminate/Routing/Pipeline.php(53): Illuminate\\Pipeline\\Pipeline->Illuminate\\Pipeline\\{closure}(Object(Illuminate\\Http\\Request))
#39 /home/adminlsp/appdir/vendor/laravel/framework/src/Illuminate/Session/Middleware/StartSession.php(56): Illuminate\\Routing\\Pipeline->Illuminate\\Routing\\{closure}(Object(Illuminate\\Http\\Request))
#40 /home/adminlsp/appdir/vendor/laravel/framework/src/Illuminate/Pipeline/Pipeline.php(163): Illuminate\\Session\\Middleware\\StartSession->handle(Object(Illuminate\\Http\\Request), Object(Closure))
#41 /home/adminlsp/appdir/vendor/laravel/framework/src/Illuminate/Routing/Pipeline.php(53): Illuminate\\Pipeline\\Pipeline->Illuminate\\Pipeline\\{closure}(Object(Illuminate\\Http\\Request))
#42 /home/adminlsp/appdir/vendor/laravel/framework/src/Illuminate/Cookie/Middleware/AddQueuedCookiesToResponse.php(37): Illuminate\\Routing\\Pipeline->Illuminate\\Routing\\{closure}(Object(Illuminate\\Http\\Request))
#43 /home/adminlsp/appdir/vendor/laravel/framework/src/Illuminate/Pipeline/Pipeline.php(163): Illuminate\\Cookie\\Middleware\\AddQueuedCookiesToResponse->handle(Object(Illuminate\\Http\\Request), Object(Closure))
#44 /home/adminlsp/appdir/vendor/laravel/framework/src/Illuminate/Routing/Pipeline.php(53): Illuminate\\Pipeline\\Pipeline->Illuminate\\Pipeline\\{closure}(Object(Illuminate\\Http\\Request))
#45 /home/adminlsp/appdir/vendor/laravel/framework/src/Illuminate/Cookie/Middleware/EncryptCookies.php(66): Illuminate\\Routing\\Pipeline->Illuminate\\Routing\\{closure}(Object(Illuminate\\Http\\Request))
#46 /home/adminlsp/appdir/vendor/laravel/framework/src/Illuminate/Pipeline/Pipeline.php(163): Illuminate\\Cookie\\Middleware\\EncryptCookies->handle(Object(Illuminate\\Http\\Request), Object(Closure))
#47 /home/adminlsp/appdir/vendor/laravel/framework/src/Illuminate/Routing/Pipeline.php(53): Illuminate\\Pipeline\\Pipeline->Illuminate\\Pipeline\\{closure}(Object(Illuminate\\Http\\Request))
#48 /home/adminlsp/appdir/vendor/laravel/framework/src/Illuminate/Pipeline/Pipeline.php(104): Illuminate\\Routing\\Pipeline->Illuminate\\Routing\\{closure}(Object(Illuminate\\Http\\Request))
#49 /home/adminlsp/appdir/vendor/laravel/framework/src/Illuminate/Routing/Router.php(682): Illuminate\\Pipeline\\Pipeline->then(Object(Closure))
#50 /home/adminlsp/appdir/vendor/laravel/framework/src/Illuminate/Routing/Router.php(657): Illuminate\\Routing\\Router->runRouteWithinStack(Object(Illuminate\\Routing\\Route), Object(Illuminate\\Http\\Request))
#51 /home/adminlsp/appdir/vendor/laravel/framework/src/Illuminate/Routing/Router.php(623): Illuminate\\Routing\\Router->runRoute(Object(Illuminate\\Http\\Request), Object(Illuminate\\Routing\\Route))
#52 /home/adminlsp/appdir/vendor/laravel/framework/src/Illuminate/Routing/Router.php(612): Illuminate\\Routing\\Router->dispatchToRoute(Object(Illuminate\\Http\\Request))
#53 /home/adminlsp/appdir/vendor/laravel/framework/src/Illuminate/Foundation/Http/Kernel.php(176): Illuminate\\Routing\\Router->dispatch(Object(Illuminate\\Http\\Request))
#54 /home/adminlsp/appdir/vendor/laravel/framework/src/Illuminate/Routing/Pipeline.php(30): Illuminate\\Foundation\\Http\\Kernel->Illuminate\\Foundation\\Http\\{closure}(Object(Illuminate\\Http\\Request))
#55 /home/adminlsp/appdir/vendor/fideloper/proxy/src/TrustProxies.php(57): Illuminate\\Routing\\Pipeline->Illuminate\\Routing\\{closure}(Object(Illuminate\\Http\\Request))
#56 /home/adminlsp/appdir/vendor/laravel/framework/src/Illuminate/Pipeline/Pipeline.php(163): Fideloper\\Proxy\\TrustProxies->handle(Object(Illuminate\\Http\\Request), Object(Closure))
#57 /home/adminlsp/appdir/vendor/laravel/framework/src/Illuminate/Routing/Pipeline.php(53): Illuminate\\Pipeline\\Pipeline->Illuminate\\Pipeline\\{closure}(Object(Illuminate\\Http\\Request))
#58 /home/adminlsp/appdir/vendor/laravel/framework/src/Illuminate/Foundation/Http/Middleware/TransformsRequest.php(21): Illuminate\\Routing\\Pipeline->Illuminate\\Routing\\{closure}(Object(Illuminate\\Http\\Request))
#59 /home/adminlsp/appdir/vendor/laravel/framework/src/Illuminate/Pipeline/Pipeline.php(163): Illuminate\\Foundation\\Http\\Middleware\\TransformsRequest->handle(Object(Illuminate\\Http\\Request), Object(Closure))
#60 /home/adminlsp/appdir/vendor/laravel/framework/src/Illuminate/Routing/Pipeline.php(53): Illuminate\\Pipeline\\Pipeline->Illuminate\\Pipeline\\{closure}(Object(Illuminate\\Http\\Request))
#61 /home/adminlsp/appdir/vendor/laravel/framework/src/Illuminate/Foundation/Http/Middleware/TransformsRequest.php(21): Illuminate\\Routing\\Pipeline->Illuminate\\Routing\\{closure}(Object(Illuminate\\Http\\Request))
#62 /home/adminlsp/appdir/vendor/laravel/framework/src/Illuminate/Pipeline/Pipeline.php(163): Illuminate\\Foundation\\Http\\Middleware\\TransformsRequest->handle(Object(Illuminate\\Http\\Request), Object(Closure))
#63 /home/adminlsp/appdir/vendor/laravel/framework/src/Illuminate/Routing/Pipeline.php(53): Illuminate\\Pipeline\\Pipeline->Illuminate\\Pipeline\\{closure}(Object(Illuminate\\Http\\Request))
#64 /home/adminlsp/appdir/vendor/laravel/framework/src/Illuminate/Foundation/Http/Middleware/ValidatePostSize.php(27): Illuminate\\Routing\\Pipeline->Illuminate\\Routing\\{closure}(Object(Illuminate\\Http\\Request))
#65 /home/adminlsp/appdir/vendor/laravel/framework/src/Illuminate/Pipeline/Pipeline.php(163): Illuminate\\Foundation\\Http\\Middleware\\ValidatePostSize->handle(Object(Illuminate\\Http\\Request), Object(Closure))
#66 /home/adminlsp/appdir/vendor/laravel/framework/src/Illuminate/Routing/Pipeline.php(53): Illuminate\\Pipeline\\Pipeline->Illuminate\\Pipeline\\{closure}(Object(Illuminate\\Http\\Request))
#67 /home/adminlsp/appdir/vendor/laravel/framework/src/Illuminate/Foundation/Http/Middleware/CheckForMaintenanceMode.php(62): Illuminate\\Routing\\Pipeline->Illuminate\\Routing\\{closure}(Object(Illuminate\\Http\\Request))
#68 /home/adminlsp/appdir/vendor/laravel/framework/src/Illuminate/Pipeline/Pipeline.php(163): Illuminate\\Foundation\\Http\\Middleware\\CheckForMaintenanceMode->handle(Object(Illuminate\\Http\\Request), Object(Closure))
#69 /home/adminlsp/appdir/vendor/laravel/framework/src/Illuminate/Routing/Pipeline.php(53): Illuminate\\Pipeline\\Pipeline->Illuminate\\Pipeline\\{closure}(Object(Illuminate\\Http\\Request))
#70 /home/adminlsp/appdir/vendor/laravel/framework/src/Illuminate/Pipeline/Pipeline.php(104): Illuminate\\Routing\\Pipeline->Illuminate\\Routing\\{closure}(Object(Illuminate\\Http\\Request))
#71 /home/adminlsp/appdir/vendor/laravel/framework/src/Illuminate/Foundation/Http/Kernel.php(151): Illuminate\\Pipeline\\Pipeline->then(Object(Closure))
#72 /home/adminlsp/appdir/vendor/laravel/framework/src/Illuminate/Foundation/Http/Kernel.php(116): Illuminate\\Foundation\\Http\\Kernel->sendRequestThroughRouter(Object(Illuminate\\Http\\Request))
#73 /home/adminlsp/appdir/public/index.php(55): Illuminate\\Foundation\\Http\\Kernel->handle(Object(Illuminate\\Http\\Request))
#74 /home/adminlsp/appdir/server.php(21): require_once('/home/adminlsp/...')
#75 {main}
"} 
[2021-06-17 03:56:54] local.ERROR: Failed to authenticate on SMTP server with username "lsp@polije.ac.id" using 3 possible authenticators. Authenticator LOGIN returned Expected response code 235 but got code "535", with message "535-5.7.8 Username and Password not accepted. Learn more at
535 5.7.8  https://support.google.com/mail/?p=BadCredentials z17sm3555535pfq.218 - gsmtp
". Authenticator PLAIN returned Expected response code 235 but got code "535", with message "535-5.7.8 Username and Password not accepted. Learn more at
535 5.7.8  https://support.google.com/mail/?p=BadCredentials z17sm3555535pfq.218 - gsmtp
". Authenticator XOAUTH2 returned Expected response code 250 but got code "535", with message "535-5.7.8 Username and Password not accepted. Learn more at
535 5.7.8  https://support.google.com/mail/?p=BadCredentials z17sm3555535pfq.218 - gsmtp
". {"exception":"[object] (Swift_TransportException(code: 0): Failed to authenticate on SMTP server with username \"lsp@polije.ac.id\" using 3 possible authenticators. Authenticator LOGIN returned Expected response code 235 but got code \"535\", with message \"535-5.7.8 Username and Password not accepted. Learn more at
535 5.7.8  https://support.google.com/mail/?p=BadCredentials z17sm3555535pfq.218 - gsmtp
\". Authenticator PLAIN returned Expected response code 235 but got code \"535\", with message \"535-5.7.8 Username and Password not accepted. Learn more at
535 5.7.8  https://support.google.com/mail/?p=BadCredentials z17sm3555535pfq.218 - gsmtp
\". Authenticator XOAUTH2 returned Expected response code 250 but got code \"535\", with message \"535-5.7.8 Username and Password not accepted. Learn more at
535 5.7.8  https://support.google.com/mail/?p=BadCredentials z17sm3555535pfq.218 - gsmtp
\". at /home/adminlsp/appdir/vendor/swiftmailer/swiftmailer/lib/classes/Swift/Transport/Esmtp/AuthHandler.php:191)
[stacktrace]
#0 /home/adminlsp/appdir/vendor/swiftmailer/swiftmailer/lib/classes/Swift/Transport/EsmtpTransport.php(371): Swift_Transport_Esmtp_AuthHandler->afterEhlo(Object(Swift_SmtpTransport))
#1 /home/adminlsp/appdir/vendor/swiftmailer/swiftmailer/lib/classes/Swift/Transport/AbstractSmtpTransport.php(148): Swift_Transport_EsmtpTransport->doHeloCommand()
#2 /home/adminlsp/appdir/vendor/swiftmailer/swiftmailer/lib/classes/Swift/Mailer.php(65): Swift_Transport_AbstractSmtpTransport->start()
#3 /home/adminlsp/appdir/vendor/laravel/framework/src/Illuminate/Mail/Mailer.php(484): Swift_Mailer->send(Object(Swift_Message), Array)
#4 /home/adminlsp/appdir/vendor/laravel/framework/src/Illuminate/Mail/Mailer.php(259): Illuminate\\Mail\\Mailer->sendSwiftMessage(Object(Swift_Message))
#5 /home/adminlsp/appdir/vendor/laravel/framework/src/Illuminate/Mail/Mailable.php(159): Illuminate\\Mail\\Mailer->send('auth.mail', Array, Object(Closure))
#6 /home/adminlsp/appdir/vendor/laravel/framework/src/Illuminate/Support/Traits/Localizable.php(19): Illuminate\\Mail\\Mailable->Illuminate\\Mail\\{closure}()
#7 /home/adminlsp/appdir/vendor/laravel/framework/src/Illuminate/Mail/Mailable.php(160): Illuminate\\Mail\\Mailable->withLocale(NULL, Object(Closure))
#8 /home/adminlsp/appdir/vendor/laravel/framework/src/Illuminate/Mail/Mailer.php(275): Illuminate\\Mail\\Mailable->send(Object(Illuminate\\Mail\\Mailer))
#9 /home/adminlsp/appdir/vendor/laravel/framework/src/Illuminate/Mail/Mailer.php(229): Illuminate\\Mail\\Mailer->sendMailable(Object(App\\Mail\\RegisterMail))
#10 /home/adminlsp/appdir/vendor/laravel/framework/src/Illuminate/Mail/PendingMail.php(127): Illuminate\\Mail\\Mailer->send(Object(App\\Mail\\RegisterMail))
#11 /home/adminlsp/appdir/app/Listeners/RegisteredListener.php(30): Illuminate\\Mail\\PendingMail->send(Object(App\\Mail\\RegisterMail))
#12 [internal function]: App\\Listeners\\RegisteredListener->handle(Object(Illuminate\\Auth\\Events\\Registered))
#13 /home/adminlsp/appdir/vendor/laravel/framework/src/Illuminate/Events/Dispatcher.php(366): call_user_func_array(Array, Array)
#14 /home/adminlsp/appdir/vendor/laravel/framework/src/Illuminate/Events/Dispatcher.php(196): Illuminate\\Events\\Dispatcher->Illuminate\\Events\\{closure}('Illuminate\\\\Auth...', Array)
#15 /home/adminlsp/appdir/vendor/laravel/framework/src/Illuminate/Foundation/helpers.php(482): Illuminate\\Events\\Dispatcher->dispatch('Illuminate\\\\Auth...')
#16 /home/adminlsp/appdir/vendor/laravel/framework/src/Illuminate/Foundation/Auth/RegistersUsers.php(34): event(Object(Illuminate\\Auth\\Events\\Registered))
#17 [internal function]: App\\Http\\Controllers\\Auth\\RegisterController->register(Object(Illuminate\\Http\\Request))
#18 /home/adminlsp/appdir/vendor/laravel/framework/src/Illuminate/Routing/Controller.php(54): call_user_func_array(Array, Array)
#19 /home/adminlsp/appdir/vendor/laravel/framework/src/Illuminate/Routing/ControllerDispatcher.php(45): Illuminate\\Routing\\Controller->callAction('register', Array)
#20 /home/adminlsp/appdir/vendor/laravel/framework/src/Illuminate/Routing/Route.php(219): Illuminate\\Routing\\ControllerDispatcher->dispatch(Object(Illuminate\\Routing\\Route), Object(App\\Http\\Controllers\\Auth\\RegisterController), 'register')
#21 /home/adminlsp/appdir/vendor/laravel/framework/src/Illuminate/Routing/Route.php(176): Illuminate\\Routing\\Route->runController()
#22 /home/adminlsp/appdir/vendor/laravel/framework/src/Illuminate/Routing/Router.php(680): Illuminate\\Routing\\Route->run()
#23 /home/adminlsp/appdir/vendor/laravel/framework/src/Illuminate/Routing/Pipeline.php(30): Illuminate\\Routing\\Router->Illuminate\\Routing\\{closure}(Object(Illuminate\\Http\\Request))
#24 /home/adminlsp/appdir/app/Http/Middleware/RedirectIfAuthenticated.php(24): Illuminate\\Routing\\Pipeline->Illuminate\\Routing\\{closure}(Object(Illuminate\\Http\\Request))
#25 /home/adminlsp/appdir/vendor/laravel/framework/src/Illuminate/Pipeline/Pipeline.php(163): App\\Http\\Middleware\\RedirectIfAuthenticated->handle(Object(Illuminate\\Http\\Request), Object(Closure))
#26 /home/adminlsp/appdir/vendor/laravel/framework/src/Illuminate/Routing/Pipeline.php(53): Illuminate\\Pipeline\\Pipeline->Illuminate\\Pipeline\\{closure}(Object(Illuminate\\Http\\Request))
#27 /home/adminlsp/appdir/vendor/laravel/framework/src/Illuminate/Routing/Middleware/SubstituteBindings.php(41): Illuminate\\Routing\\Pipeline->Illuminate\\Routing\\{closure}(Object(Illuminate\\Http\\Request))
#28 /home/adminlsp/appdir/vendor/laravel/framework/src/Illuminate/Pipeline/Pipeline.php(163): Illuminate\\Routing\\Middleware\\SubstituteBindings->handle(Object(Illuminate\\Http\\Request), Object(Closure))
#29 /home/adminlsp/appdir/vendor/laravel/framework/src/Illuminate/Routing/Pipeline.php(53): Illuminate\\Pipeline\\Pipeline->Illuminate\\Pipeline\\{closure}(Object(Illuminate\\Http\\Request))
#30 /home/adminlsp/appdir/vendor/laravel/framework/src/Illuminate/Foundation/Http/Middleware/VerifyCsrfToken.php(75): Illuminate\\Routing\\Pipeline->Illuminate\\Routing\\{closure}(Object(Illuminate\\Http\\Request))
#31 /home/adminlsp/appdir/vendor/laravel/framework/src/Illuminate/Pipeline/Pipeline.php(163): Illuminate\\Foundation\\Http\\Middleware\\VerifyCsrfToken->handle(Object(Illuminate\\Http\\Request), Object(Closure))
#32 /home/adminlsp/appdir/vendor/laravel/framework/src/Illuminate/Routing/Pipeline.php(53): Illuminate\\Pipeline\\Pipeline->Illuminate\\Pipeline\\{closure}(Object(Illuminate\\Http\\Request))
#33 /home/adminlsp/appdir/vendor/laravel/framework/src/Illuminate/Session/Middleware/AuthenticateSession.php(39): Illuminate\\Routing\\Pipeline->Illuminate\\Routing\\{closure}(Object(Illuminate\\Http\\Request))
#34 /home/adminlsp/appdir/vendor/laravel/framework/src/Illuminate/Pipeline/Pipeline.php(163): Illuminate\\Session\\Middleware\\AuthenticateSession->handle(Object(Illuminate\\Http\\Request), Object(Closure))
#35 /home/adminlsp/appdir/vendor/laravel/framework/src/Illuminate/Routing/Pipeline.php(53): Illuminate\\Pipeline\\Pipeline->Illuminate\\Pipeline\\{closure}(Object(Illuminate\\Http\\Request))
#36 /home/adminlsp/appdir/vendor/laravel/framework/src/Illuminate/View/Middleware/ShareErrorsFromSession.php(49): Illuminate\\Routing\\Pipeline->Illuminate\\Routing\\{closure}(Object(Illuminate\\Http\\Request))
#37 /home/adminlsp/appdir/vendor/laravel/framework/src/Illuminate/Pipeline/Pipeline.php(163): Illuminate\\View\\Middleware\\ShareErrorsFromSession->handle(Object(Illuminate\\Http\\Request), Object(Closure))
#38 /home/adminlsp/appdir/vendor/laravel/framework/src/Illuminate/Routing/Pipeline.php(53): Illuminate\\Pipeline\\Pipeline->Illuminate\\Pipeline\\{closure}(Object(Illuminate\\Http\\Request))
#39 /home/adminlsp/appdir/vendor/laravel/framework/src/Illuminate/Session/Middleware/StartSession.php(56): Illuminate\\Routing\\Pipeline->Illuminate\\Routing\\{closure}(Object(Illuminate\\Http\\Request))
#40 /home/adminlsp/appdir/vendor/laravel/framework/src/Illuminate/Pipeline/Pipeline.php(163): Illuminate\\Session\\Middleware\\StartSession->handle(Object(Illuminate\\Http\\Request), Object(Closure))
#41 /home/adminlsp/appdir/vendor/laravel/framework/src/Illuminate/Routing/Pipeline.php(53): Illuminate\\Pipeline\\Pipeline->Illuminate\\Pipeline\\{closure}(Object(Illuminate\\Http\\Request))
#42 /home/adminlsp/appdir/vendor/laravel/framework/src/Illuminate/Cookie/Middleware/AddQueuedCookiesToResponse.php(37): Illuminate\\Routing\\Pipeline->Illuminate\\Routing\\{closure}(Object(Illuminate\\Http\\Request))
#43 /home/adminlsp/appdir/vendor/laravel/framework/src/Illuminate/Pipeline/Pipeline.php(163): Illuminate\\Cookie\\Middleware\\AddQueuedCookiesToResponse->handle(Object(Illuminate\\Http\\Request), Object(Closure))
#44 /home/adminlsp/appdir/vendor/laravel/framework/src/Illuminate/Routing/Pipeline.php(53): Illuminate\\Pipeline\\Pipeline->Illuminate\\Pipeline\\{closure}(Object(Illuminate\\Http\\Request))
#45 /home/adminlsp/appdir/vendor/laravel/framework/src/Illuminate/Cookie/Middleware/EncryptCookies.php(66): Illuminate\\Routing\\Pipeline->Illuminate\\Routing\\{closure}(Object(Illuminate\\Http\\Request))
#46 /home/adminlsp/appdir/vendor/laravel/framework/src/Illuminate/Pipeline/Pipeline.php(163): Illuminate\\Cookie\\Middleware\\EncryptCookies->handle(Object(Illuminate\\Http\\Request), Object(Closure))
#47 /home/adminlsp/appdir/vendor/laravel/framework/src/Illuminate/Routing/Pipeline.php(53): Illuminate\\Pipeline\\Pipeline->Illuminate\\Pipeline\\{closure}(Object(Illuminate\\Http\\Request))
#48 /home/adminlsp/appdir/vendor/laravel/framework/src/Illuminate/Pipeline/Pipeline.php(104): Illuminate\\Routing\\Pipeline->Illuminate\\Routing\\{closure}(Object(Illuminate\\Http\\Request))
#49 /home/adminlsp/appdir/vendor/laravel/framework/src/Illuminate/Routing/Router.php(682): Illuminate\\Pipeline\\Pipeline->then(Object(Closure))
#50 /home/adminlsp/appdir/vendor/laravel/framework/src/Illuminate/Routing/Router.php(657): Illuminate\\Routing\\Router->runRouteWithinStack(Object(Illuminate\\Routing\\Route), Object(Illuminate\\Http\\Request))
#51 /home/adminlsp/appdir/vendor/laravel/framework/src/Illuminate/Routing/Router.php(623): Illuminate\\Routing\\Router->runRoute(Object(Illuminate\\Http\\Request), Object(Illuminate\\Routing\\Route))
#52 /home/adminlsp/appdir/vendor/laravel/framework/src/Illuminate/Routing/Router.php(612): Illuminate\\Routing\\Router->dispatchToRoute(Object(Illuminate\\Http\\Request))
#53 /home/adminlsp/appdir/vendor/laravel/framework/src/Illuminate/Foundation/Http/Kernel.php(176): Illuminate\\Routing\\Router->dispatch(Object(Illuminate\\Http\\Request))
#54 /home/adminlsp/appdir/vendor/laravel/framework/src/Illuminate/Routing/Pipeline.php(30): Illuminate\\Foundation\\Http\\Kernel->Illuminate\\Foundation\\Http\\{closure}(Object(Illuminate\\Http\\Request))
#55 /home/adminlsp/appdir/vendor/fideloper/proxy/src/TrustProxies.php(57): Illuminate\\Routing\\Pipeline->Illuminate\\Routing\\{closure}(Object(Illuminate\\Http\\Request))
#56 /home/adminlsp/appdir/vendor/laravel/framework/src/Illuminate/Pipeline/Pipeline.php(163): Fideloper\\Proxy\\TrustProxies->handle(Object(Illuminate\\Http\\Request), Object(Closure))
#57 /home/adminlsp/appdir/vendor/laravel/framework/src/Illuminate/Routing/Pipeline.php(53): Illuminate\\Pipeline\\Pipeline->Illuminate\\Pipeline\\{closure}(Object(Illuminate\\Http\\Request))
#58 /home/adminlsp/appdir/vendor/laravel/framework/src/Illuminate/Foundation/Http/Middleware/TransformsRequest.php(21): Illuminate\\Routing\\Pipeline->Illuminate\\Routing\\{closure}(Object(Illuminate\\Http\\Request))
#59 /home/adminlsp/appdir/vendor/laravel/framework/src/Illuminate/Pipeline/Pipeline.php(163): Illuminate\\Foundation\\Http\\Middleware\\TransformsRequest->handle(Object(Illuminate\\Http\\Request), Object(Closure))
#60 /home/adminlsp/appdir/vendor/laravel/framework/src/Illuminate/Routing/Pipeline.php(53): Illuminate\\Pipeline\\Pipeline->Illuminate\\Pipeline\\{closure}(Object(Illuminate\\Http\\Request))
#61 /home/adminlsp/appdir/vendor/laravel/framework/src/Illuminate/Foundation/Http/Middleware/TransformsRequest.php(21): Illuminate\\Routing\\Pipeline->Illuminate\\Routing\\{closure}(Object(Illuminate\\Http\\Request))
#62 /home/adminlsp/appdir/vendor/laravel/framework/src/Illuminate/Pipeline/Pipeline.php(163): Illuminate\\Foundation\\Http\\Middleware\\TransformsRequest->handle(Object(Illuminate\\Http\\Request), Object(Closure))
#63 /home/adminlsp/appdir/vendor/laravel/framework/src/Illuminate/Routing/Pipeline.php(53): Illuminate\\Pipeline\\Pipeline->Illuminate\\Pipeline\\{closure}(Object(Illuminate\\Http\\Request))
#64 /home/adminlsp/appdir/vendor/laravel/framework/src/Illuminate/Foundation/Http/Middleware/ValidatePostSize.php(27): Illuminate\\Routing\\Pipeline->Illuminate\\Routing\\{closure}(Object(Illuminate\\Http\\Request))
#65 /home/adminlsp/appdir/vendor/laravel/framework/src/Illuminate/Pipeline/Pipeline.php(163): Illuminate\\Foundation\\Http\\Middleware\\ValidatePostSize->handle(Object(Illuminate\\Http\\Request), Object(Closure))
#66 /home/adminlsp/appdir/vendor/laravel/framework/src/Illuminate/Routing/Pipeline.php(53): Illuminate\\Pipeline\\Pipeline->Illuminate\\Pipeline\\{closure}(Object(Illuminate\\Http\\Request))
#67 /home/adminlsp/appdir/vendor/laravel/framework/src/Illuminate/Foundation/Http/Middleware/CheckForMaintenanceMode.php(62): Illuminate\\Routing\\Pipeline->Illuminate\\Routing\\{closure}(Object(Illuminate\\Http\\Request))
#68 /home/adminlsp/appdir/vendor/laravel/framework/src/Illuminate/Pipeline/Pipeline.php(163): Illuminate\\Foundation\\Http\\Middleware\\CheckForMaintenanceMode->handle(Object(Illuminate\\Http\\Request), Object(Closure))
#69 /home/adminlsp/appdir/vendor/laravel/framework/src/Illuminate/Routing/Pipeline.php(53): Illuminate\\Pipeline\\Pipeline->Illuminate\\Pipeline\\{closure}(Object(Illuminate\\Http\\Request))
#70 /home/adminlsp/appdir/vendor/laravel/framework/src/Illuminate/Pipeline/Pipeline.php(104): Illuminate\\Routing\\Pipeline->Illuminate\\Routing\\{closure}(Object(Illuminate\\Http\\Request))
#71 /home/adminlsp/appdir/vendor/laravel/framework/src/Illuminate/Foundation/Http/Kernel.php(151): Illuminate\\Pipeline\\Pipeline->then(Object(Closure))
#72 /home/adminlsp/appdir/vendor/laravel/framework/src/Illuminate/Foundation/Http/Kernel.php(116): Illuminate\\Foundation\\Http\\Kernel->sendRequestThroughRouter(Object(Illuminate\\Http\\Request))
#73 /home/adminlsp/appdir/public/index.php(55): Illuminate\\Foundation\\Http\\Kernel->handle(Object(Illuminate\\Http\\Request))
#74 /home/adminlsp/appdir/server.php(21): require_once('/home/adminlsp/...')
#75 {main}
"} 
[2021-06-17 03:57:00] local.ERROR: Failed to authenticate on SMTP server with username "lsp@polije.ac.id" using 3 possible authenticators. Authenticator LOGIN returned Expected response code 235 but got code "535", with message "535-5.7.8 Username and Password not accepted. Learn more at
535 5.7.8  https://support.google.com/mail/?p=BadCredentials y5sm3527437pfo.25 - gsmtp
". Authenticator PLAIN returned Expected response code 235 but got code "535", with message "535-5.7.8 Username and Password not accepted. Learn more at
535 5.7.8  https://support.google.com/mail/?p=BadCredentials y5sm3527437pfo.25 - gsmtp
". Authenticator XOAUTH2 returned Expected response code 250 but got code "535", with message "535-5.7.8 Username and Password not accepted. Learn more at
535 5.7.8  https://support.google.com/mail/?p=BadCredentials y5sm3527437pfo.25 - gsmtp
". {"exception":"[object] (Swift_TransportException(code: 0): Failed to authenticate on SMTP server with username \"lsp@polije.ac.id\" using 3 possible authenticators. Authenticator LOGIN returned Expected response code 235 but got code \"535\", with message \"535-5.7.8 Username and Password not accepted. Learn more at
535 5.7.8  https://support.google.com/mail/?p=BadCredentials y5sm3527437pfo.25 - gsmtp
\". Authenticator PLAIN returned Expected response code 235 but got code \"535\", with message \"535-5.7.8 Username and Password not accepted. Learn more at
535 5.7.8  https://support.google.com/mail/?p=BadCredentials y5sm3527437pfo.25 - gsmtp
\". Authenticator XOAUTH2 returned Expected response code 250 but got code \"535\", with message \"535-5.7.8 Username and Password not accepted. Learn more at
535 5.7.8  https://support.google.com/mail/?p=BadCredentials y5sm3527437pfo.25 - gsmtp
\". at /home/adminlsp/appdir/vendor/swiftmailer/swiftmailer/lib/classes/Swift/Transport/Esmtp/AuthHandler.php:191)
[stacktrace]
#0 /home/adminlsp/appdir/vendor/swiftmailer/swiftmailer/lib/classes/Swift/Transport/EsmtpTransport.php(371): Swift_Transport_Esmtp_AuthHandler->afterEhlo(Object(Swift_SmtpTransport))
#1 /home/adminlsp/appdir/vendor/swiftmailer/swiftmailer/lib/classes/Swift/Transport/AbstractSmtpTransport.php(148): Swift_Transport_EsmtpTransport->doHeloCommand()
#2 /home/adminlsp/appdir/vendor/swiftmailer/swiftmailer/lib/classes/Swift/Mailer.php(65): Swift_Transport_AbstractSmtpTransport->start()
#3 /home/adminlsp/appdir/vendor/laravel/framework/src/Illuminate/Mail/Mailer.php(484): Swift_Mailer->send(Object(Swift_Message), Array)
#4 /home/adminlsp/appdir/vendor/laravel/framework/src/Illuminate/Mail/Mailer.php(259): Illuminate\\Mail\\Mailer->sendSwiftMessage(Object(Swift_Message))
#5 /home/adminlsp/appdir/vendor/laravel/framework/src/Illuminate/Mail/Mailable.php(159): Illuminate\\Mail\\Mailer->send('auth.mail', Array, Object(Closure))
#6 /home/adminlsp/appdir/vendor/laravel/framework/src/Illuminate/Support/Traits/Localizable.php(19): Illuminate\\Mail\\Mailable->Illuminate\\Mail\\{closure}()
#7 /home/adminlsp/appdir/vendor/laravel/framework/src/Illuminate/Mail/Mailable.php(160): Illuminate\\Mail\\Mailable->withLocale(NULL, Object(Closure))
#8 /home/adminlsp/appdir/vendor/laravel/framework/src/Illuminate/Mail/Mailer.php(275): Illuminate\\Mail\\Mailable->send(Object(Illuminate\\Mail\\Mailer))
#9 /home/adminlsp/appdir/vendor/laravel/framework/src/Illuminate/Mail/Mailer.php(229): Illuminate\\Mail\\Mailer->sendMailable(Object(App\\Mail\\RegisterMail))
#10 /home/adminlsp/appdir/vendor/laravel/framework/src/Illuminate/Mail/PendingMail.php(127): Illuminate\\Mail\\Mailer->send(Object(App\\Mail\\RegisterMail))
#11 /home/adminlsp/appdir/app/Listeners/RegisteredListener.php(30): Illuminate\\Mail\\PendingMail->send(Object(App\\Mail\\RegisterMail))
#12 [internal function]: App\\Listeners\\RegisteredListener->handle(Object(Illuminate\\Auth\\Events\\Registered))
#13 /home/adminlsp/appdir/vendor/laravel/framework/src/Illuminate/Events/Dispatcher.php(366): call_user_func_array(Array, Array)
#14 /home/adminlsp/appdir/vendor/laravel/framework/src/Illuminate/Events/Dispatcher.php(196): Illuminate\\Events\\Dispatcher->Illuminate\\Events\\{closure}('Illuminate\\\\Auth...', Array)
#15 /home/adminlsp/appdir/vendor/laravel/framework/src/Illuminate/Foundation/helpers.php(482): Illuminate\\Events\\Dispatcher->dispatch('Illuminate\\\\Auth...')
#16 /home/adminlsp/appdir/vendor/laravel/framework/src/Illuminate/Foundation/Auth/RegistersUsers.php(34): event(Object(Illuminate\\Auth\\Events\\Registered))
#17 [internal function]: App\\Http\\Controllers\\Auth\\RegisterController->register(Object(Illuminate\\Http\\Request))
#18 /home/adminlsp/appdir/vendor/laravel/framework/src/Illuminate/Routing/Controller.php(54): call_user_func_array(Array, Array)
#19 /home/adminlsp/appdir/vendor/laravel/framework/src/Illuminate/Routing/ControllerDispatcher.php(45): Illuminate\\Routing\\Controller->callAction('register', Array)
#20 /home/adminlsp/appdir/vendor/laravel/framework/src/Illuminate/Routing/Route.php(219): Illuminate\\Routing\\ControllerDispatcher->dispatch(Object(Illuminate\\Routing\\Route), Object(App\\Http\\Controllers\\Auth\\RegisterController), 'register')
#21 /home/adminlsp/appdir/vendor/laravel/framework/src/Illuminate/Routing/Route.php(176): Illuminate\\Routing\\Route->runController()
#22 /home/adminlsp/appdir/vendor/laravel/framework/src/Illuminate/Routing/Router.php(680): Illuminate\\Routing\\Route->run()
#23 /home/adminlsp/appdir/vendor/laravel/framework/src/Illuminate/Routing/Pipeline.php(30): Illuminate\\Routing\\Router->Illuminate\\Routing\\{closure}(Object(Illuminate\\Http\\Request))
#24 /home/adminlsp/appdir/app/Http/Middleware/RedirectIfAuthenticated.php(24): Illuminate\\Routing\\Pipeline->Illuminate\\Routing\\{closure}(Object(Illuminate\\Http\\Request))
#25 /home/adminlsp/appdir/vendor/laravel/framework/src/Illuminate/Pipeline/Pipeline.php(163): App\\Http\\Middleware\\RedirectIfAuthenticated->handle(Object(Illuminate\\Http\\Request), Object(Closure))
#26 /home/adminlsp/appdir/vendor/laravel/framework/src/Illuminate/Routing/Pipeline.php(53): Illuminate\\Pipeline\\Pipeline->Illuminate\\Pipeline\\{closure}(Object(Illuminate\\Http\\Request))
#27 /home/adminlsp/appdir/vendor/laravel/framework/src/Illuminate/Routing/Middleware/SubstituteBindings.php(41): Illuminate\\Routing\\Pipeline->Illuminate\\Routing\\{closure}(Object(Illuminate\\Http\\Request))
#28 /home/adminlsp/appdir/vendor/laravel/framework/src/Illuminate/Pipeline/Pipeline.php(163): Illuminate\\Routing\\Middleware\\SubstituteBindings->handle(Object(Illuminate\\Http\\Request), Object(Closure))
#29 /home/adminlsp/appdir/vendor/laravel/framework/src/Illuminate/Routing/Pipeline.php(53): Illuminate\\Pipeline\\Pipeline->Illuminate\\Pipeline\\{closure}(Object(Illuminate\\Http\\Request))
#30 /home/adminlsp/appdir/vendor/laravel/framework/src/Illuminate/Foundation/Http/Middleware/VerifyCsrfToken.php(75): Illuminate\\Routing\\Pipeline->Illuminate\\Routing\\{closure}(Object(Illuminate\\Http\\Request))
#31 /home/adminlsp/appdir/vendor/laravel/framework/src/Illuminate/Pipeline/Pipeline.php(163): Illuminate\\Foundation\\Http\\Middleware\\VerifyCsrfToken->handle(Object(Illuminate\\Http\\Request), Object(Closure))
#32 /home/adminlsp/appdir/vendor/laravel/framework/src/Illuminate/Routing/Pipeline.php(53): Illuminate\\Pipeline\\Pipeline->Illuminate\\Pipeline\\{closure}(Object(Illuminate\\Http\\Request))
#33 /home/adminlsp/appdir/vendor/laravel/framework/src/Illuminate/Session/Middleware/AuthenticateSession.php(39): Illuminate\\Routing\\Pipeline->Illuminate\\Routing\\{closure}(Object(Illuminate\\Http\\Request))
#34 /home/adminlsp/appdir/vendor/laravel/framework/src/Illuminate/Pipeline/Pipeline.php(163): Illuminate\\Session\\Middleware\\AuthenticateSession->handle(Object(Illuminate\\Http\\Request), Object(Closure))
#35 /home/adminlsp/appdir/vendor/laravel/framework/src/Illuminate/Routing/Pipeline.php(53): Illuminate\\Pipeline\\Pipeline->Illuminate\\Pipeline\\{closure}(Object(Illuminate\\Http\\Request))
#36 /home/adminlsp/appdir/vendor/laravel/framework/src/Illuminate/View/Middleware/ShareErrorsFromSession.php(49): Illuminate\\Routing\\Pipeline->Illuminate\\Routing\\{closure}(Object(Illuminate\\Http\\Request))
#37 /home/adminlsp/appdir/vendor/laravel/framework/src/Illuminate/Pipeline/Pipeline.php(163): Illuminate\\View\\Middleware\\ShareErrorsFromSession->handle(Object(Illuminate\\Http\\Request), Object(Closure))
#38 /home/adminlsp/appdir/vendor/laravel/framework/src/Illuminate/Routing/Pipeline.php(53): Illuminate\\Pipeline\\Pipeline->Illuminate\\Pipeline\\{closure}(Object(Illuminate\\Http\\Request))
#39 /home/adminlsp/appdir/vendor/laravel/framework/src/Illuminate/Session/Middleware/StartSession.php(56): Illuminate\\Routing\\Pipeline->Illuminate\\Routing\\{closure}(Object(Illuminate\\Http\\Request))
#40 /home/adminlsp/appdir/vendor/laravel/framework/src/Illuminate/Pipeline/Pipeline.php(163): Illuminate\\Session\\Middleware\\StartSession->handle(Object(Illuminate\\Http\\Request), Object(Closure))
#41 /home/adminlsp/appdir/vendor/laravel/framework/src/Illuminate/Routing/Pipeline.php(53): Illuminate\\Pipeline\\Pipeline->Illuminate\\Pipeline\\{closure}(Object(Illuminate\\Http\\Request))
#42 /home/adminlsp/appdir/vendor/laravel/framework/src/Illuminate/Cookie/Middleware/AddQueuedCookiesToResponse.php(37): Illuminate\\Routing\\Pipeline->Illuminate\\Routing\\{closure}(Object(Illuminate\\Http\\Request))
#43 /home/adminlsp/appdir/vendor/laravel/framework/src/Illuminate/Pipeline/Pipeline.php(163): Illuminate\\Cookie\\Middleware\\AddQueuedCookiesToResponse->handle(Object(Illuminate\\Http\\Request), Object(Closure))
#44 /home/adminlsp/appdir/vendor/laravel/framework/src/Illuminate/Routing/Pipeline.php(53): Illuminate\\Pipeline\\Pipeline->Illuminate\\Pipeline\\{closure}(Object(Illuminate\\Http\\Request))
#45 /home/adminlsp/appdir/vendor/laravel/framework/src/Illuminate/Cookie/Middleware/EncryptCookies.php(66): Illuminate\\Routing\\Pipeline->Illuminate\\Routing\\{closure}(Object(Illuminate\\Http\\Request))
#46 /home/adminlsp/appdir/vendor/laravel/framework/src/Illuminate/Pipeline/Pipeline.php(163): Illuminate\\Cookie\\Middleware\\EncryptCookies->handle(Object(Illuminate\\Http\\Request), Object(Closure))
#47 /home/adminlsp/appdir/vendor/laravel/framework/src/Illuminate/Routing/Pipeline.php(53): Illuminate\\Pipeline\\Pipeline->Illuminate\\Pipeline\\{closure}(Object(Illuminate\\Http\\Request))
#48 /home/adminlsp/appdir/vendor/laravel/framework/src/Illuminate/Pipeline/Pipeline.php(104): Illuminate\\Routing\\Pipeline->Illuminate\\Routing\\{closure}(Object(Illuminate\\Http\\Request))
#49 /home/adminlsp/appdir/vendor/laravel/framework/src/Illuminate/Routing/Router.php(682): Illuminate\\Pipeline\\Pipeline->then(Object(Closure))
#50 /home/adminlsp/appdir/vendor/laravel/framework/src/Illuminate/Routing/Router.php(657): Illuminate\\Routing\\Router->runRouteWithinStack(Object(Illuminate\\Routing\\Route), Object(Illuminate\\Http\\Request))
#51 /home/adminlsp/appdir/vendor/laravel/framework/src/Illuminate/Routing/Router.php(623): Illuminate\\Routing\\Router->runRoute(Object(Illuminate\\Http\\Request), Object(Illuminate\\Routing\\Route))
#52 /home/adminlsp/appdir/vendor/laravel/framework/src/Illuminate/Routing/Router.php(612): Illuminate\\Routing\\Router->dispatchToRoute(Object(Illuminate\\Http\\Request))
#53 /home/adminlsp/appdir/vendor/laravel/framework/src/Illuminate/Foundation/Http/Kernel.php(176): Illuminate\\Routing\\Router->dispatch(Object(Illuminate\\Http\\Request))
#54 /home/adminlsp/appdir/vendor/laravel/framework/src/Illuminate/Routing/Pipeline.php(30): Illuminate\\Foundation\\Http\\Kernel->Illuminate\\Foundation\\Http\\{closure}(Object(Illuminate\\Http\\Request))
#55 /home/adminlsp/appdir/vendor/fideloper/proxy/src/TrustProxies.php(57): Illuminate\\Routing\\Pipeline->Illuminate\\Routing\\{closure}(Object(Illuminate\\Http\\Request))
#56 /home/adminlsp/appdir/vendor/laravel/framework/src/Illuminate/Pipeline/Pipeline.php(163): Fideloper\\Proxy\\TrustProxies->handle(Object(Illuminate\\Http\\Request), Object(Closure))
#57 /home/adminlsp/appdir/vendor/laravel/framework/src/Illuminate/Routing/Pipeline.php(53): Illuminate\\Pipeline\\Pipeline->Illuminate\\Pipeline\\{closure}(Object(Illuminate\\Http\\Request))
#58 /home/adminlsp/appdir/vendor/laravel/framework/src/Illuminate/Foundation/Http/Middleware/TransformsRequest.php(21): Illuminate\\Routing\\Pipeline->Illuminate\\Routing\\{closure}(Object(Illuminate\\Http\\Request))
#59 /home/adminlsp/appdir/vendor/laravel/framework/src/Illuminate/Pipeline/Pipeline.php(163): Illuminate\\Foundation\\Http\\Middleware\\TransformsRequest->handle(Object(Illuminate\\Http\\Request), Object(Closure))
#60 /home/adminlsp/appdir/vendor/laravel/framework/src/Illuminate/Routing/Pipeline.php(53): Illuminate\\Pipeline\\Pipeline->Illuminate\\Pipeline\\{closure}(Object(Illuminate\\Http\\Request))
#61 /home/adminlsp/appdir/vendor/laravel/framework/src/Illuminate/Foundation/Http/Middleware/TransformsRequest.php(21): Illuminate\\Routing\\Pipeline->Illuminate\\Routing\\{closure}(Object(Illuminate\\Http\\Request))
#62 /home/adminlsp/appdir/vendor/laravel/framework/src/Illuminate/Pipeline/Pipeline.php(163): Illuminate\\Foundation\\Http\\Middleware\\TransformsRequest->handle(Object(Illuminate\\Http\\Request), Object(Closure))
#63 /home/adminlsp/appdir/vendor/laravel/framework/src/Illuminate/Routing/Pipeline.php(53): Illuminate\\Pipeline\\Pipeline->Illuminate\\Pipeline\\{closure}(Object(Illuminate\\Http\\Request))
#64 /home/adminlsp/appdir/vendor/laravel/framework/src/Illuminate/Foundation/Http/Middleware/ValidatePostSize.php(27): Illuminate\\Routing\\Pipeline->Illuminate\\Routing\\{closure}(Object(Illuminate\\Http\\Request))
#65 /home/adminlsp/appdir/vendor/laravel/framework/src/Illuminate/Pipeline/Pipeline.php(163): Illuminate\\Foundation\\Http\\Middleware\\ValidatePostSize->handle(Object(Illuminate\\Http\\Request), Object(Closure))
#66 /home/adminlsp/appdir/vendor/laravel/framework/src/Illuminate/Routing/Pipeline.php(53): Illuminate\\Pipeline\\Pipeline->Illuminate\\Pipeline\\{closure}(Object(Illuminate\\Http\\Request))
#67 /home/adminlsp/appdir/vendor/laravel/framework/src/Illuminate/Foundation/Http/Middleware/CheckForMaintenanceMode.php(62): Illuminate\\Routing\\Pipeline->Illuminate\\Routing\\{closure}(Object(Illuminate\\Http\\Request))
#68 /home/adminlsp/appdir/vendor/laravel/framework/src/Illuminate/Pipeline/Pipeline.php(163): Illuminate\\Foundation\\Http\\Middleware\\CheckForMaintenanceMode->handle(Object(Illuminate\\Http\\Request), Object(Closure))
#69 /home/adminlsp/appdir/vendor/laravel/framework/src/Illuminate/Routing/Pipeline.php(53): Illuminate\\Pipeline\\Pipeline->Illuminate\\Pipeline\\{closure}(Object(Illuminate\\Http\\Request))
#70 /home/adminlsp/appdir/vendor/laravel/framework/src/Illuminate/Pipeline/Pipeline.php(104): Illuminate\\Routing\\Pipeline->Illuminate\\Routing\\{closure}(Object(Illuminate\\Http\\Request))
#71 /home/adminlsp/appdir/vendor/laravel/framework/src/Illuminate/Foundation/Http/Kernel.php(151): Illuminate\\Pipeline\\Pipeline->then(Object(Closure))
#72 /home/adminlsp/appdir/vendor/laravel/framework/src/Illuminate/Foundation/Http/Kernel.php(116): Illuminate\\Foundation\\Http\\Kernel->sendRequestThroughRouter(Object(Illuminate\\Http\\Request))
#73 /home/adminlsp/appdir/public/index.php(55): Illuminate\\Foundation\\Http\\Kernel->handle(Object(Illuminate\\Http\\Request))
#74 /home/adminlsp/appdir/server.php(21): require_once('/home/adminlsp/...')
#75 {main}
"} 
[2021-06-17 03:59:02] local.ERROR: Failed to authenticate on SMTP server with username "lsp@polije.ac.id" using 3 possible authenticators. Authenticator LOGIN returned Expected response code 235 but got code "535", with message "535-5.7.8 Username and Password not accepted. Learn more at
535 5.7.8  https://support.google.com/mail/?p=BadCredentials d6sm3739817pgq.88 - gsmtp
". Authenticator PLAIN returned Expected response code 235 but got code "535", with message "535-5.7.8 Username and Password not accepted. Learn more at
535 5.7.8  https://support.google.com/mail/?p=BadCredentials d6sm3739817pgq.88 - gsmtp
". Authenticator XOAUTH2 returned Expected response code 250 but got code "535", with message "535-5.7.8 Username and Password not accepted. Learn more at
535 5.7.8  https://support.google.com/mail/?p=BadCredentials d6sm3739817pgq.88 - gsmtp
". {"exception":"[object] (Swift_TransportException(code: 0): Failed to authenticate on SMTP server with username \"lsp@polije.ac.id\" using 3 possible authenticators. Authenticator LOGIN returned Expected response code 235 but got code \"535\", with message \"535-5.7.8 Username and Password not accepted. Learn more at
535 5.7.8  https://support.google.com/mail/?p=BadCredentials d6sm3739817pgq.88 - gsmtp
\". Authenticator PLAIN returned Expected response code 235 but got code \"535\", with message \"535-5.7.8 Username and Password not accepted. Learn more at
535 5.7.8  https://support.google.com/mail/?p=BadCredentials d6sm3739817pgq.88 - gsmtp
\". Authenticator XOAUTH2 returned Expected response code 250 but got code \"535\", with message \"535-5.7.8 Username and Password not accepted. Learn more at
535 5.7.8  https://support.google.com/mail/?p=BadCredentials d6sm3739817pgq.88 - gsmtp
\". at /home/adminlsp/appdir/vendor/swiftmailer/swiftmailer/lib/classes/Swift/Transport/Esmtp/AuthHandler.php:191)
[stacktrace]
#0 /home/adminlsp/appdir/vendor/swiftmailer/swiftmailer/lib/classes/Swift/Transport/EsmtpTransport.php(371): Swift_Transport_Esmtp_AuthHandler->afterEhlo(Object(Swift_SmtpTransport))
#1 /home/adminlsp/appdir/vendor/swiftmailer/swiftmailer/lib/classes/Swift/Transport/AbstractSmtpTransport.php(148): Swift_Transport_EsmtpTransport->doHeloCommand()
#2 /home/adminlsp/appdir/vendor/swiftmailer/swiftmailer/lib/classes/Swift/Mailer.php(65): Swift_Transport_AbstractSmtpTransport->start()
#3 /home/adminlsp/appdir/vendor/laravel/framework/src/Illuminate/Mail/Mailer.php(484): Swift_Mailer->send(Object(Swift_Message), Array)
#4 /home/adminlsp/appdir/vendor/laravel/framework/src/Illuminate/Mail/Mailer.php(259): Illuminate\\Mail\\Mailer->sendSwiftMessage(Object(Swift_Message))
#5 /home/adminlsp/appdir/vendor/laravel/framework/src/Illuminate/Mail/Mailable.php(159): Illuminate\\Mail\\Mailer->send('auth.mail', Array, Object(Closure))
#6 /home/adminlsp/appdir/vendor/laravel/framework/src/Illuminate/Support/Traits/Localizable.php(19): Illuminate\\Mail\\Mailable->Illuminate\\Mail\\{closure}()
#7 /home/adminlsp/appdir/vendor/laravel/framework/src/Illuminate/Mail/Mailable.php(160): Illuminate\\Mail\\Mailable->withLocale(NULL, Object(Closure))
#8 /home/adminlsp/appdir/vendor/laravel/framework/src/Illuminate/Mail/Mailer.php(275): Illuminate\\Mail\\Mailable->send(Object(Illuminate\\Mail\\Mailer))
#9 /home/adminlsp/appdir/vendor/laravel/framework/src/Illuminate/Mail/Mailer.php(229): Illuminate\\Mail\\Mailer->sendMailable(Object(App\\Mail\\RegisterMail))
#10 /home/adminlsp/appdir/vendor/laravel/framework/src/Illuminate/Mail/PendingMail.php(127): Illuminate\\Mail\\Mailer->send(Object(App\\Mail\\RegisterMail))
#11 /home/adminlsp/appdir/app/Listeners/RegisteredListener.php(30): Illuminate\\Mail\\PendingMail->send(Object(App\\Mail\\RegisterMail))
#12 [internal function]: App\\Listeners\\RegisteredListener->handle(Object(Illuminate\\Auth\\Events\\Registered))
#13 /home/adminlsp/appdir/vendor/laravel/framework/src/Illuminate/Events/Dispatcher.php(366): call_user_func_array(Array, Array)
#14 /home/adminlsp/appdir/vendor/laravel/framework/src/Illuminate/Events/Dispatcher.php(196): Illuminate\\Events\\Dispatcher->Illuminate\\Events\\{closure}('Illuminate\\\\Auth...', Array)
#15 /home/adminlsp/appdir/vendor/laravel/framework/src/Illuminate/Foundation/helpers.php(482): Illuminate\\Events\\Dispatcher->dispatch('Illuminate\\\\Auth...')
#16 /home/adminlsp/appdir/vendor/laravel/framework/src/Illuminate/Foundation/Auth/RegistersUsers.php(34): event(Object(Illuminate\\Auth\\Events\\Registered))
#17 [internal function]: App\\Http\\Controllers\\Auth\\RegisterController->register(Object(Illuminate\\Http\\Request))
#18 /home/adminlsp/appdir/vendor/laravel/framework/src/Illuminate/Routing/Controller.php(54): call_user_func_array(Array, Array)
#19 /home/adminlsp/appdir/vendor/laravel/framework/src/Illuminate/Routing/ControllerDispatcher.php(45): Illuminate\\Routing\\Controller->callAction('register', Array)
#20 /home/adminlsp/appdir/vendor/laravel/framework/src/Illuminate/Routing/Route.php(219): Illuminate\\Routing\\ControllerDispatcher->dispatch(Object(Illuminate\\Routing\\Route), Object(App\\Http\\Controllers\\Auth\\RegisterController), 'register')
#21 /home/adminlsp/appdir/vendor/laravel/framework/src/Illuminate/Routing/Route.php(176): Illuminate\\Routing\\Route->runController()
#22 /home/adminlsp/appdir/vendor/laravel/framework/src/Illuminate/Routing/Router.php(680): Illuminate\\Routing\\Route->run()
#23 /home/adminlsp/appdir/vendor/laravel/framework/src/Illuminate/Routing/Pipeline.php(30): Illuminate\\Routing\\Router->Illuminate\\Routing\\{closure}(Object(Illuminate\\Http\\Request))
#24 /home/adminlsp/appdir/app/Http/Middleware/RedirectIfAuthenticated.php(24): Illuminate\\Routing\\Pipeline->Illuminate\\Routing\\{closure}(Object(Illuminate\\Http\\Request))
#25 /home/adminlsp/appdir/vendor/laravel/framework/src/Illuminate/Pipeline/Pipeline.php(163): App\\Http\\Middleware\\RedirectIfAuthenticated->handle(Object(Illuminate\\Http\\Request), Object(Closure))
#26 /home/adminlsp/appdir/vendor/laravel/framework/src/Illuminate/Routing/Pipeline.php(53): Illuminate\\Pipeline\\Pipeline->Illuminate\\Pipeline\\{closure}(Object(Illuminate\\Http\\Request))
#27 /home/adminlsp/appdir/vendor/laravel/framework/src/Illuminate/Routing/Middleware/SubstituteBindings.php(41): Illuminate\\Routing\\Pipeline->Illuminate\\Routing\\{closure}(Object(Illuminate\\Http\\Request))
#28 /home/adminlsp/appdir/vendor/laravel/framework/src/Illuminate/Pipeline/Pipeline.php(163): Illuminate\\Routing\\Middleware\\SubstituteBindings->handle(Object(Illuminate\\Http\\Request), Object(Closure))
#29 /home/adminlsp/appdir/vendor/laravel/framework/src/Illuminate/Routing/Pipeline.php(53): Illuminate\\Pipeline\\Pipeline->Illuminate\\Pipeline\\{closure}(Object(Illuminate\\Http\\Request))
#30 /home/adminlsp/appdir/vendor/laravel/framework/src/Illuminate/Foundation/Http/Middleware/VerifyCsrfToken.php(75): Illuminate\\Routing\\Pipeline->Illuminate\\Routing\\{closure}(Object(Illuminate\\Http\\Request))
#31 /home/adminlsp/appdir/vendor/laravel/framework/src/Illuminate/Pipeline/Pipeline.php(163): Illuminate\\Foundation\\Http\\Middleware\\VerifyCsrfToken->handle(Object(Illuminate\\Http\\Request), Object(Closure))
#32 /home/adminlsp/appdir/vendor/laravel/framework/src/Illuminate/Routing/Pipeline.php(53): Illuminate\\Pipeline\\Pipeline->Illuminate\\Pipeline\\{closure}(Object(Illuminate\\Http\\Request))
#33 /home/adminlsp/appdir/vendor/laravel/framework/src/Illuminate/Session/Middleware/AuthenticateSession.php(39): Illuminate\\Routing\\Pipeline->Illuminate\\Routing\\{closure}(Object(Illuminate\\Http\\Request))
#34 /home/adminlsp/appdir/vendor/laravel/framework/src/Illuminate/Pipeline/Pipeline.php(163): Illuminate\\Session\\Middleware\\AuthenticateSession->handle(Object(Illuminate\\Http\\Request), Object(Closure))
#35 /home/adminlsp/appdir/vendor/laravel/framework/src/Illuminate/Routing/Pipeline.php(53): Illuminate\\Pipeline\\Pipeline->Illuminate\\Pipeline\\{closure}(Object(Illuminate\\Http\\Request))
#36 /home/adminlsp/appdir/vendor/laravel/framework/src/Illuminate/View/Middleware/ShareErrorsFromSession.php(49): Illuminate\\Routing\\Pipeline->Illuminate\\Routing\\{closure}(Object(Illuminate\\Http\\Request))
#37 /home/adminlsp/appdir/vendor/laravel/framework/src/Illuminate/Pipeline/Pipeline.php(163): Illuminate\\View\\Middleware\\ShareErrorsFromSession->handle(Object(Illuminate\\Http\\Request), Object(Closure))
#38 /home/adminlsp/appdir/vendor/laravel/framework/src/Illuminate/Routing/Pipeline.php(53): Illuminate\\Pipeline\\Pipeline->Illuminate\\Pipeline\\{closure}(Object(Illuminate\\Http\\Request))
#39 /home/adminlsp/appdir/vendor/laravel/framework/src/Illuminate/Session/Middleware/StartSession.php(56): Illuminate\\Routing\\Pipeline->Illuminate\\Routing\\{closure}(Object(Illuminate\\Http\\Request))
#40 /home/adminlsp/appdir/vendor/laravel/framework/src/Illuminate/Pipeline/Pipeline.php(163): Illuminate\\Session\\Middleware\\StartSession->handle(Object(Illuminate\\Http\\Request), Object(Closure))
#41 /home/adminlsp/appdir/vendor/laravel/framework/src/Illuminate/Routing/Pipeline.php(53): Illuminate\\Pipeline\\Pipeline->Illuminate\\Pipeline\\{closure}(Object(Illuminate\\Http\\Request))
#42 /home/adminlsp/appdir/vendor/laravel/framework/src/Illuminate/Cookie/Middleware/AddQueuedCookiesToResponse.php(37): Illuminate\\Routing\\Pipeline->Illuminate\\Routing\\{closure}(Object(Illuminate\\Http\\Request))
#43 /home/adminlsp/appdir/vendor/laravel/framework/src/Illuminate/Pipeline/Pipeline.php(163): Illuminate\\Cookie\\Middleware\\AddQueuedCookiesToResponse->handle(Object(Illuminate\\Http\\Request), Object(Closure))
#44 /home/adminlsp/appdir/vendor/laravel/framework/src/Illuminate/Routing/Pipeline.php(53): Illuminate\\Pipeline\\Pipeline->Illuminate\\Pipeline\\{closure}(Object(Illuminate\\Http\\Request))
#45 /home/adminlsp/appdir/vendor/laravel/framework/src/Illuminate/Cookie/Middleware/EncryptCookies.php(66): Illuminate\\Routing\\Pipeline->Illuminate\\Routing\\{closure}(Object(Illuminate\\Http\\Request))
#46 /home/adminlsp/appdir/vendor/laravel/framework/src/Illuminate/Pipeline/Pipeline.php(163): Illuminate\\Cookie\\Middleware\\EncryptCookies->handle(Object(Illuminate\\Http\\Request), Object(Closure))
#47 /home/adminlsp/appdir/vendor/laravel/framework/src/Illuminate/Routing/Pipeline.php(53): Illuminate\\Pipeline\\Pipeline->Illuminate\\Pipeline\\{closure}(Object(Illuminate\\Http\\Request))
#48 /home/adminlsp/appdir/vendor/laravel/framework/src/Illuminate/Pipeline/Pipeline.php(104): Illuminate\\Routing\\Pipeline->Illuminate\\Routing\\{closure}(Object(Illuminate\\Http\\Request))
#49 /home/adminlsp/appdir/vendor/laravel/framework/src/Illuminate/Routing/Router.php(682): Illuminate\\Pipeline\\Pipeline->then(Object(Closure))
#50 /home/adminlsp/appdir/vendor/laravel/framework/src/Illuminate/Routing/Router.php(657): Illuminate\\Routing\\Router->runRouteWithinStack(Object(Illuminate\\Routing\\Route), Object(Illuminate\\Http\\Request))
#51 /home/adminlsp/appdir/vendor/laravel/framework/src/Illuminate/Routing/Router.php(623): Illuminate\\Routing\\Router->runRoute(Object(Illuminate\\Http\\Request), Object(Illuminate\\Routing\\Route))
#52 /home/adminlsp/appdir/vendor/laravel/framework/src/Illuminate/Routing/Router.php(612): Illuminate\\Routing\\Router->dispatchToRoute(Object(Illuminate\\Http\\Request))
#53 /home/adminlsp/appdir/vendor/laravel/framework/src/Illuminate/Foundation/Http/Kernel.php(176): Illuminate\\Routing\\Router->dispatch(Object(Illuminate\\Http\\Request))
#54 /home/adminlsp/appdir/vendor/laravel/framework/src/Illuminate/Routing/Pipeline.php(30): Illuminate\\Foundation\\Http\\Kernel->Illuminate\\Foundation\\Http\\{closure}(Object(Illuminate\\Http\\Request))
#55 /home/adminlsp/appdir/vendor/fideloper/proxy/src/TrustProxies.php(57): Illuminate\\Routing\\Pipeline->Illuminate\\Routing\\{closure}(Object(Illuminate\\Http\\Request))
#56 /home/adminlsp/appdir/vendor/laravel/framework/src/Illuminate/Pipeline/Pipeline.php(163): Fideloper\\Proxy\\TrustProxies->handle(Object(Illuminate\\Http\\Request), Object(Closure))
#57 /home/adminlsp/appdir/vendor/laravel/framework/src/Illuminate/Routing/Pipeline.php(53): Illuminate\\Pipeline\\Pipeline->Illuminate\\Pipeline\\{closure}(Object(Illuminate\\Http\\Request))
#58 /home/adminlsp/appdir/vendor/laravel/framework/src/Illuminate/Foundation/Http/Middleware/TransformsRequest.php(21): Illuminate\\Routing\\Pipeline->Illuminate\\Routing\\{closure}(Object(Illuminate\\Http\\Request))
#59 /home/adminlsp/appdir/vendor/laravel/framework/src/Illuminate/Pipeline/Pipeline.php(163): Illuminate\\Foundation\\Http\\Middleware\\TransformsRequest->handle(Object(Illuminate\\Http\\Request), Object(Closure))
#60 /home/adminlsp/appdir/vendor/laravel/framework/src/Illuminate/Routing/Pipeline.php(53): Illuminate\\Pipeline\\Pipeline->Illuminate\\Pipeline\\{closure}(Object(Illuminate\\Http\\Request))
#61 /home/adminlsp/appdir/vendor/laravel/framework/src/Illuminate/Foundation/Http/Middleware/TransformsRequest.php(21): Illuminate\\Routing\\Pipeline->Illuminate\\Routing\\{closure}(Object(Illuminate\\Http\\Request))
#62 /home/adminlsp/appdir/vendor/laravel/framework/src/Illuminate/Pipeline/Pipeline.php(163): Illuminate\\Foundation\\Http\\Middleware\\TransformsRequest->handle(Object(Illuminate\\Http\\Request), Object(Closure))
#63 /home/adminlsp/appdir/vendor/laravel/framework/src/Illuminate/Routing/Pipeline.php(53): Illuminate\\Pipeline\\Pipeline->Illuminate\\Pipeline\\{closure}(Object(Illuminate\\Http\\Request))
#64 /home/adminlsp/appdir/vendor/laravel/framework/src/Illuminate/Foundation/Http/Middleware/ValidatePostSize.php(27): Illuminate\\Routing\\Pipeline->Illuminate\\Routing\\{closure}(Object(Illuminate\\Http\\Request))
#65 /home/adminlsp/appdir/vendor/laravel/framework/src/Illuminate/Pipeline/Pipeline.php(163): Illuminate\\Foundation\\Http\\Middleware\\ValidatePostSize->handle(Object(Illuminate\\Http\\Request), Object(Closure))
#66 /home/adminlsp/appdir/vendor/laravel/framework/src/Illuminate/Routing/Pipeline.php(53): Illuminate\\Pipeline\\Pipeline->Illuminate\\Pipeline\\{closure}(Object(Illuminate\\Http\\Request))
#67 /home/adminlsp/appdir/vendor/laravel/framework/src/Illuminate/Foundation/Http/Middleware/CheckForMaintenanceMode.php(62): Illuminate\\Routing\\Pipeline->Illuminate\\Routing\\{closure}(Object(Illuminate\\Http\\Request))
#68 /home/adminlsp/appdir/vendor/laravel/framework/src/Illuminate/Pipeline/Pipeline.php(163): Illuminate\\Foundation\\Http\\Middleware\\CheckForMaintenanceMode->handle(Object(Illuminate\\Http\\Request), Object(Closure))
#69 /home/adminlsp/appdir/vendor/laravel/framework/src/Illuminate/Routing/Pipeline.php(53): Illuminate\\Pipeline\\Pipeline->Illuminate\\Pipeline\\{closure}(Object(Illuminate\\Http\\Request))
#70 /home/adminlsp/appdir/vendor/laravel/framework/src/Illuminate/Pipeline/Pipeline.php(104): Illuminate\\Routing\\Pipeline->Illuminate\\Routing\\{closure}(Object(Illuminate\\Http\\Request))
#71 /home/adminlsp/appdir/vendor/laravel/framework/src/Illuminate/Foundation/Http/Kernel.php(151): Illuminate\\Pipeline\\Pipeline->then(Object(Closure))
#72 /home/adminlsp/appdir/vendor/laravel/framework/src/Illuminate/Foundation/Http/Kernel.php(116): Illuminate\\Foundation\\Http\\Kernel->sendRequestThroughRouter(Object(Illuminate\\Http\\Request))
#73 /home/adminlsp/appdir/public/index.php(55): Illuminate\\Foundation\\Http\\Kernel->handle(Object(Illuminate\\Http\\Request))
#74 /home/adminlsp/appdir/server.php(21): require_once('/home/adminlsp/...')
#75 {main}
"} 
[2021-06-17 03:59:53] local.ERROR: Failed to authenticate on SMTP server with username "lsp@polije.ac.id" using 3 possible authenticators. Authenticator LOGIN returned Expected response code 235 but got code "535", with message "535-5.7.8 Username and Password not accepted. Learn more at
535 5.7.8  https://support.google.com/mail/?p=BadCredentials gz14sm3335940pjb.18 - gsmtp
". Authenticator PLAIN returned Expected response code 235 but got code "535", with message "535-5.7.8 Username and Password not accepted. Learn more at
535 5.7.8  https://support.google.com/mail/?p=BadCredentials gz14sm3335940pjb.18 - gsmtp
". Authenticator XOAUTH2 returned Expected response code 250 but got code "535", with message "535-5.7.8 Username and Password not accepted. Learn more at
535 5.7.8  https://support.google.com/mail/?p=BadCredentials gz14sm3335940pjb.18 - gsmtp
". {"exception":"[object] (Swift_TransportException(code: 0): Failed to authenticate on SMTP server with username \"lsp@polije.ac.id\" using 3 possible authenticators. Authenticator LOGIN returned Expected response code 235 but got code \"535\", with message \"535-5.7.8 Username and Password not accepted. Learn more at
535 5.7.8  https://support.google.com/mail/?p=BadCredentials gz14sm3335940pjb.18 - gsmtp
\". Authenticator PLAIN returned Expected response code 235 but got code \"535\", with message \"535-5.7.8 Username and Password not accepted. Learn more at
535 5.7.8  https://support.google.com/mail/?p=BadCredentials gz14sm3335940pjb.18 - gsmtp
\". Authenticator XOAUTH2 returned Expected response code 250 but got code \"535\", with message \"535-5.7.8 Username and Password not accepted. Learn more at
535 5.7.8  https://support.google.com/mail/?p=BadCredentials gz14sm3335940pjb.18 - gsmtp
\". at /home/adminlsp/appdir/vendor/swiftmailer/swiftmailer/lib/classes/Swift/Transport/Esmtp/AuthHandler.php:191)
[stacktrace]
#0 /home/adminlsp/appdir/vendor/swiftmailer/swiftmailer/lib/classes/Swift/Transport/EsmtpTransport.php(371): Swift_Transport_Esmtp_AuthHandler->afterEhlo(Object(Swift_SmtpTransport))
#1 /home/adminlsp/appdir/vendor/swiftmailer/swiftmailer/lib/classes/Swift/Transport/AbstractSmtpTransport.php(148): Swift_Transport_EsmtpTransport->doHeloCommand()
#2 /home/adminlsp/appdir/vendor/swiftmailer/swiftmailer/lib/classes/Swift/Mailer.php(65): Swift_Transport_AbstractSmtpTransport->start()
#3 /home/adminlsp/appdir/vendor/laravel/framework/src/Illuminate/Mail/Mailer.php(484): Swift_Mailer->send(Object(Swift_Message), Array)
#4 /home/adminlsp/appdir/vendor/laravel/framework/src/Illuminate/Mail/Mailer.php(259): Illuminate\\Mail\\Mailer->sendSwiftMessage(Object(Swift_Message))
#5 /home/adminlsp/appdir/vendor/laravel/framework/src/Illuminate/Mail/Mailable.php(159): Illuminate\\Mail\\Mailer->send('auth.mail', Array, Object(Closure))
#6 /home/adminlsp/appdir/vendor/laravel/framework/src/Illuminate/Support/Traits/Localizable.php(19): Illuminate\\Mail\\Mailable->Illuminate\\Mail\\{closure}()
#7 /home/adminlsp/appdir/vendor/laravel/framework/src/Illuminate/Mail/Mailable.php(160): Illuminate\\Mail\\Mailable->withLocale(NULL, Object(Closure))
#8 /home/adminlsp/appdir/vendor/laravel/framework/src/Illuminate/Mail/Mailer.php(275): Illuminate\\Mail\\Mailable->send(Object(Illuminate\\Mail\\Mailer))
#9 /home/adminlsp/appdir/vendor/laravel/framework/src/Illuminate/Mail/Mailer.php(229): Illuminate\\Mail\\Mailer->sendMailable(Object(App\\Mail\\RegisterMail))
#10 /home/adminlsp/appdir/vendor/laravel/framework/src/Illuminate/Mail/PendingMail.php(127): Illuminate\\Mail\\Mailer->send(Object(App\\Mail\\RegisterMail))
#11 /home/adminlsp/appdir/app/Listeners/RegisteredListener.php(30): Illuminate\\Mail\\PendingMail->send(Object(App\\Mail\\RegisterMail))
#12 [internal function]: App\\Listeners\\RegisteredListener->handle(Object(Illuminate\\Auth\\Events\\Registered))
#13 /home/adminlsp/appdir/vendor/laravel/framework/src/Illuminate/Events/Dispatcher.php(366): call_user_func_array(Array, Array)
#14 /home/adminlsp/appdir/vendor/laravel/framework/src/Illuminate/Events/Dispatcher.php(196): Illuminate\\Events\\Dispatcher->Illuminate\\Events\\{closure}('Illuminate\\\\Auth...', Array)
#15 /home/adminlsp/appdir/vendor/laravel/framework/src/Illuminate/Foundation/helpers.php(482): Illuminate\\Events\\Dispatcher->dispatch('Illuminate\\\\Auth...')
#16 /home/adminlsp/appdir/vendor/laravel/framework/src/Illuminate/Foundation/Auth/RegistersUsers.php(34): event(Object(Illuminate\\Auth\\Events\\Registered))
#17 [internal function]: App\\Http\\Controllers\\Auth\\RegisterController->register(Object(Illuminate\\Http\\Request))
#18 /home/adminlsp/appdir/vendor/laravel/framework/src/Illuminate/Routing/Controller.php(54): call_user_func_array(Array, Array)
#19 /home/adminlsp/appdir/vendor/laravel/framework/src/Illuminate/Routing/ControllerDispatcher.php(45): Illuminate\\Routing\\Controller->callAction('register', Array)
#20 /home/adminlsp/appdir/vendor/laravel/framework/src/Illuminate/Routing/Route.php(219): Illuminate\\Routing\\ControllerDispatcher->dispatch(Object(Illuminate\\Routing\\Route), Object(App\\Http\\Controllers\\Auth\\RegisterController), 'register')
#21 /home/adminlsp/appdir/vendor/laravel/framework/src/Illuminate/Routing/Route.php(176): Illuminate\\Routing\\Route->runController()
#22 /home/adminlsp/appdir/vendor/laravel/framework/src/Illuminate/Routing/Router.php(680): Illuminate\\Routing\\Route->run()
#23 /home/adminlsp/appdir/vendor/laravel/framework/src/Illuminate/Routing/Pipeline.php(30): Illuminate\\Routing\\Router->Illuminate\\Routing\\{closure}(Object(Illuminate\\Http\\Request))
#24 /home/adminlsp/appdir/app/Http/Middleware/RedirectIfAuthenticated.php(24): Illuminate\\Routing\\Pipeline->Illuminate\\Routing\\{closure}(Object(Illuminate\\Http\\Request))
#25 /home/adminlsp/appdir/vendor/laravel/framework/src/Illuminate/Pipeline/Pipeline.php(163): App\\Http\\Middleware\\RedirectIfAuthenticated->handle(Object(Illuminate\\Http\\Request), Object(Closure))
#26 /home/adminlsp/appdir/vendor/laravel/framework/src/Illuminate/Routing/Pipeline.php(53): Illuminate\\Pipeline\\Pipeline->Illuminate\\Pipeline\\{closure}(Object(Illuminate\\Http\\Request))
#27 /home/adminlsp/appdir/vendor/laravel/framework/src/Illuminate/Routing/Middleware/SubstituteBindings.php(41): Illuminate\\Routing\\Pipeline->Illuminate\\Routing\\{closure}(Object(Illuminate\\Http\\Request))
#28 /home/adminlsp/appdir/vendor/laravel/framework/src/Illuminate/Pipeline/Pipeline.php(163): Illuminate\\Routing\\Middleware\\SubstituteBindings->handle(Object(Illuminate\\Http\\Request), Object(Closure))
#29 /home/adminlsp/appdir/vendor/laravel/framework/src/Illuminate/Routing/Pipeline.php(53): Illuminate\\Pipeline\\Pipeline->Illuminate\\Pipeline\\{closure}(Object(Illuminate\\Http\\Request))
#30 /home/adminlsp/appdir/vendor/laravel/framework/src/Illuminate/Foundation/Http/Middleware/VerifyCsrfToken.php(75): Illuminate\\Routing\\Pipeline->Illuminate\\Routing\\{closure}(Object(Illuminate\\Http\\Request))
#31 /home/adminlsp/appdir/vendor/laravel/framework/src/Illuminate/Pipeline/Pipeline.php(163): Illuminate\\Foundation\\Http\\Middleware\\VerifyCsrfToken->handle(Object(Illuminate\\Http\\Request), Object(Closure))
#32 /home/adminlsp/appdir/vendor/laravel/framework/src/Illuminate/Routing/Pipeline.php(53): Illuminate\\Pipeline\\Pipeline->Illuminate\\Pipeline\\{closure}(Object(Illuminate\\Http\\Request))
#33 /home/adminlsp/appdir/vendor/laravel/framework/src/Illuminate/Session/Middleware/AuthenticateSession.php(39): Illuminate\\Routing\\Pipeline->Illuminate\\Routing\\{closure}(Object(Illuminate\\Http\\Request))
#34 /home/adminlsp/appdir/vendor/laravel/framework/src/Illuminate/Pipeline/Pipeline.php(163): Illuminate\\Session\\Middleware\\AuthenticateSession->handle(Object(Illuminate\\Http\\Request), Object(Closure))
#35 /home/adminlsp/appdir/vendor/laravel/framework/src/Illuminate/Routing/Pipeline.php(53): Illuminate\\Pipeline\\Pipeline->Illuminate\\Pipeline\\{closure}(Object(Illuminate\\Http\\Request))
#36 /home/adminlsp/appdir/vendor/laravel/framework/src/Illuminate/View/Middleware/ShareErrorsFromSession.php(49): Illuminate\\Routing\\Pipeline->Illuminate\\Routing\\{closure}(Object(Illuminate\\Http\\Request))
#37 /home/adminlsp/appdir/vendor/laravel/framework/src/Illuminate/Pipeline/Pipeline.php(163): Illuminate\\View\\Middleware\\ShareErrorsFromSession->handle(Object(Illuminate\\Http\\Request), Object(Closure))
#38 /home/adminlsp/appdir/vendor/laravel/framework/src/Illuminate/Routing/Pipeline.php(53): Illuminate\\Pipeline\\Pipeline->Illuminate\\Pipeline\\{closure}(Object(Illuminate\\Http\\Request))
#39 /home/adminlsp/appdir/vendor/laravel/framework/src/Illuminate/Session/Middleware/StartSession.php(56): Illuminate\\Routing\\Pipeline->Illuminate\\Routing\\{closure}(Object(Illuminate\\Http\\Request))
#40 /home/adminlsp/appdir/vendor/laravel/framework/src/Illuminate/Pipeline/Pipeline.php(163): Illuminate\\Session\\Middleware\\StartSession->handle(Object(Illuminate\\Http\\Request), Object(Closure))
#41 /home/adminlsp/appdir/vendor/laravel/framework/src/Illuminate/Routing/Pipeline.php(53): Illuminate\\Pipeline\\Pipeline->Illuminate\\Pipeline\\{closure}(Object(Illuminate\\Http\\Request))
#42 /home/adminlsp/appdir/vendor/laravel/framework/src/Illuminate/Cookie/Middleware/AddQueuedCookiesToResponse.php(37): Illuminate\\Routing\\Pipeline->Illuminate\\Routing\\{closure}(Object(Illuminate\\Http\\Request))
#43 /home/adminlsp/appdir/vendor/laravel/framework/src/Illuminate/Pipeline/Pipeline.php(163): Illuminate\\Cookie\\Middleware\\AddQueuedCookiesToResponse->handle(Object(Illuminate\\Http\\Request), Object(Closure))
#44 /home/adminlsp/appdir/vendor/laravel/framework/src/Illuminate/Routing/Pipeline.php(53): Illuminate\\Pipeline\\Pipeline->Illuminate\\Pipeline\\{closure}(Object(Illuminate\\Http\\Request))
#45 /home/adminlsp/appdir/vendor/laravel/framework/src/Illuminate/Cookie/Middleware/EncryptCookies.php(66): Illuminate\\Routing\\Pipeline->Illuminate\\Routing\\{closure}(Object(Illuminate\\Http\\Request))
#46 /home/adminlsp/appdir/vendor/laravel/framework/src/Illuminate/Pipeline/Pipeline.php(163): Illuminate\\Cookie\\Middleware\\EncryptCookies->handle(Object(Illuminate\\Http\\Request), Object(Closure))
#47 /home/adminlsp/appdir/vendor/laravel/framework/src/Illuminate/Routing/Pipeline.php(53): Illuminate\\Pipeline\\Pipeline->Illuminate\\Pipeline\\{closure}(Object(Illuminate\\Http\\Request))
#48 /home/adminlsp/appdir/vendor/laravel/framework/src/Illuminate/Pipeline/Pipeline.php(104): Illuminate\\Routing\\Pipeline->Illuminate\\Routing\\{closure}(Object(Illuminate\\Http\\Request))
#49 /home/adminlsp/appdir/vendor/laravel/framework/src/Illuminate/Routing/Router.php(682): Illuminate\\Pipeline\\Pipeline->then(Object(Closure))
#50 /home/adminlsp/appdir/vendor/laravel/framework/src/Illuminate/Routing/Router.php(657): Illuminate\\Routing\\Router->runRouteWithinStack(Object(Illuminate\\Routing\\Route), Object(Illuminate\\Http\\Request))
#51 /home/adminlsp/appdir/vendor/laravel/framework/src/Illuminate/Routing/Router.php(623): Illuminate\\Routing\\Router->runRoute(Object(Illuminate\\Http\\Request), Object(Illuminate\\Routing\\Route))
#52 /home/adminlsp/appdir/vendor/laravel/framework/src/Illuminate/Routing/Router.php(612): Illuminate\\Routing\\Router->dispatchToRoute(Object(Illuminate\\Http\\Request))
#53 /home/adminlsp/appdir/vendor/laravel/framework/src/Illuminate/Foundation/Http/Kernel.php(176): Illuminate\\Routing\\Router->dispatch(Object(Illuminate\\Http\\Request))
#54 /home/adminlsp/appdir/vendor/laravel/framework/src/Illuminate/Routing/Pipeline.php(30): Illuminate\\Foundation\\Http\\Kernel->Illuminate\\Foundation\\Http\\{closure}(Object(Illuminate\\Http\\Request))
#55 /home/adminlsp/appdir/vendor/fideloper/proxy/src/TrustProxies.php(57): Illuminate\\Routing\\Pipeline->Illuminate\\Routing\\{closure}(Object(Illuminate\\Http\\Request))
#56 /home/adminlsp/appdir/vendor/laravel/framework/src/Illuminate/Pipeline/Pipeline.php(163): Fideloper\\Proxy\\TrustProxies->handle(Object(Illuminate\\Http\\Request), Object(Closure))
#57 /home/adminlsp/appdir/vendor/laravel/framework/src/Illuminate/Routing/Pipeline.php(53): Illuminate\\Pipeline\\Pipeline->Illuminate\\Pipeline\\{closure}(Object(Illuminate\\Http\\Request))
#58 /home/adminlsp/appdir/vendor/laravel/framework/src/Illuminate/Foundation/Http/Middleware/TransformsRequest.php(21): Illuminate\\Routing\\Pipeline->Illuminate\\Routing\\{closure}(Object(Illuminate\\Http\\Request))
#59 /home/adminlsp/appdir/vendor/laravel/framework/src/Illuminate/Pipeline/Pipeline.php(163): Illuminate\\Foundation\\Http\\Middleware\\TransformsRequest->handle(Object(Illuminate\\Http\\Request), Object(Closure))
#60 /home/adminlsp/appdir/vendor/laravel/framework/src/Illuminate/Routing/Pipeline.php(53): Illuminate\\Pipeline\\Pipeline->Illuminate\\Pipeline\\{closure}(Object(Illuminate\\Http\\Request))
#61 /home/adminlsp/appdir/vendor/laravel/framework/src/Illuminate/Foundation/Http/Middleware/TransformsRequest.php(21): Illuminate\\Routing\\Pipeline->Illuminate\\Routing\\{closure}(Object(Illuminate\\Http\\Request))
#62 /home/adminlsp/appdir/vendor/laravel/framework/src/Illuminate/Pipeline/Pipeline.php(163): Illuminate\\Foundation\\Http\\Middleware\\TransformsRequest->handle(Object(Illuminate\\Http\\Request), Object(Closure))
#63 /home/adminlsp/appdir/vendor/laravel/framework/src/Illuminate/Routing/Pipeline.php(53): Illuminate\\Pipeline\\Pipeline->Illuminate\\Pipeline\\{closure}(Object(Illuminate\\Http\\Request))
#64 /home/adminlsp/appdir/vendor/laravel/framework/src/Illuminate/Foundation/Http/Middleware/ValidatePostSize.php(27): Illuminate\\Routing\\Pipeline->Illuminate\\Routing\\{closure}(Object(Illuminate\\Http\\Request))
#65 /home/adminlsp/appdir/vendor/laravel/framework/src/Illuminate/Pipeline/Pipeline.php(163): Illuminate\\Foundation\\Http\\Middleware\\ValidatePostSize->handle(Object(Illuminate\\Http\\Request), Object(Closure))
#66 /home/adminlsp/appdir/vendor/laravel/framework/src/Illuminate/Routing/Pipeline.php(53): Illuminate\\Pipeline\\Pipeline->Illuminate\\Pipeline\\{closure}(Object(Illuminate\\Http\\Request))
#67 /home/adminlsp/appdir/vendor/laravel/framework/src/Illuminate/Foundation/Http/Middleware/CheckForMaintenanceMode.php(62): Illuminate\\Routing\\Pipeline->Illuminate\\Routing\\{closure}(Object(Illuminate\\Http\\Request))
#68 /home/adminlsp/appdir/vendor/laravel/framework/src/Illuminate/Pipeline/Pipeline.php(163): Illuminate\\Foundation\\Http\\Middleware\\CheckForMaintenanceMode->handle(Object(Illuminate\\Http\\Request), Object(Closure))
#69 /home/adminlsp/appdir/vendor/laravel/framework/src/Illuminate/Routing/Pipeline.php(53): Illuminate\\Pipeline\\Pipeline->Illuminate\\Pipeline\\{closure}(Object(Illuminate\\Http\\Request))
#70 /home/adminlsp/appdir/vendor/laravel/framework/src/Illuminate/Pipeline/Pipeline.php(104): Illuminate\\Routing\\Pipeline->Illuminate\\Routing\\{closure}(Object(Illuminate\\Http\\Request))
#71 /home/adminlsp/appdir/vendor/laravel/framework/src/Illuminate/Foundation/Http/Kernel.php(151): Illuminate\\Pipeline\\Pipeline->then(Object(Closure))
#72 /home/adminlsp/appdir/vendor/laravel/framework/src/Illuminate/Foundation/Http/Kernel.php(116): Illuminate\\Foundation\\Http\\Kernel->sendRequestThroughRouter(Object(Illuminate\\Http\\Request))
#73 /home/adminlsp/appdir/public/index.php(55): Illuminate\\Foundation\\Http\\Kernel->handle(Object(Illuminate\\Http\\Request))
#74 /home/adminlsp/appdir/server.php(21): require_once('/home/adminlsp/...')
#75 {main}
"} 
[2021-06-17 04:00:55] local.ERROR: Failed to authenticate on SMTP server with username "lsp@polije.ac.id" using 3 possible authenticators. Authenticator LOGIN returned Expected response code 235 but got code "535", with message "535-5.7.8 Username and Password not accepted. Learn more at
535 5.7.8  https://support.google.com/mail/?p=BadCredentials r6sm6538569pjm.12 - gsmtp
". Authenticator PLAIN returned Expected response code 235 but got code "535", with message "535-5.7.8 Username and Password not accepted. Learn more at
535 5.7.8  https://support.google.com/mail/?p=BadCredentials r6sm6538569pjm.12 - gsmtp
". Authenticator XOAUTH2 returned Expected response code 250 but got code "535", with message "535-5.7.8 Username and Password not accepted. Learn more at
535 5.7.8  https://support.google.com/mail/?p=BadCredentials r6sm6538569pjm.12 - gsmtp
". {"exception":"[object] (Swift_TransportException(code: 0): Failed to authenticate on SMTP server with username \"lsp@polije.ac.id\" using 3 possible authenticators. Authenticator LOGIN returned Expected response code 235 but got code \"535\", with message \"535-5.7.8 Username and Password not accepted. Learn more at
535 5.7.8  https://support.google.com/mail/?p=BadCredentials r6sm6538569pjm.12 - gsmtp
\". Authenticator PLAIN returned Expected response code 235 but got code \"535\", with message \"535-5.7.8 Username and Password not accepted. Learn more at
535 5.7.8  https://support.google.com/mail/?p=BadCredentials r6sm6538569pjm.12 - gsmtp
\". Authenticator XOAUTH2 returned Expected response code 250 but got code \"535\", with message \"535-5.7.8 Username and Password not accepted. Learn more at
535 5.7.8  https://support.google.com/mail/?p=BadCredentials r6sm6538569pjm.12 - gsmtp
\". at /home/adminlsp/appdir/vendor/swiftmailer/swiftmailer/lib/classes/Swift/Transport/Esmtp/AuthHandler.php:191)
[stacktrace]
#0 /home/adminlsp/appdir/vendor/swiftmailer/swiftmailer/lib/classes/Swift/Transport/EsmtpTransport.php(371): Swift_Transport_Esmtp_AuthHandler->afterEhlo(Object(Swift_SmtpTransport))
#1 /home/adminlsp/appdir/vendor/swiftmailer/swiftmailer/lib/classes/Swift/Transport/AbstractSmtpTransport.php(148): Swift_Transport_EsmtpTransport->doHeloCommand()
#2 /home/adminlsp/appdir/vendor/swiftmailer/swiftmailer/lib/classes/Swift/Mailer.php(65): Swift_Transport_AbstractSmtpTransport->start()
#3 /home/adminlsp/appdir/vendor/laravel/framework/src/Illuminate/Mail/Mailer.php(484): Swift_Mailer->send(Object(Swift_Message), Array)
#4 /home/adminlsp/appdir/vendor/laravel/framework/src/Illuminate/Mail/Mailer.php(259): Illuminate\\Mail\\Mailer->sendSwiftMessage(Object(Swift_Message))
#5 /home/adminlsp/appdir/vendor/laravel/framework/src/Illuminate/Mail/Mailable.php(159): Illuminate\\Mail\\Mailer->send('auth.mail', Array, Object(Closure))
#6 /home/adminlsp/appdir/vendor/laravel/framework/src/Illuminate/Support/Traits/Localizable.php(19): Illuminate\\Mail\\Mailable->Illuminate\\Mail\\{closure}()
#7 /home/adminlsp/appdir/vendor/laravel/framework/src/Illuminate/Mail/Mailable.php(160): Illuminate\\Mail\\Mailable->withLocale(NULL, Object(Closure))
#8 /home/adminlsp/appdir/vendor/laravel/framework/src/Illuminate/Mail/Mailer.php(275): Illuminate\\Mail\\Mailable->send(Object(Illuminate\\Mail\\Mailer))
#9 /home/adminlsp/appdir/vendor/laravel/framework/src/Illuminate/Mail/Mailer.php(229): Illuminate\\Mail\\Mailer->sendMailable(Object(App\\Mail\\RegisterMail))
#10 /home/adminlsp/appdir/vendor/laravel/framework/src/Illuminate/Mail/PendingMail.php(127): Illuminate\\Mail\\Mailer->send(Object(App\\Mail\\RegisterMail))
#11 /home/adminlsp/appdir/app/Listeners/RegisteredListener.php(30): Illuminate\\Mail\\PendingMail->send(Object(App\\Mail\\RegisterMail))
#12 [internal function]: App\\Listeners\\RegisteredListener->handle(Object(Illuminate\\Auth\\Events\\Registered))
#13 /home/adminlsp/appdir/vendor/laravel/framework/src/Illuminate/Events/Dispatcher.php(366): call_user_func_array(Array, Array)
#14 /home/adminlsp/appdir/vendor/laravel/framework/src/Illuminate/Events/Dispatcher.php(196): Illuminate\\Events\\Dispatcher->Illuminate\\Events\\{closure}('Illuminate\\\\Auth...', Array)
#15 /home/adminlsp/appdir/vendor/laravel/framework/src/Illuminate/Foundation/helpers.php(482): Illuminate\\Events\\Dispatcher->dispatch('Illuminate\\\\Auth...')
#16 /home/adminlsp/appdir/vendor/laravel/framework/src/Illuminate/Foundation/Auth/RegistersUsers.php(34): event(Object(Illuminate\\Auth\\Events\\Registered))
#17 [internal function]: App\\Http\\Controllers\\Auth\\RegisterController->register(Object(Illuminate\\Http\\Request))
#18 /home/adminlsp/appdir/vendor/laravel/framework/src/Illuminate/Routing/Controller.php(54): call_user_func_array(Array, Array)
#19 /home/adminlsp/appdir/vendor/laravel/framework/src/Illuminate/Routing/ControllerDispatcher.php(45): Illuminate\\Routing\\Controller->callAction('register', Array)
#20 /home/adminlsp/appdir/vendor/laravel/framework/src/Illuminate/Routing/Route.php(219): Illuminate\\Routing\\ControllerDispatcher->dispatch(Object(Illuminate\\Routing\\Route), Object(App\\Http\\Controllers\\Auth\\RegisterController), 'register')
#21 /home/adminlsp/appdir/vendor/laravel/framework/src/Illuminate/Routing/Route.php(176): Illuminate\\Routing\\Route->runController()
#22 /home/adminlsp/appdir/vendor/laravel/framework/src/Illuminate/Routing/Router.php(680): Illuminate\\Routing\\Route->run()
#23 /home/adminlsp/appdir/vendor/laravel/framework/src/Illuminate/Routing/Pipeline.php(30): Illuminate\\Routing\\Router->Illuminate\\Routing\\{closure}(Object(Illuminate\\Http\\Request))
#24 /home/adminlsp/appdir/app/Http/Middleware/RedirectIfAuthenticated.php(24): Illuminate\\Routing\\Pipeline->Illuminate\\Routing\\{closure}(Object(Illuminate\\Http\\Request))
#25 /home/adminlsp/appdir/vendor/laravel/framework/src/Illuminate/Pipeline/Pipeline.php(163): App\\Http\\Middleware\\RedirectIfAuthenticated->handle(Object(Illuminate\\Http\\Request), Object(Closure))
#26 /home/adminlsp/appdir/vendor/laravel/framework/src/Illuminate/Routing/Pipeline.php(53): Illuminate\\Pipeline\\Pipeline->Illuminate\\Pipeline\\{closure}(Object(Illuminate\\Http\\Request))
#27 /home/adminlsp/appdir/vendor/laravel/framework/src/Illuminate/Routing/Middleware/SubstituteBindings.php(41): Illuminate\\Routing\\Pipeline->Illuminate\\Routing\\{closure}(Object(Illuminate\\Http\\Request))
#28 /home/adminlsp/appdir/vendor/laravel/framework/src/Illuminate/Pipeline/Pipeline.php(163): Illuminate\\Routing\\Middleware\\SubstituteBindings->handle(Object(Illuminate\\Http\\Request), Object(Closure))
#29 /home/adminlsp/appdir/vendor/laravel/framework/src/Illuminate/Routing/Pipeline.php(53): Illuminate\\Pipeline\\Pipeline->Illuminate\\Pipeline\\{closure}(Object(Illuminate\\Http\\Request))
#30 /home/adminlsp/appdir/vendor/laravel/framework/src/Illuminate/Foundation/Http/Middleware/VerifyCsrfToken.php(75): Illuminate\\Routing\\Pipeline->Illuminate\\Routing\\{closure}(Object(Illuminate\\Http\\Request))
#31 /home/adminlsp/appdir/vendor/laravel/framework/src/Illuminate/Pipeline/Pipeline.php(163): Illuminate\\Foundation\\Http\\Middleware\\VerifyCsrfToken->handle(Object(Illuminate\\Http\\Request), Object(Closure))
#32 /home/adminlsp/appdir/vendor/laravel/framework/src/Illuminate/Routing/Pipeline.php(53): Illuminate\\Pipeline\\Pipeline->Illuminate\\Pipeline\\{closure}(Object(Illuminate\\Http\\Request))
#33 /home/adminlsp/appdir/vendor/laravel/framework/src/Illuminate/Session/Middleware/AuthenticateSession.php(39): Illuminate\\Routing\\Pipeline->Illuminate\\Routing\\{closure}(Object(Illuminate\\Http\\Request))
#34 /home/adminlsp/appdir/vendor/laravel/framework/src/Illuminate/Pipeline/Pipeline.php(163): Illuminate\\Session\\Middleware\\AuthenticateSession->handle(Object(Illuminate\\Http\\Request), Object(Closure))
#35 /home/adminlsp/appdir/vendor/laravel/framework/src/Illuminate/Routing/Pipeline.php(53): Illuminate\\Pipeline\\Pipeline->Illuminate\\Pipeline\\{closure}(Object(Illuminate\\Http\\Request))
#36 /home/adminlsp/appdir/vendor/laravel/framework/src/Illuminate/View/Middleware/ShareErrorsFromSession.php(49): Illuminate\\Routing\\Pipeline->Illuminate\\Routing\\{closure}(Object(Illuminate\\Http\\Request))
#37 /home/adminlsp/appdir/vendor/laravel/framework/src/Illuminate/Pipeline/Pipeline.php(163): Illuminate\\View\\Middleware\\ShareErrorsFromSession->handle(Object(Illuminate\\Http\\Request), Object(Closure))
#38 /home/adminlsp/appdir/vendor/laravel/framework/src/Illuminate/Routing/Pipeline.php(53): Illuminate\\Pipeline\\Pipeline->Illuminate\\Pipeline\\{closure}(Object(Illuminate\\Http\\Request))
#39 /home/adminlsp/appdir/vendor/laravel/framework/src/Illuminate/Session/Middleware/StartSession.php(56): Illuminate\\Routing\\Pipeline->Illuminate\\Routing\\{closure}(Object(Illuminate\\Http\\Request))
#40 /home/adminlsp/appdir/vendor/laravel/framework/src/Illuminate/Pipeline/Pipeline.php(163): Illuminate\\Session\\Middleware\\StartSession->handle(Object(Illuminate\\Http\\Request), Object(Closure))
#41 /home/adminlsp/appdir/vendor/laravel/framework/src/Illuminate/Routing/Pipeline.php(53): Illuminate\\Pipeline\\Pipeline->Illuminate\\Pipeline\\{closure}(Object(Illuminate\\Http\\Request))
#42 /home/adminlsp/appdir/vendor/laravel/framework/src/Illuminate/Cookie/Middleware/AddQueuedCookiesToResponse.php(37): Illuminate\\Routing\\Pipeline->Illuminate\\Routing\\{closure}(Object(Illuminate\\Http\\Request))
#43 /home/adminlsp/appdir/vendor/laravel/framework/src/Illuminate/Pipeline/Pipeline.php(163): Illuminate\\Cookie\\Middleware\\AddQueuedCookiesToResponse->handle(Object(Illuminate\\Http\\Request), Object(Closure))
#44 /home/adminlsp/appdir/vendor/laravel/framework/src/Illuminate/Routing/Pipeline.php(53): Illuminate\\Pipeline\\Pipeline->Illuminate\\Pipeline\\{closure}(Object(Illuminate\\Http\\Request))
#45 /home/adminlsp/appdir/vendor/laravel/framework/src/Illuminate/Cookie/Middleware/EncryptCookies.php(66): Illuminate\\Routing\\Pipeline->Illuminate\\Routing\\{closure}(Object(Illuminate\\Http\\Request))
#46 /home/adminlsp/appdir/vendor/laravel/framework/src/Illuminate/Pipeline/Pipeline.php(163): Illuminate\\Cookie\\Middleware\\EncryptCookies->handle(Object(Illuminate\\Http\\Request), Object(Closure))
#47 /home/adminlsp/appdir/vendor/laravel/framework/src/Illuminate/Routing/Pipeline.php(53): Illuminate\\Pipeline\\Pipeline->Illuminate\\Pipeline\\{closure}(Object(Illuminate\\Http\\Request))
#48 /home/adminlsp/appdir/vendor/laravel/framework/src/Illuminate/Pipeline/Pipeline.php(104): Illuminate\\Routing\\Pipeline->Illuminate\\Routing\\{closure}(Object(Illuminate\\Http\\Request))
#49 /home/adminlsp/appdir/vendor/laravel/framework/src/Illuminate/Routing/Router.php(682): Illuminate\\Pipeline\\Pipeline->then(Object(Closure))
#50 /home/adminlsp/appdir/vendor/laravel/framework/src/Illuminate/Routing/Router.php(657): Illuminate\\Routing\\Router->runRouteWithinStack(Object(Illuminate\\Routing\\Route), Object(Illuminate\\Http\\Request))
#51 /home/adminlsp/appdir/vendor/laravel/framework/src/Illuminate/Routing/Router.php(623): Illuminate\\Routing\\Router->runRoute(Object(Illuminate\\Http\\Request), Object(Illuminate\\Routing\\Route))
#52 /home/adminlsp/appdir/vendor/laravel/framework/src/Illuminate/Routing/Router.php(612): Illuminate\\Routing\\Router->dispatchToRoute(Object(Illuminate\\Http\\Request))
#53 /home/adminlsp/appdir/vendor/laravel/framework/src/Illuminate/Foundation/Http/Kernel.php(176): Illuminate\\Routing\\Router->dispatch(Object(Illuminate\\Http\\Request))
#54 /home/adminlsp/appdir/vendor/laravel/framework/src/Illuminate/Routing/Pipeline.php(30): Illuminate\\Foundation\\Http\\Kernel->Illuminate\\Foundation\\Http\\{closure}(Object(Illuminate\\Http\\Request))
#55 /home/adminlsp/appdir/vendor/fideloper/proxy/src/TrustProxies.php(57): Illuminate\\Routing\\Pipeline->Illuminate\\Routing\\{closure}(Object(Illuminate\\Http\\Request))
#56 /home/adminlsp/appdir/vendor/laravel/framework/src/Illuminate/Pipeline/Pipeline.php(163): Fideloper\\Proxy\\TrustProxies->handle(Object(Illuminate\\Http\\Request), Object(Closure))
#57 /home/adminlsp/appdir/vendor/laravel/framework/src/Illuminate/Routing/Pipeline.php(53): Illuminate\\Pipeline\\Pipeline->Illuminate\\Pipeline\\{closure}(Object(Illuminate\\Http\\Request))
#58 /home/adminlsp/appdir/vendor/laravel/framework/src/Illuminate/Foundation/Http/Middleware/TransformsRequest.php(21): Illuminate\\Routing\\Pipeline->Illuminate\\Routing\\{closure}(Object(Illuminate\\Http\\Request))
#59 /home/adminlsp/appdir/vendor/laravel/framework/src/Illuminate/Pipeline/Pipeline.php(163): Illuminate\\Foundation\\Http\\Middleware\\TransformsRequest->handle(Object(Illuminate\\Http\\Request), Object(Closure))
#60 /home/adminlsp/appdir/vendor/laravel/framework/src/Illuminate/Routing/Pipeline.php(53): Illuminate\\Pipeline\\Pipeline->Illuminate\\Pipeline\\{closure}(Object(Illuminate\\Http\\Request))
#61 /home/adminlsp/appdir/vendor/laravel/framework/src/Illuminate/Foundation/Http/Middleware/TransformsRequest.php(21): Illuminate\\Routing\\Pipeline->Illuminate\\Routing\\{closure}(Object(Illuminate\\Http\\Request))
#62 /home/adminlsp/appdir/vendor/laravel/framework/src/Illuminate/Pipeline/Pipeline.php(163): Illuminate\\Foundation\\Http\\Middleware\\TransformsRequest->handle(Object(Illuminate\\Http\\Request), Object(Closure))
#63 /home/adminlsp/appdir/vendor/laravel/framework/src/Illuminate/Routing/Pipeline.php(53): Illuminate\\Pipeline\\Pipeline->Illuminate\\Pipeline\\{closure}(Object(Illuminate\\Http\\Request))
#64 /home/adminlsp/appdir/vendor/laravel/framework/src/Illuminate/Foundation/Http/Middleware/ValidatePostSize.php(27): Illuminate\\Routing\\Pipeline->Illuminate\\Routing\\{closure}(Object(Illuminate\\Http\\Request))
#65 /home/adminlsp/appdir/vendor/laravel/framework/src/Illuminate/Pipeline/Pipeline.php(163): Illuminate\\Foundation\\Http\\Middleware\\ValidatePostSize->handle(Object(Illuminate\\Http\\Request), Object(Closure))
#66 /home/adminlsp/appdir/vendor/laravel/framework/src/Illuminate/Routing/Pipeline.php(53): Illuminate\\Pipeline\\Pipeline->Illuminate\\Pipeline\\{closure}(Object(Illuminate\\Http\\Request))
#67 /home/adminlsp/appdir/vendor/laravel/framework/src/Illuminate/Foundation/Http/Middleware/CheckForMaintenanceMode.php(62): Illuminate\\Routing\\Pipeline->Illuminate\\Routing\\{closure}(Object(Illuminate\\Http\\Request))
#68 /home/adminlsp/appdir/vendor/laravel/framework/src/Illuminate/Pipeline/Pipeline.php(163): Illuminate\\Foundation\\Http\\Middleware\\CheckForMaintenanceMode->handle(Object(Illuminate\\Http\\Request), Object(Closure))
#69 /home/adminlsp/appdir/vendor/laravel/framework/src/Illuminate/Routing/Pipeline.php(53): Illuminate\\Pipeline\\Pipeline->Illuminate\\Pipeline\\{closure}(Object(Illuminate\\Http\\Request))
#70 /home/adminlsp/appdir/vendor/laravel/framework/src/Illuminate/Pipeline/Pipeline.php(104): Illuminate\\Routing\\Pipeline->Illuminate\\Routing\\{closure}(Object(Illuminate\\Http\\Request))
#71 /home/adminlsp/appdir/vendor/laravel/framework/src/Illuminate/Foundation/Http/Kernel.php(151): Illuminate\\Pipeline\\Pipeline->then(Object(Closure))
#72 /home/adminlsp/appdir/vendor/laravel/framework/src/Illuminate/Foundation/Http/Kernel.php(116): Illuminate\\Foundation\\Http\\Kernel->sendRequestThroughRouter(Object(Illuminate\\Http\\Request))
#73 /home/adminlsp/appdir/public/index.php(55): Illuminate\\Foundation\\Http\\Kernel->handle(Object(Illuminate\\Http\\Request))
#74 /home/adminlsp/appdir/server.php(21): require_once('/home/adminlsp/...')
#75 {main}
"} 
[2021-06-17 04:01:08] local.ERROR: Failed to authenticate on SMTP server with username "lsp@polije.ac.id" using 3 possible authenticators. Authenticator LOGIN returned Expected response code 235 but got code "535", with message "535-5.7.8 Username and Password not accepted. Learn more at
535 5.7.8  https://support.google.com/mail/?p=BadCredentials c196sm3555601pga.13 - gsmtp
". Authenticator PLAIN returned Expected response code 235 but got code "535", with message "535-5.7.8 Username and Password not accepted. Learn more at
535 5.7.8  https://support.google.com/mail/?p=BadCredentials c196sm3555601pga.13 - gsmtp
". Authenticator XOAUTH2 returned Expected response code 250 but got code "535", with message "535-5.7.8 Username and Password not accepted. Learn more at
535 5.7.8  https://support.google.com/mail/?p=BadCredentials c196sm3555601pga.13 - gsmtp
". {"exception":"[object] (Swift_TransportException(code: 0): Failed to authenticate on SMTP server with username \"lsp@polije.ac.id\" using 3 possible authenticators. Authenticator LOGIN returned Expected response code 235 but got code \"535\", with message \"535-5.7.8 Username and Password not accepted. Learn more at
535 5.7.8  https://support.google.com/mail/?p=BadCredentials c196sm3555601pga.13 - gsmtp
\". Authenticator PLAIN returned Expected response code 235 but got code \"535\", with message \"535-5.7.8 Username and Password not accepted. Learn more at
535 5.7.8  https://support.google.com/mail/?p=BadCredentials c196sm3555601pga.13 - gsmtp
\". Authenticator XOAUTH2 returned Expected response code 250 but got code \"535\", with message \"535-5.7.8 Username and Password not accepted. Learn more at
535 5.7.8  https://support.google.com/mail/?p=BadCredentials c196sm3555601pga.13 - gsmtp
\". at /home/adminlsp/appdir/vendor/swiftmailer/swiftmailer/lib/classes/Swift/Transport/Esmtp/AuthHandler.php:191)
[stacktrace]
#0 /home/adminlsp/appdir/vendor/swiftmailer/swiftmailer/lib/classes/Swift/Transport/EsmtpTransport.php(371): Swift_Transport_Esmtp_AuthHandler->afterEhlo(Object(Swift_SmtpTransport))
#1 /home/adminlsp/appdir/vendor/swiftmailer/swiftmailer/lib/classes/Swift/Transport/AbstractSmtpTransport.php(148): Swift_Transport_EsmtpTransport->doHeloCommand()
#2 /home/adminlsp/appdir/vendor/swiftmailer/swiftmailer/lib/classes/Swift/Mailer.php(65): Swift_Transport_AbstractSmtpTransport->start()
#3 /home/adminlsp/appdir/vendor/laravel/framework/src/Illuminate/Mail/Mailer.php(484): Swift_Mailer->send(Object(Swift_Message), Array)
#4 /home/adminlsp/appdir/vendor/laravel/framework/src/Illuminate/Mail/Mailer.php(259): Illuminate\\Mail\\Mailer->sendSwiftMessage(Object(Swift_Message))
#5 /home/adminlsp/appdir/vendor/laravel/framework/src/Illuminate/Mail/Mailable.php(159): Illuminate\\Mail\\Mailer->send('auth.mail', Array, Object(Closure))
#6 /home/adminlsp/appdir/vendor/laravel/framework/src/Illuminate/Support/Traits/Localizable.php(19): Illuminate\\Mail\\Mailable->Illuminate\\Mail\\{closure}()
#7 /home/adminlsp/appdir/vendor/laravel/framework/src/Illuminate/Mail/Mailable.php(160): Illuminate\\Mail\\Mailable->withLocale(NULL, Object(Closure))
#8 /home/adminlsp/appdir/vendor/laravel/framework/src/Illuminate/Mail/Mailer.php(275): Illuminate\\Mail\\Mailable->send(Object(Illuminate\\Mail\\Mailer))
#9 /home/adminlsp/appdir/vendor/laravel/framework/src/Illuminate/Mail/Mailer.php(229): Illuminate\\Mail\\Mailer->sendMailable(Object(App\\Mail\\RegisterMail))
#10 /home/adminlsp/appdir/vendor/laravel/framework/src/Illuminate/Mail/PendingMail.php(127): Illuminate\\Mail\\Mailer->send(Object(App\\Mail\\RegisterMail))
#11 /home/adminlsp/appdir/app/Listeners/RegisteredListener.php(30): Illuminate\\Mail\\PendingMail->send(Object(App\\Mail\\RegisterMail))
#12 [internal function]: App\\Listeners\\RegisteredListener->handle(Object(Illuminate\\Auth\\Events\\Registered))
#13 /home/adminlsp/appdir/vendor/laravel/framework/src/Illuminate/Events/Dispatcher.php(366): call_user_func_array(Array, Array)
#14 /home/adminlsp/appdir/vendor/laravel/framework/src/Illuminate/Events/Dispatcher.php(196): Illuminate\\Events\\Dispatcher->Illuminate\\Events\\{closure}('Illuminate\\\\Auth...', Array)
#15 /home/adminlsp/appdir/vendor/laravel/framework/src/Illuminate/Foundation/helpers.php(482): Illuminate\\Events\\Dispatcher->dispatch('Illuminate\\\\Auth...')
#16 /home/adminlsp/appdir/vendor/laravel/framework/src/Illuminate/Foundation/Auth/RegistersUsers.php(34): event(Object(Illuminate\\Auth\\Events\\Registered))
#17 [internal function]: App\\Http\\Controllers\\Auth\\RegisterController->register(Object(Illuminate\\Http\\Request))
#18 /home/adminlsp/appdir/vendor/laravel/framework/src/Illuminate/Routing/Controller.php(54): call_user_func_array(Array, Array)
#19 /home/adminlsp/appdir/vendor/laravel/framework/src/Illuminate/Routing/ControllerDispatcher.php(45): Illuminate\\Routing\\Controller->callAction('register', Array)
#20 /home/adminlsp/appdir/vendor/laravel/framework/src/Illuminate/Routing/Route.php(219): Illuminate\\Routing\\ControllerDispatcher->dispatch(Object(Illuminate\\Routing\\Route), Object(App\\Http\\Controllers\\Auth\\RegisterController), 'register')
#21 /home/adminlsp/appdir/vendor/laravel/framework/src/Illuminate/Routing/Route.php(176): Illuminate\\Routing\\Route->runController()
#22 /home/adminlsp/appdir/vendor/laravel/framework/src/Illuminate/Routing/Router.php(680): Illuminate\\Routing\\Route->run()
#23 /home/adminlsp/appdir/vendor/laravel/framework/src/Illuminate/Routing/Pipeline.php(30): Illuminate\\Routing\\Router->Illuminate\\Routing\\{closure}(Object(Illuminate\\Http\\Request))
#24 /home/adminlsp/appdir/app/Http/Middleware/RedirectIfAuthenticated.php(24): Illuminate\\Routing\\Pipeline->Illuminate\\Routing\\{closure}(Object(Illuminate\\Http\\Request))
#25 /home/adminlsp/appdir/vendor/laravel/framework/src/Illuminate/Pipeline/Pipeline.php(163): App\\Http\\Middleware\\RedirectIfAuthenticated->handle(Object(Illuminate\\Http\\Request), Object(Closure))
#26 /home/adminlsp/appdir/vendor/laravel/framework/src/Illuminate/Routing/Pipeline.php(53): Illuminate\\Pipeline\\Pipeline->Illuminate\\Pipeline\\{closure}(Object(Illuminate\\Http\\Request))
#27 /home/adminlsp/appdir/vendor/laravel/framework/src/Illuminate/Routing/Middleware/SubstituteBindings.php(41): Illuminate\\Routing\\Pipeline->Illuminate\\Routing\\{closure}(Object(Illuminate\\Http\\Request))
#28 /home/adminlsp/appdir/vendor/laravel/framework/src/Illuminate/Pipeline/Pipeline.php(163): Illuminate\\Routing\\Middleware\\SubstituteBindings->handle(Object(Illuminate\\Http\\Request), Object(Closure))
#29 /home/adminlsp/appdir/vendor/laravel/framework/src/Illuminate/Routing/Pipeline.php(53): Illuminate\\Pipeline\\Pipeline->Illuminate\\Pipeline\\{closure}(Object(Illuminate\\Http\\Request))
#30 /home/adminlsp/appdir/vendor/laravel/framework/src/Illuminate/Foundation/Http/Middleware/VerifyCsrfToken.php(75): Illuminate\\Routing\\Pipeline->Illuminate\\Routing\\{closure}(Object(Illuminate\\Http\\Request))
#31 /home/adminlsp/appdir/vendor/laravel/framework/src/Illuminate/Pipeline/Pipeline.php(163): Illuminate\\Foundation\\Http\\Middleware\\VerifyCsrfToken->handle(Object(Illuminate\\Http\\Request), Object(Closure))
#32 /home/adminlsp/appdir/vendor/laravel/framework/src/Illuminate/Routing/Pipeline.php(53): Illuminate\\Pipeline\\Pipeline->Illuminate\\Pipeline\\{closure}(Object(Illuminate\\Http\\Request))
#33 /home/adminlsp/appdir/vendor/laravel/framework/src/Illuminate/Session/Middleware/AuthenticateSession.php(39): Illuminate\\Routing\\Pipeline->Illuminate\\Routing\\{closure}(Object(Illuminate\\Http\\Request))
#34 /home/adminlsp/appdir/vendor/laravel/framework/src/Illuminate/Pipeline/Pipeline.php(163): Illuminate\\Session\\Middleware\\AuthenticateSession->handle(Object(Illuminate\\Http\\Request), Object(Closure))
#35 /home/adminlsp/appdir/vendor/laravel/framework/src/Illuminate/Routing/Pipeline.php(53): Illuminate\\Pipeline\\Pipeline->Illuminate\\Pipeline\\{closure}(Object(Illuminate\\Http\\Request))
#36 /home/adminlsp/appdir/vendor/laravel/framework/src/Illuminate/View/Middleware/ShareErrorsFromSession.php(49): Illuminate\\Routing\\Pipeline->Illuminate\\Routing\\{closure}(Object(Illuminate\\Http\\Request))
#37 /home/adminlsp/appdir/vendor/laravel/framework/src/Illuminate/Pipeline/Pipeline.php(163): Illuminate\\View\\Middleware\\ShareErrorsFromSession->handle(Object(Illuminate\\Http\\Request), Object(Closure))
#38 /home/adminlsp/appdir/vendor/laravel/framework/src/Illuminate/Routing/Pipeline.php(53): Illuminate\\Pipeline\\Pipeline->Illuminate\\Pipeline\\{closure}(Object(Illuminate\\Http\\Request))
#39 /home/adminlsp/appdir/vendor/laravel/framework/src/Illuminate/Session/Middleware/StartSession.php(56): Illuminate\\Routing\\Pipeline->Illuminate\\Routing\\{closure}(Object(Illuminate\\Http\\Request))
#40 /home/adminlsp/appdir/vendor/laravel/framework/src/Illuminate/Pipeline/Pipeline.php(163): Illuminate\\Session\\Middleware\\StartSession->handle(Object(Illuminate\\Http\\Request), Object(Closure))
#41 /home/adminlsp/appdir/vendor/laravel/framework/src/Illuminate/Routing/Pipeline.php(53): Illuminate\\Pipeline\\Pipeline->Illuminate\\Pipeline\\{closure}(Object(Illuminate\\Http\\Request))
#42 /home/adminlsp/appdir/vendor/laravel/framework/src/Illuminate/Cookie/Middleware/AddQueuedCookiesToResponse.php(37): Illuminate\\Routing\\Pipeline->Illuminate\\Routing\\{closure}(Object(Illuminate\\Http\\Request))
#43 /home/adminlsp/appdir/vendor/laravel/framework/src/Illuminate/Pipeline/Pipeline.php(163): Illuminate\\Cookie\\Middleware\\AddQueuedCookiesToResponse->handle(Object(Illuminate\\Http\\Request), Object(Closure))
#44 /home/adminlsp/appdir/vendor/laravel/framework/src/Illuminate/Routing/Pipeline.php(53): Illuminate\\Pipeline\\Pipeline->Illuminate\\Pipeline\\{closure}(Object(Illuminate\\Http\\Request))
#45 /home/adminlsp/appdir/vendor/laravel/framework/src/Illuminate/Cookie/Middleware/EncryptCookies.php(66): Illuminate\\Routing\\Pipeline->Illuminate\\Routing\\{closure}(Object(Illuminate\\Http\\Request))
#46 /home/adminlsp/appdir/vendor/laravel/framework/src/Illuminate/Pipeline/Pipeline.php(163): Illuminate\\Cookie\\Middleware\\EncryptCookies->handle(Object(Illuminate\\Http\\Request), Object(Closure))
#47 /home/adminlsp/appdir/vendor/laravel/framework/src/Illuminate/Routing/Pipeline.php(53): Illuminate\\Pipeline\\Pipeline->Illuminate\\Pipeline\\{closure}(Object(Illuminate\\Http\\Request))
#48 /home/adminlsp/appdir/vendor/laravel/framework/src/Illuminate/Pipeline/Pipeline.php(104): Illuminate\\Routing\\Pipeline->Illuminate\\Routing\\{closure}(Object(Illuminate\\Http\\Request))
#49 /home/adminlsp/appdir/vendor/laravel/framework/src/Illuminate/Routing/Router.php(682): Illuminate\\Pipeline\\Pipeline->then(Object(Closure))
#50 /home/adminlsp/appdir/vendor/laravel/framework/src/Illuminate/Routing/Router.php(657): Illuminate\\Routing\\Router->runRouteWithinStack(Object(Illuminate\\Routing\\Route), Object(Illuminate\\Http\\Request))
#51 /home/adminlsp/appdir/vendor/laravel/framework/src/Illuminate/Routing/Router.php(623): Illuminate\\Routing\\Router->runRoute(Object(Illuminate\\Http\\Request), Object(Illuminate\\Routing\\Route))
#52 /home/adminlsp/appdir/vendor/laravel/framework/src/Illuminate/Routing/Router.php(612): Illuminate\\Routing\\Router->dispatchToRoute(Object(Illuminate\\Http\\Request))
#53 /home/adminlsp/appdir/vendor/laravel/framework/src/Illuminate/Foundation/Http/Kernel.php(176): Illuminate\\Routing\\Router->dispatch(Object(Illuminate\\Http\\Request))
#54 /home/adminlsp/appdir/vendor/laravel/framework/src/Illuminate/Routing/Pipeline.php(30): Illuminate\\Foundation\\Http\\Kernel->Illuminate\\Foundation\\Http\\{closure}(Object(Illuminate\\Http\\Request))
#55 /home/adminlsp/appdir/vendor/fideloper/proxy/src/TrustProxies.php(57): Illuminate\\Routing\\Pipeline->Illuminate\\Routing\\{closure}(Object(Illuminate\\Http\\Request))
#56 /home/adminlsp/appdir/vendor/laravel/framework/src/Illuminate/Pipeline/Pipeline.php(163): Fideloper\\Proxy\\TrustProxies->handle(Object(Illuminate\\Http\\Request), Object(Closure))
#57 /home/adminlsp/appdir/vendor/laravel/framework/src/Illuminate/Routing/Pipeline.php(53): Illuminate\\Pipeline\\Pipeline->Illuminate\\Pipeline\\{closure}(Object(Illuminate\\Http\\Request))
#58 /home/adminlsp/appdir/vendor/laravel/framework/src/Illuminate/Foundation/Http/Middleware/TransformsRequest.php(21): Illuminate\\Routing\\Pipeline->Illuminate\\Routing\\{closure}(Object(Illuminate\\Http\\Request))
#59 /home/adminlsp/appdir/vendor/laravel/framework/src/Illuminate/Pipeline/Pipeline.php(163): Illuminate\\Foundation\\Http\\Middleware\\TransformsRequest->handle(Object(Illuminate\\Http\\Request), Object(Closure))
#60 /home/adminlsp/appdir/vendor/laravel/framework/src/Illuminate/Routing/Pipeline.php(53): Illuminate\\Pipeline\\Pipeline->Illuminate\\Pipeline\\{closure}(Object(Illuminate\\Http\\Request))
#61 /home/adminlsp/appdir/vendor/laravel/framework/src/Illuminate/Foundation/Http/Middleware/TransformsRequest.php(21): Illuminate\\Routing\\Pipeline->Illuminate\\Routing\\{closure}(Object(Illuminate\\Http\\Request))
#62 /home/adminlsp/appdir/vendor/laravel/framework/src/Illuminate/Pipeline/Pipeline.php(163): Illuminate\\Foundation\\Http\\Middleware\\TransformsRequest->handle(Object(Illuminate\\Http\\Request), Object(Closure))
#63 /home/adminlsp/appdir/vendor/laravel/framework/src/Illuminate/Routing/Pipeline.php(53): Illuminate\\Pipeline\\Pipeline->Illuminate\\Pipeline\\{closure}(Object(Illuminate\\Http\\Request))
#64 /home/adminlsp/appdir/vendor/laravel/framework/src/Illuminate/Foundation/Http/Middleware/ValidatePostSize.php(27): Illuminate\\Routing\\Pipeline->Illuminate\\Routing\\{closure}(Object(Illuminate\\Http\\Request))
#65 /home/adminlsp/appdir/vendor/laravel/framework/src/Illuminate/Pipeline/Pipeline.php(163): Illuminate\\Foundation\\Http\\Middleware\\ValidatePostSize->handle(Object(Illuminate\\Http\\Request), Object(Closure))
#66 /home/adminlsp/appdir/vendor/laravel/framework/src/Illuminate/Routing/Pipeline.php(53): Illuminate\\Pipeline\\Pipeline->Illuminate\\Pipeline\\{closure}(Object(Illuminate\\Http\\Request))
#67 /home/adminlsp/appdir/vendor/laravel/framework/src/Illuminate/Foundation/Http/Middleware/CheckForMaintenanceMode.php(62): Illuminate\\Routing\\Pipeline->Illuminate\\Routing\\{closure}(Object(Illuminate\\Http\\Request))
#68 /home/adminlsp/appdir/vendor/laravel/framework/src/Illuminate/Pipeline/Pipeline.php(163): Illuminate\\Foundation\\Http\\Middleware\\CheckForMaintenanceMode->handle(Object(Illuminate\\Http\\Request), Object(Closure))
#69 /home/adminlsp/appdir/vendor/laravel/framework/src/Illuminate/Routing/Pipeline.php(53): Illuminate\\Pipeline\\Pipeline->Illuminate\\Pipeline\\{closure}(Object(Illuminate\\Http\\Request))
#70 /home/adminlsp/appdir/vendor/laravel/framework/src/Illuminate/Pipeline/Pipeline.php(104): Illuminate\\Routing\\Pipeline->Illuminate\\Routing\\{closure}(Object(Illuminate\\Http\\Request))
#71 /home/adminlsp/appdir/vendor/laravel/framework/src/Illuminate/Foundation/Http/Kernel.php(151): Illuminate\\Pipeline\\Pipeline->then(Object(Closure))
#72 /home/adminlsp/appdir/vendor/laravel/framework/src/Illuminate/Foundation/Http/Kernel.php(116): Illuminate\\Foundation\\Http\\Kernel->sendRequestThroughRouter(Object(Illuminate\\Http\\Request))
#73 /home/adminlsp/appdir/public/index.php(55): Illuminate\\Foundation\\Http\\Kernel->handle(Object(Illuminate\\Http\\Request))
#74 /home/adminlsp/appdir/server.php(21): require_once('/home/adminlsp/...')
#75 {main}
"} 
[2021-06-17 04:02:39] local.ERROR: Failed to authenticate on SMTP server with username "lsp@polije.ac.id" using 3 possible authenticators. Authenticator LOGIN returned Expected response code 235 but got code "535", with message "535-5.7.8 Username and Password not accepted. Learn more at
535 5.7.8  https://support.google.com/mail/?p=BadCredentials m12sm3474026pjq.53 - gsmtp
". Authenticator PLAIN returned Expected response code 235 but got code "535", with message "535-5.7.8 Username and Password not accepted. Learn more at
535 5.7.8  https://support.google.com/mail/?p=BadCredentials m12sm3474026pjq.53 - gsmtp
". Authenticator XOAUTH2 returned Expected response code 250 but got code "535", with message "535-5.7.8 Username and Password not accepted. Learn more at
535 5.7.8  https://support.google.com/mail/?p=BadCredentials m12sm3474026pjq.53 - gsmtp
". {"exception":"[object] (Swift_TransportException(code: 0): Failed to authenticate on SMTP server with username \"lsp@polije.ac.id\" using 3 possible authenticators. Authenticator LOGIN returned Expected response code 235 but got code \"535\", with message \"535-5.7.8 Username and Password not accepted. Learn more at
535 5.7.8  https://support.google.com/mail/?p=BadCredentials m12sm3474026pjq.53 - gsmtp
\". Authenticator PLAIN returned Expected response code 235 but got code \"535\", with message \"535-5.7.8 Username and Password not accepted. Learn more at
535 5.7.8  https://support.google.com/mail/?p=BadCredentials m12sm3474026pjq.53 - gsmtp
\". Authenticator XOAUTH2 returned Expected response code 250 but got code \"535\", with message \"535-5.7.8 Username and Password not accepted. Learn more at
535 5.7.8  https://support.google.com/mail/?p=BadCredentials m12sm3474026pjq.53 - gsmtp
\". at /home/adminlsp/appdir/vendor/swiftmailer/swiftmailer/lib/classes/Swift/Transport/Esmtp/AuthHandler.php:191)
[stacktrace]
#0 /home/adminlsp/appdir/vendor/swiftmailer/swiftmailer/lib/classes/Swift/Transport/EsmtpTransport.php(371): Swift_Transport_Esmtp_AuthHandler->afterEhlo(Object(Swift_SmtpTransport))
#1 /home/adminlsp/appdir/vendor/swiftmailer/swiftmailer/lib/classes/Swift/Transport/AbstractSmtpTransport.php(148): Swift_Transport_EsmtpTransport->doHeloCommand()
#2 /home/adminlsp/appdir/vendor/swiftmailer/swiftmailer/lib/classes/Swift/Mailer.php(65): Swift_Transport_AbstractSmtpTransport->start()
#3 /home/adminlsp/appdir/vendor/laravel/framework/src/Illuminate/Mail/Mailer.php(484): Swift_Mailer->send(Object(Swift_Message), Array)
#4 /home/adminlsp/appdir/vendor/laravel/framework/src/Illuminate/Mail/Mailer.php(259): Illuminate\\Mail\\Mailer->sendSwiftMessage(Object(Swift_Message))
#5 /home/adminlsp/appdir/vendor/laravel/framework/src/Illuminate/Notifications/Channels/MailChannel.php(65): Illuminate\\Mail\\Mailer->send(Object(Illuminate\\Support\\HtmlString), Array, Object(Closure))
#6 /home/adminlsp/appdir/vendor/laravel/framework/src/Illuminate/Notifications/NotificationSender.php(144): Illuminate\\Notifications\\Channels\\MailChannel->send(Object(App\\User), Object(Illuminate\\Auth\\Notifications\\ResetPassword))
#7 /home/adminlsp/appdir/vendor/laravel/framework/src/Illuminate/Notifications/NotificationSender.php(103): Illuminate\\Notifications\\NotificationSender->sendToNotifiable(Object(App\\User), '9eb232fd-bf34-4...', Object(Illuminate\\Auth\\Notifications\\ResetPassword), 'mail')
#8 /home/adminlsp/appdir/vendor/laravel/framework/src/Illuminate/Support/Traits/Localizable.php(19): Illuminate\\Notifications\\NotificationSender->Illuminate\\Notifications\\{closure}()
#9 /home/adminlsp/appdir/vendor/laravel/framework/src/Illuminate/Notifications/NotificationSender.php(105): Illuminate\\Notifications\\NotificationSender->withLocale(NULL, Object(Closure))
#10 /home/adminlsp/appdir/vendor/laravel/framework/src/Illuminate/Notifications/NotificationSender.php(77): Illuminate\\Notifications\\NotificationSender->sendNow(Object(Illuminate\\Database\\Eloquent\\Collection), Object(Illuminate\\Auth\\Notifications\\ResetPassword))
#11 /home/adminlsp/appdir/vendor/laravel/framework/src/Illuminate/Notifications/ChannelManager.php(39): Illuminate\\Notifications\\NotificationSender->send(Object(Illuminate\\Database\\Eloquent\\Collection), Object(Illuminate\\Auth\\Notifications\\ResetPassword))
#12 /home/adminlsp/appdir/vendor/laravel/framework/src/Illuminate/Notifications/RoutesNotifications.php(18): Illuminate\\Notifications\\ChannelManager->send(Object(App\\User), Object(Illuminate\\Auth\\Notifications\\ResetPassword))
#13 /home/adminlsp/appdir/vendor/laravel/framework/src/Illuminate/Auth/Passwords/CanResetPassword.php(27): App\\User->notify(Object(Illuminate\\Auth\\Notifications\\ResetPassword))
#14 /home/adminlsp/appdir/vendor/laravel/framework/src/Illuminate/Auth/Passwords/PasswordBroker.php(70): Illuminate\\Foundation\\Auth\\User->sendPasswordResetNotification('45dcafb309c956c...')
#15 /home/adminlsp/appdir/vendor/laravel/framework/src/Illuminate/Foundation/Auth/SendsPasswordResetEmails.php(34): Illuminate\\Auth\\Passwords\\PasswordBroker->sendResetLink(Array)
#16 [internal function]: App\\Http\\Controllers\\Auth\\ForgotPasswordController->sendResetLinkEmail(Object(Illuminate\\Http\\Request))
#17 /home/adminlsp/appdir/vendor/laravel/framework/src/Illuminate/Routing/Controller.php(54): call_user_func_array(Array, Array)
#18 /home/adminlsp/appdir/vendor/laravel/framework/src/Illuminate/Routing/ControllerDispatcher.php(45): Illuminate\\Routing\\Controller->callAction('sendResetLinkEm...', Array)
#19 /home/adminlsp/appdir/vendor/laravel/framework/src/Illuminate/Routing/Route.php(219): Illuminate\\Routing\\ControllerDispatcher->dispatch(Object(Illuminate\\Routing\\Route), Object(App\\Http\\Controllers\\Auth\\ForgotPasswordController), 'sendResetLinkEm...')
#20 /home/adminlsp/appdir/vendor/laravel/framework/src/Illuminate/Routing/Route.php(176): Illuminate\\Routing\\Route->runController()
#21 /home/adminlsp/appdir/vendor/laravel/framework/src/Illuminate/Routing/Router.php(680): Illuminate\\Routing\\Route->run()
#22 /home/adminlsp/appdir/vendor/laravel/framework/src/Illuminate/Routing/Pipeline.php(30): Illuminate\\Routing\\Router->Illuminate\\Routing\\{closure}(Object(Illuminate\\Http\\Request))
#23 /home/adminlsp/appdir/app/Http/Middleware/RedirectIfAuthenticated.php(24): Illuminate\\Routing\\Pipeline->Illuminate\\Routing\\{closure}(Object(Illuminate\\Http\\Request))
#24 /home/adminlsp/appdir/vendor/laravel/framework/src/Illuminate/Pipeline/Pipeline.php(163): App\\Http\\Middleware\\RedirectIfAuthenticated->handle(Object(Illuminate\\Http\\Request), Object(Closure))
#25 /home/adminlsp/appdir/vendor/laravel/framework/src/Illuminate/Routing/Pipeline.php(53): Illuminate\\Pipeline\\Pipeline->Illuminate\\Pipeline\\{closure}(Object(Illuminate\\Http\\Request))
#26 /home/adminlsp/appdir/vendor/laravel/framework/src/Illuminate/Routing/Middleware/SubstituteBindings.php(41): Illuminate\\Routing\\Pipeline->Illuminate\\Routing\\{closure}(Object(Illuminate\\Http\\Request))
#27 /home/adminlsp/appdir/vendor/laravel/framework/src/Illuminate/Pipeline/Pipeline.php(163): Illuminate\\Routing\\Middleware\\SubstituteBindings->handle(Object(Illuminate\\Http\\Request), Object(Closure))
#28 /home/adminlsp/appdir/vendor/laravel/framework/src/Illuminate/Routing/Pipeline.php(53): Illuminate\\Pipeline\\Pipeline->Illuminate\\Pipeline\\{closure}(Object(Illuminate\\Http\\Request))
#29 /home/adminlsp/appdir/vendor/laravel/framework/src/Illuminate/Foundation/Http/Middleware/VerifyCsrfToken.php(75): Illuminate\\Routing\\Pipeline->Illuminate\\Routing\\{closure}(Object(Illuminate\\Http\\Request))
#30 /home/adminlsp/appdir/vendor/laravel/framework/src/Illuminate/Pipeline/Pipeline.php(163): Illuminate\\Foundation\\Http\\Middleware\\VerifyCsrfToken->handle(Object(Illuminate\\Http\\Request), Object(Closure))
#31 /home/adminlsp/appdir/vendor/laravel/framework/src/Illuminate/Routing/Pipeline.php(53): Illuminate\\Pipeline\\Pipeline->Illuminate\\Pipeline\\{closure}(Object(Illuminate\\Http\\Request))
#32 /home/adminlsp/appdir/vendor/laravel/framework/src/Illuminate/Session/Middleware/AuthenticateSession.php(39): Illuminate\\Routing\\Pipeline->Illuminate\\Routing\\{closure}(Object(Illuminate\\Http\\Request))
#33 /home/adminlsp/appdir/vendor/laravel/framework/src/Illuminate/Pipeline/Pipeline.php(163): Illuminate\\Session\\Middleware\\AuthenticateSession->handle(Object(Illuminate\\Http\\Request), Object(Closure))
#34 /home/adminlsp/appdir/vendor/laravel/framework/src/Illuminate/Routing/Pipeline.php(53): Illuminate\\Pipeline\\Pipeline->Illuminate\\Pipeline\\{closure}(Object(Illuminate\\Http\\Request))
#35 /home/adminlsp/appdir/vendor/laravel/framework/src/Illuminate/View/Middleware/ShareErrorsFromSession.php(49): Illuminate\\Routing\\Pipeline->Illuminate\\Routing\\{closure}(Object(Illuminate\\Http\\Request))
#36 /home/adminlsp/appdir/vendor/laravel/framework/src/Illuminate/Pipeline/Pipeline.php(163): Illuminate\\View\\Middleware\\ShareErrorsFromSession->handle(Object(Illuminate\\Http\\Request), Object(Closure))
#37 /home/adminlsp/appdir/vendor/laravel/framework/src/Illuminate/Routing/Pipeline.php(53): Illuminate\\Pipeline\\Pipeline->Illuminate\\Pipeline\\{closure}(Object(Illuminate\\Http\\Request))
#38 /home/adminlsp/appdir/vendor/laravel/framework/src/Illuminate/Session/Middleware/StartSession.php(56): Illuminate\\Routing\\Pipeline->Illuminate\\Routing\\{closure}(Object(Illuminate\\Http\\Request))
#39 /home/adminlsp/appdir/vendor/laravel/framework/src/Illuminate/Pipeline/Pipeline.php(163): Illuminate\\Session\\Middleware\\StartSession->handle(Object(Illuminate\\Http\\Request), Object(Closure))
#40 /home/adminlsp/appdir/vendor/laravel/framework/src/Illuminate/Routing/Pipeline.php(53): Illuminate\\Pipeline\\Pipeline->Illuminate\\Pipeline\\{closure}(Object(Illuminate\\Http\\Request))
#41 /home/adminlsp/appdir/vendor/laravel/framework/src/Illuminate/Cookie/Middleware/AddQueuedCookiesToResponse.php(37): Illuminate\\Routing\\Pipeline->Illuminate\\Routing\\{closure}(Object(Illuminate\\Http\\Request))
#42 /home/adminlsp/appdir/vendor/laravel/framework/src/Illuminate/Pipeline/Pipeline.php(163): Illuminate\\Cookie\\Middleware\\AddQueuedCookiesToResponse->handle(Object(Illuminate\\Http\\Request), Object(Closure))
#43 /home/adminlsp/appdir/vendor/laravel/framework/src/Illuminate/Routing/Pipeline.php(53): Illuminate\\Pipeline\\Pipeline->Illuminate\\Pipeline\\{closure}(Object(Illuminate\\Http\\Request))
#44 /home/adminlsp/appdir/vendor/laravel/framework/src/Illuminate/Cookie/Middleware/EncryptCookies.php(66): Illuminate\\Routing\\Pipeline->Illuminate\\Routing\\{closure}(Object(Illuminate\\Http\\Request))
#45 /home/adminlsp/appdir/vendor/laravel/framework/src/Illuminate/Pipeline/Pipeline.php(163): Illuminate\\Cookie\\Middleware\\EncryptCookies->handle(Object(Illuminate\\Http\\Request), Object(Closure))
#46 /home/adminlsp/appdir/vendor/laravel/framework/src/Illuminate/Routing/Pipeline.php(53): Illuminate\\Pipeline\\Pipeline->Illuminate\\Pipeline\\{closure}(Object(Illuminate\\Http\\Request))
#47 /home/adminlsp/appdir/vendor/laravel/framework/src/Illuminate/Pipeline/Pipeline.php(104): Illuminate\\Routing\\Pipeline->Illuminate\\Routing\\{closure}(Object(Illuminate\\Http\\Request))
#48 /home/adminlsp/appdir/vendor/laravel/framework/src/Illuminate/Routing/Router.php(682): Illuminate\\Pipeline\\Pipeline->then(Object(Closure))
#49 /home/adminlsp/appdir/vendor/laravel/framework/src/Illuminate/Routing/Router.php(657): Illuminate\\Routing\\Router->runRouteWithinStack(Object(Illuminate\\Routing\\Route), Object(Illuminate\\Http\\Request))
#50 /home/adminlsp/appdir/vendor/laravel/framework/src/Illuminate/Routing/Router.php(623): Illuminate\\Routing\\Router->runRoute(Object(Illuminate\\Http\\Request), Object(Illuminate\\Routing\\Route))
#51 /home/adminlsp/appdir/vendor/laravel/framework/src/Illuminate/Routing/Router.php(612): Illuminate\\Routing\\Router->dispatchToRoute(Object(Illuminate\\Http\\Request))
#52 /home/adminlsp/appdir/vendor/laravel/framework/src/Illuminate/Foundation/Http/Kernel.php(176): Illuminate\\Routing\\Router->dispatch(Object(Illuminate\\Http\\Request))
#53 /home/adminlsp/appdir/vendor/laravel/framework/src/Illuminate/Routing/Pipeline.php(30): Illuminate\\Foundation\\Http\\Kernel->Illuminate\\Foundation\\Http\\{closure}(Object(Illuminate\\Http\\Request))
#54 /home/adminlsp/appdir/vendor/fideloper/proxy/src/TrustProxies.php(57): Illuminate\\Routing\\Pipeline->Illuminate\\Routing\\{closure}(Object(Illuminate\\Http\\Request))
#55 /home/adminlsp/appdir/vendor/laravel/framework/src/Illuminate/Pipeline/Pipeline.php(163): Fideloper\\Proxy\\TrustProxies->handle(Object(Illuminate\\Http\\Request), Object(Closure))
#56 /home/adminlsp/appdir/vendor/laravel/framework/src/Illuminate/Routing/Pipeline.php(53): Illuminate\\Pipeline\\Pipeline->Illuminate\\Pipeline\\{closure}(Object(Illuminate\\Http\\Request))
#57 /home/adminlsp/appdir/vendor/laravel/framework/src/Illuminate/Foundation/Http/Middleware/TransformsRequest.php(21): Illuminate\\Routing\\Pipeline->Illuminate\\Routing\\{closure}(Object(Illuminate\\Http\\Request))
#58 /home/adminlsp/appdir/vendor/laravel/framework/src/Illuminate/Pipeline/Pipeline.php(163): Illuminate\\Foundation\\Http\\Middleware\\TransformsRequest->handle(Object(Illuminate\\Http\\Request), Object(Closure))
#59 /home/adminlsp/appdir/vendor/laravel/framework/src/Illuminate/Routing/Pipeline.php(53): Illuminate\\Pipeline\\Pipeline->Illuminate\\Pipeline\\{closure}(Object(Illuminate\\Http\\Request))
#60 /home/adminlsp/appdir/vendor/laravel/framework/src/Illuminate/Foundation/Http/Middleware/TransformsRequest.php(21): Illuminate\\Routing\\Pipeline->Illuminate\\Routing\\{closure}(Object(Illuminate\\Http\\Request))
#61 /home/adminlsp/appdir/vendor/laravel/framework/src/Illuminate/Pipeline/Pipeline.php(163): Illuminate\\Foundation\\Http\\Middleware\\TransformsRequest->handle(Object(Illuminate\\Http\\Request), Object(Closure))
#62 /home/adminlsp/appdir/vendor/laravel/framework/src/Illuminate/Routing/Pipeline.php(53): Illuminate\\Pipeline\\Pipeline->Illuminate\\Pipeline\\{closure}(Object(Illuminate\\Http\\Request))
#63 /home/adminlsp/appdir/vendor/laravel/framework/src/Illuminate/Foundation/Http/Middleware/ValidatePostSize.php(27): Illuminate\\Routing\\Pipeline->Illuminate\\Routing\\{closure}(Object(Illuminate\\Http\\Request))
#64 /home/adminlsp/appdir/vendor/laravel/framework/src/Illuminate/Pipeline/Pipeline.php(163): Illuminate\\Foundation\\Http\\Middleware\\ValidatePostSize->handle(Object(Illuminate\\Http\\Request), Object(Closure))
#65 /home/adminlsp/appdir/vendor/laravel/framework/src/Illuminate/Routing/Pipeline.php(53): Illuminate\\Pipeline\\Pipeline->Illuminate\\Pipeline\\{closure}(Object(Illuminate\\Http\\Request))
#66 /home/adminlsp/appdir/vendor/laravel/framework/src/Illuminate/Foundation/Http/Middleware/CheckForMaintenanceMode.php(62): Illuminate\\Routing\\Pipeline->Illuminate\\Routing\\{closure}(Object(Illuminate\\Http\\Request))
#67 /home/adminlsp/appdir/vendor/laravel/framework/src/Illuminate/Pipeline/Pipeline.php(163): Illuminate\\Foundation\\Http\\Middleware\\CheckForMaintenanceMode->handle(Object(Illuminate\\Http\\Request), Object(Closure))
#68 /home/adminlsp/appdir/vendor/laravel/framework/src/Illuminate/Routing/Pipeline.php(53): Illuminate\\Pipeline\\Pipeline->Illuminate\\Pipeline\\{closure}(Object(Illuminate\\Http\\Request))
#69 /home/adminlsp/appdir/vendor/laravel/framework/src/Illuminate/Pipeline/Pipeline.php(104): Illuminate\\Routing\\Pipeline->Illuminate\\Routing\\{closure}(Object(Illuminate\\Http\\Request))
#70 /home/adminlsp/appdir/vendor/laravel/framework/src/Illuminate/Foundation/Http/Kernel.php(151): Illuminate\\Pipeline\\Pipeline->then(Object(Closure))
#71 /home/adminlsp/appdir/vendor/laravel/framework/src/Illuminate/Foundation/Http/Kernel.php(116): Illuminate\\Foundation\\Http\\Kernel->sendRequestThroughRouter(Object(Illuminate\\Http\\Request))
#72 /home/adminlsp/appdir/public/index.php(55): Illuminate\\Foundation\\Http\\Kernel->handle(Object(Illuminate\\Http\\Request))
#73 /home/adminlsp/appdir/server.php(21): require_once('/home/adminlsp/...')
#74 {main}
"} 
[2021-06-17 04:07:00] local.ERROR: Failed to authenticate on SMTP server with username "lsp@polije.ac.id" using 3 possible authenticators. Authenticator LOGIN returned Expected response code 235 but got code "535", with message "535-5.7.8 Username and Password not accepted. Learn more at
535 5.7.8  https://support.google.com/mail/?p=BadCredentials e2sm3915034pgh.5 - gsmtp
". Authenticator PLAIN returned Expected response code 235 but got code "535", with message "535-5.7.8 Username and Password not accepted. Learn more at
535 5.7.8  https://support.google.com/mail/?p=BadCredentials e2sm3915034pgh.5 - gsmtp
". Authenticator XOAUTH2 returned Expected response code 250 but got code "535", with message "535-5.7.8 Username and Password not accepted. Learn more at
535 5.7.8  https://support.google.com/mail/?p=BadCredentials e2sm3915034pgh.5 - gsmtp
". {"exception":"[object] (Swift_TransportException(code: 0): Failed to authenticate on SMTP server with username \"lsp@polije.ac.id\" using 3 possible authenticators. Authenticator LOGIN returned Expected response code 235 but got code \"535\", with message \"535-5.7.8 Username and Password not accepted. Learn more at
535 5.7.8  https://support.google.com/mail/?p=BadCredentials e2sm3915034pgh.5 - gsmtp
\". Authenticator PLAIN returned Expected response code 235 but got code \"535\", with message \"535-5.7.8 Username and Password not accepted. Learn more at
535 5.7.8  https://support.google.com/mail/?p=BadCredentials e2sm3915034pgh.5 - gsmtp
\". Authenticator XOAUTH2 returned Expected response code 250 but got code \"535\", with message \"535-5.7.8 Username and Password not accepted. Learn more at
535 5.7.8  https://support.google.com/mail/?p=BadCredentials e2sm3915034pgh.5 - gsmtp
\". at /home/adminlsp/appdir/vendor/swiftmailer/swiftmailer/lib/classes/Swift/Transport/Esmtp/AuthHandler.php:191)
[stacktrace]
#0 /home/adminlsp/appdir/vendor/swiftmailer/swiftmailer/lib/classes/Swift/Transport/EsmtpTransport.php(371): Swift_Transport_Esmtp_AuthHandler->afterEhlo(Object(Swift_SmtpTransport))
#1 /home/adminlsp/appdir/vendor/swiftmailer/swiftmailer/lib/classes/Swift/Transport/AbstractSmtpTransport.php(148): Swift_Transport_EsmtpTransport->doHeloCommand()
#2 /home/adminlsp/appdir/vendor/swiftmailer/swiftmailer/lib/classes/Swift/Mailer.php(65): Swift_Transport_AbstractSmtpTransport->start()
#3 /home/adminlsp/appdir/vendor/laravel/framework/src/Illuminate/Mail/Mailer.php(484): Swift_Mailer->send(Object(Swift_Message), Array)
#4 /home/adminlsp/appdir/vendor/laravel/framework/src/Illuminate/Mail/Mailer.php(259): Illuminate\\Mail\\Mailer->sendSwiftMessage(Object(Swift_Message))
#5 /home/adminlsp/appdir/vendor/laravel/framework/src/Illuminate/Mail/Mailable.php(159): Illuminate\\Mail\\Mailer->send('auth.mail', Array, Object(Closure))
#6 /home/adminlsp/appdir/vendor/laravel/framework/src/Illuminate/Support/Traits/Localizable.php(19): Illuminate\\Mail\\Mailable->Illuminate\\Mail\\{closure}()
#7 /home/adminlsp/appdir/vendor/laravel/framework/src/Illuminate/Mail/Mailable.php(160): Illuminate\\Mail\\Mailable->withLocale(NULL, Object(Closure))
#8 /home/adminlsp/appdir/vendor/laravel/framework/src/Illuminate/Mail/Mailer.php(275): Illuminate\\Mail\\Mailable->send(Object(Illuminate\\Mail\\Mailer))
#9 /home/adminlsp/appdir/vendor/laravel/framework/src/Illuminate/Mail/Mailer.php(229): Illuminate\\Mail\\Mailer->sendMailable(Object(App\\Mail\\RegisterMail))
#10 /home/adminlsp/appdir/vendor/laravel/framework/src/Illuminate/Mail/PendingMail.php(127): Illuminate\\Mail\\Mailer->send(Object(App\\Mail\\RegisterMail))
#11 /home/adminlsp/appdir/app/Listeners/RegisteredListener.php(30): Illuminate\\Mail\\PendingMail->send(Object(App\\Mail\\RegisterMail))
#12 [internal function]: App\\Listeners\\RegisteredListener->handle(Object(Illuminate\\Auth\\Events\\Registered))
#13 /home/adminlsp/appdir/vendor/laravel/framework/src/Illuminate/Events/Dispatcher.php(366): call_user_func_array(Array, Array)
#14 /home/adminlsp/appdir/vendor/laravel/framework/src/Illuminate/Events/Dispatcher.php(196): Illuminate\\Events\\Dispatcher->Illuminate\\Events\\{closure}('Illuminate\\\\Auth...', Array)
#15 /home/adminlsp/appdir/vendor/laravel/framework/src/Illuminate/Foundation/helpers.php(482): Illuminate\\Events\\Dispatcher->dispatch('Illuminate\\\\Auth...')
#16 /home/adminlsp/appdir/vendor/laravel/framework/src/Illuminate/Foundation/Auth/RegistersUsers.php(34): event(Object(Illuminate\\Auth\\Events\\Registered))
#17 [internal function]: App\\Http\\Controllers\\Auth\\RegisterController->register(Object(Illuminate\\Http\\Request))
#18 /home/adminlsp/appdir/vendor/laravel/framework/src/Illuminate/Routing/Controller.php(54): call_user_func_array(Array, Array)
#19 /home/adminlsp/appdir/vendor/laravel/framework/src/Illuminate/Routing/ControllerDispatcher.php(45): Illuminate\\Routing\\Controller->callAction('register', Array)
#20 /home/adminlsp/appdir/vendor/laravel/framework/src/Illuminate/Routing/Route.php(219): Illuminate\\Routing\\ControllerDispatcher->dispatch(Object(Illuminate\\Routing\\Route), Object(App\\Http\\Controllers\\Auth\\RegisterController), 'register')
#21 /home/adminlsp/appdir/vendor/laravel/framework/src/Illuminate/Routing/Route.php(176): Illuminate\\Routing\\Route->runController()
#22 /home/adminlsp/appdir/vendor/laravel/framework/src/Illuminate/Routing/Router.php(680): Illuminate\\Routing\\Route->run()
#23 /home/adminlsp/appdir/vendor/laravel/framework/src/Illuminate/Routing/Pipeline.php(30): Illuminate\\Routing\\Router->Illuminate\\Routing\\{closure}(Object(Illuminate\\Http\\Request))
#24 /home/adminlsp/appdir/app/Http/Middleware/RedirectIfAuthenticated.php(24): Illuminate\\Routing\\Pipeline->Illuminate\\Routing\\{closure}(Object(Illuminate\\Http\\Request))
#25 /home/adminlsp/appdir/vendor/laravel/framework/src/Illuminate/Pipeline/Pipeline.php(163): App\\Http\\Middleware\\RedirectIfAuthenticated->handle(Object(Illuminate\\Http\\Request), Object(Closure))
#26 /home/adminlsp/appdir/vendor/laravel/framework/src/Illuminate/Routing/Pipeline.php(53): Illuminate\\Pipeline\\Pipeline->Illuminate\\Pipeline\\{closure}(Object(Illuminate\\Http\\Request))
#27 /home/adminlsp/appdir/vendor/laravel/framework/src/Illuminate/Routing/Middleware/SubstituteBindings.php(41): Illuminate\\Routing\\Pipeline->Illuminate\\Routing\\{closure}(Object(Illuminate\\Http\\Request))
#28 /home/adminlsp/appdir/vendor/laravel/framework/src/Illuminate/Pipeline/Pipeline.php(163): Illuminate\\Routing\\Middleware\\SubstituteBindings->handle(Object(Illuminate\\Http\\Request), Object(Closure))
#29 /home/adminlsp/appdir/vendor/laravel/framework/src/Illuminate/Routing/Pipeline.php(53): Illuminate\\Pipeline\\Pipeline->Illuminate\\Pipeline\\{closure}(Object(Illuminate\\Http\\Request))
#30 /home/adminlsp/appdir/vendor/laravel/framework/src/Illuminate/Foundation/Http/Middleware/VerifyCsrfToken.php(75): Illuminate\\Routing\\Pipeline->Illuminate\\Routing\\{closure}(Object(Illuminate\\Http\\Request))
#31 /home/adminlsp/appdir/vendor/laravel/framework/src/Illuminate/Pipeline/Pipeline.php(163): Illuminate\\Foundation\\Http\\Middleware\\VerifyCsrfToken->handle(Object(Illuminate\\Http\\Request), Object(Closure))
#32 /home/adminlsp/appdir/vendor/laravel/framework/src/Illuminate/Routing/Pipeline.php(53): Illuminate\\Pipeline\\Pipeline->Illuminate\\Pipeline\\{closure}(Object(Illuminate\\Http\\Request))
#33 /home/adminlsp/appdir/vendor/laravel/framework/src/Illuminate/Session/Middleware/AuthenticateSession.php(39): Illuminate\\Routing\\Pipeline->Illuminate\\Routing\\{closure}(Object(Illuminate\\Http\\Request))
#34 /home/adminlsp/appdir/vendor/laravel/framework/src/Illuminate/Pipeline/Pipeline.php(163): Illuminate\\Session\\Middleware\\AuthenticateSession->handle(Object(Illuminate\\Http\\Request), Object(Closure))
#35 /home/adminlsp/appdir/vendor/laravel/framework/src/Illuminate/Routing/Pipeline.php(53): Illuminate\\Pipeline\\Pipeline->Illuminate\\Pipeline\\{closure}(Object(Illuminate\\Http\\Request))
#36 /home/adminlsp/appdir/vendor/laravel/framework/src/Illuminate/View/Middleware/ShareErrorsFromSession.php(49): Illuminate\\Routing\\Pipeline->Illuminate\\Routing\\{closure}(Object(Illuminate\\Http\\Request))
#37 /home/adminlsp/appdir/vendor/laravel/framework/src/Illuminate/Pipeline/Pipeline.php(163): Illuminate\\View\\Middleware\\ShareErrorsFromSession->handle(Object(Illuminate\\Http\\Request), Object(Closure))
#38 /home/adminlsp/appdir/vendor/laravel/framework/src/Illuminate/Routing/Pipeline.php(53): Illuminate\\Pipeline\\Pipeline->Illuminate\\Pipeline\\{closure}(Object(Illuminate\\Http\\Request))
#39 /home/adminlsp/appdir/vendor/laravel/framework/src/Illuminate/Session/Middleware/StartSession.php(56): Illuminate\\Routing\\Pipeline->Illuminate\\Routing\\{closure}(Object(Illuminate\\Http\\Request))
#40 /home/adminlsp/appdir/vendor/laravel/framework/src/Illuminate/Pipeline/Pipeline.php(163): Illuminate\\Session\\Middleware\\StartSession->handle(Object(Illuminate\\Http\\Request), Object(Closure))
#41 /home/adminlsp/appdir/vendor/laravel/framework/src/Illuminate/Routing/Pipeline.php(53): Illuminate\\Pipeline\\Pipeline->Illuminate\\Pipeline\\{closure}(Object(Illuminate\\Http\\Request))
#42 /home/adminlsp/appdir/vendor/laravel/framework/src/Illuminate/Cookie/Middleware/AddQueuedCookiesToResponse.php(37): Illuminate\\Routing\\Pipeline->Illuminate\\Routing\\{closure}(Object(Illuminate\\Http\\Request))
#43 /home/adminlsp/appdir/vendor/laravel/framework/src/Illuminate/Pipeline/Pipeline.php(163): Illuminate\\Cookie\\Middleware\\AddQueuedCookiesToResponse->handle(Object(Illuminate\\Http\\Request), Object(Closure))
#44 /home/adminlsp/appdir/vendor/laravel/framework/src/Illuminate/Routing/Pipeline.php(53): Illuminate\\Pipeline\\Pipeline->Illuminate\\Pipeline\\{closure}(Object(Illuminate\\Http\\Request))
#45 /home/adminlsp/appdir/vendor/laravel/framework/src/Illuminate/Cookie/Middleware/EncryptCookies.php(66): Illuminate\\Routing\\Pipeline->Illuminate\\Routing\\{closure}(Object(Illuminate\\Http\\Request))
#46 /home/adminlsp/appdir/vendor/laravel/framework/src/Illuminate/Pipeline/Pipeline.php(163): Illuminate\\Cookie\\Middleware\\EncryptCookies->handle(Object(Illuminate\\Http\\Request), Object(Closure))
#47 /home/adminlsp/appdir/vendor/laravel/framework/src/Illuminate/Routing/Pipeline.php(53): Illuminate\\Pipeline\\Pipeline->Illuminate\\Pipeline\\{closure}(Object(Illuminate\\Http\\Request))
#48 /home/adminlsp/appdir/vendor/laravel/framework/src/Illuminate/Pipeline/Pipeline.php(104): Illuminate\\Routing\\Pipeline->Illuminate\\Routing\\{closure}(Object(Illuminate\\Http\\Request))
#49 /home/adminlsp/appdir/vendor/laravel/framework/src/Illuminate/Routing/Router.php(682): Illuminate\\Pipeline\\Pipeline->then(Object(Closure))
#50 /home/adminlsp/appdir/vendor/laravel/framework/src/Illuminate/Routing/Router.php(657): Illuminate\\Routing\\Router->runRouteWithinStack(Object(Illuminate\\Routing\\Route), Object(Illuminate\\Http\\Request))
#51 /home/adminlsp/appdir/vendor/laravel/framework/src/Illuminate/Routing/Router.php(623): Illuminate\\Routing\\Router->runRoute(Object(Illuminate\\Http\\Request), Object(Illuminate\\Routing\\Route))
#52 /home/adminlsp/appdir/vendor/laravel/framework/src/Illuminate/Routing/Router.php(612): Illuminate\\Routing\\Router->dispatchToRoute(Object(Illuminate\\Http\\Request))
#53 /home/adminlsp/appdir/vendor/laravel/framework/src/Illuminate/Foundation/Http/Kernel.php(176): Illuminate\\Routing\\Router->dispatch(Object(Illuminate\\Http\\Request))
#54 /home/adminlsp/appdir/vendor/laravel/framework/src/Illuminate/Routing/Pipeline.php(30): Illuminate\\Foundation\\Http\\Kernel->Illuminate\\Foundation\\Http\\{closure}(Object(Illuminate\\Http\\Request))
#55 /home/adminlsp/appdir/vendor/fideloper/proxy/src/TrustProxies.php(57): Illuminate\\Routing\\Pipeline->Illuminate\\Routing\\{closure}(Object(Illuminate\\Http\\Request))
#56 /home/adminlsp/appdir/vendor/laravel/framework/src/Illuminate/Pipeline/Pipeline.php(163): Fideloper\\Proxy\\TrustProxies->handle(Object(Illuminate\\Http\\Request), Object(Closure))
#57 /home/adminlsp/appdir/vendor/laravel/framework/src/Illuminate/Routing/Pipeline.php(53): Illuminate\\Pipeline\\Pipeline->Illuminate\\Pipeline\\{closure}(Object(Illuminate\\Http\\Request))
#58 /home/adminlsp/appdir/vendor/laravel/framework/src/Illuminate/Foundation/Http/Middleware/TransformsRequest.php(21): Illuminate\\Routing\\Pipeline->Illuminate\\Routing\\{closure}(Object(Illuminate\\Http\\Request))
#59 /home/adminlsp/appdir/vendor/laravel/framework/src/Illuminate/Pipeline/Pipeline.php(163): Illuminate\\Foundation\\Http\\Middleware\\TransformsRequest->handle(Object(Illuminate\\Http\\Request), Object(Closure))
#60 /home/adminlsp/appdir/vendor/laravel/framework/src/Illuminate/Routing/Pipeline.php(53): Illuminate\\Pipeline\\Pipeline->Illuminate\\Pipeline\\{closure}(Object(Illuminate\\Http\\Request))
#61 /home/adminlsp/appdir/vendor/laravel/framework/src/Illuminate/Foundation/Http/Middleware/TransformsRequest.php(21): Illuminate\\Routing\\Pipeline->Illuminate\\Routing\\{closure}(Object(Illuminate\\Http\\Request))
#62 /home/adminlsp/appdir/vendor/laravel/framework/src/Illuminate/Pipeline/Pipeline.php(163): Illuminate\\Foundation\\Http\\Middleware\\TransformsRequest->handle(Object(Illuminate\\Http\\Request), Object(Closure))
#63 /home/adminlsp/appdir/vendor/laravel/framework/src/Illuminate/Routing/Pipeline.php(53): Illuminate\\Pipeline\\Pipeline->Illuminate\\Pipeline\\{closure}(Object(Illuminate\\Http\\Request))
#64 /home/adminlsp/appdir/vendor/laravel/framework/src/Illuminate/Foundation/Http/Middleware/ValidatePostSize.php(27): Illuminate\\Routing\\Pipeline->Illuminate\\Routing\\{closure}(Object(Illuminate\\Http\\Request))
#65 /home/adminlsp/appdir/vendor/laravel/framework/src/Illuminate/Pipeline/Pipeline.php(163): Illuminate\\Foundation\\Http\\Middleware\\ValidatePostSize->handle(Object(Illuminate\\Http\\Request), Object(Closure))
#66 /home/adminlsp/appdir/vendor/laravel/framework/src/Illuminate/Routing/Pipeline.php(53): Illuminate\\Pipeline\\Pipeline->Illuminate\\Pipeline\\{closure}(Object(Illuminate\\Http\\Request))
#67 /home/adminlsp/appdir/vendor/laravel/framework/src/Illuminate/Foundation/Http/Middleware/CheckForMaintenanceMode.php(62): Illuminate\\Routing\\Pipeline->Illuminate\\Routing\\{closure}(Object(Illuminate\\Http\\Request))
#68 /home/adminlsp/appdir/vendor/laravel/framework/src/Illuminate/Pipeline/Pipeline.php(163): Illuminate\\Foundation\\Http\\Middleware\\CheckForMaintenanceMode->handle(Object(Illuminate\\Http\\Request), Object(Closure))
#69 /home/adminlsp/appdir/vendor/laravel/framework/src/Illuminate/Routing/Pipeline.php(53): Illuminate\\Pipeline\\Pipeline->Illuminate\\Pipeline\\{closure}(Object(Illuminate\\Http\\Request))
#70 /home/adminlsp/appdir/vendor/laravel/framework/src/Illuminate/Pipeline/Pipeline.php(104): Illuminate\\Routing\\Pipeline->Illuminate\\Routing\\{closure}(Object(Illuminate\\Http\\Request))
#71 /home/adminlsp/appdir/vendor/laravel/framework/src/Illuminate/Foundation/Http/Kernel.php(151): Illuminate\\Pipeline\\Pipeline->then(Object(Closure))
#72 /home/adminlsp/appdir/vendor/laravel/framework/src/Illuminate/Foundation/Http/Kernel.php(116): Illuminate\\Foundation\\Http\\Kernel->sendRequestThroughRouter(Object(Illuminate\\Http\\Request))
#73 /home/adminlsp/appdir/public/index.php(55): Illuminate\\Foundation\\Http\\Kernel->handle(Object(Illuminate\\Http\\Request))
#74 /home/adminlsp/appdir/server.php(21): require_once('/home/adminlsp/...')
#75 {main}
"} 
[2021-06-17 04:07:04] local.ERROR: Failed to authenticate on SMTP server with username "lsp@polije.ac.id" using 3 possible authenticators. Authenticator LOGIN returned Expected response code 235 but got code "535", with message "535-5.7.8 Username and Password not accepted. Learn more at
535 5.7.8  https://support.google.com/mail/?p=BadCredentials u73sm3620896pfc.169 - gsmtp
". Authenticator PLAIN returned Expected response code 235 but got code "535", with message "535-5.7.8 Username and Password not accepted. Learn more at
535 5.7.8  https://support.google.com/mail/?p=BadCredentials u73sm3620896pfc.169 - gsmtp
". Authenticator XOAUTH2 returned Expected response code 250 but got code "535", with message "535-5.7.8 Username and Password not accepted. Learn more at
535 5.7.8  https://support.google.com/mail/?p=BadCredentials u73sm3620896pfc.169 - gsmtp
". {"exception":"[object] (Swift_TransportException(code: 0): Failed to authenticate on SMTP server with username \"lsp@polije.ac.id\" using 3 possible authenticators. Authenticator LOGIN returned Expected response code 235 but got code \"535\", with message \"535-5.7.8 Username and Password not accepted. Learn more at
535 5.7.8  https://support.google.com/mail/?p=BadCredentials u73sm3620896pfc.169 - gsmtp
\". Authenticator PLAIN returned Expected response code 235 but got code \"535\", with message \"535-5.7.8 Username and Password not accepted. Learn more at
535 5.7.8  https://support.google.com/mail/?p=BadCredentials u73sm3620896pfc.169 - gsmtp
\". Authenticator XOAUTH2 returned Expected response code 250 but got code \"535\", with message \"535-5.7.8 Username and Password not accepted. Learn more at
535 5.7.8  https://support.google.com/mail/?p=BadCredentials u73sm3620896pfc.169 - gsmtp
\". at /home/adminlsp/appdir/vendor/swiftmailer/swiftmailer/lib/classes/Swift/Transport/Esmtp/AuthHandler.php:191)
[stacktrace]
#0 /home/adminlsp/appdir/vendor/swiftmailer/swiftmailer/lib/classes/Swift/Transport/EsmtpTransport.php(371): Swift_Transport_Esmtp_AuthHandler->afterEhlo(Object(Swift_SmtpTransport))
#1 /home/adminlsp/appdir/vendor/swiftmailer/swiftmailer/lib/classes/Swift/Transport/AbstractSmtpTransport.php(148): Swift_Transport_EsmtpTransport->doHeloCommand()
#2 /home/adminlsp/appdir/vendor/swiftmailer/swiftmailer/lib/classes/Swift/Mailer.php(65): Swift_Transport_AbstractSmtpTransport->start()
#3 /home/adminlsp/appdir/vendor/laravel/framework/src/Illuminate/Mail/Mailer.php(484): Swift_Mailer->send(Object(Swift_Message), Array)
#4 /home/adminlsp/appdir/vendor/laravel/framework/src/Illuminate/Mail/Mailer.php(259): Illuminate\\Mail\\Mailer->sendSwiftMessage(Object(Swift_Message))
#5 /home/adminlsp/appdir/vendor/laravel/framework/src/Illuminate/Mail/Mailable.php(159): Illuminate\\Mail\\Mailer->send('auth.mail', Array, Object(Closure))
#6 /home/adminlsp/appdir/vendor/laravel/framework/src/Illuminate/Support/Traits/Localizable.php(19): Illuminate\\Mail\\Mailable->Illuminate\\Mail\\{closure}()
#7 /home/adminlsp/appdir/vendor/laravel/framework/src/Illuminate/Mail/Mailable.php(160): Illuminate\\Mail\\Mailable->withLocale(NULL, Object(Closure))
#8 /home/adminlsp/appdir/vendor/laravel/framework/src/Illuminate/Mail/Mailer.php(275): Illuminate\\Mail\\Mailable->send(Object(Illuminate\\Mail\\Mailer))
#9 /home/adminlsp/appdir/vendor/laravel/framework/src/Illuminate/Mail/Mailer.php(229): Illuminate\\Mail\\Mailer->sendMailable(Object(App\\Mail\\RegisterMail))
#10 /home/adminlsp/appdir/vendor/laravel/framework/src/Illuminate/Mail/PendingMail.php(127): Illuminate\\Mail\\Mailer->send(Object(App\\Mail\\RegisterMail))
#11 /home/adminlsp/appdir/app/Listeners/RegisteredListener.php(30): Illuminate\\Mail\\PendingMail->send(Object(App\\Mail\\RegisterMail))
#12 [internal function]: App\\Listeners\\RegisteredListener->handle(Object(Illuminate\\Auth\\Events\\Registered))
#13 /home/adminlsp/appdir/vendor/laravel/framework/src/Illuminate/Events/Dispatcher.php(366): call_user_func_array(Array, Array)
#14 /home/adminlsp/appdir/vendor/laravel/framework/src/Illuminate/Events/Dispatcher.php(196): Illuminate\\Events\\Dispatcher->Illuminate\\Events\\{closure}('Illuminate\\\\Auth...', Array)
#15 /home/adminlsp/appdir/vendor/laravel/framework/src/Illuminate/Foundation/helpers.php(482): Illuminate\\Events\\Dispatcher->dispatch('Illuminate\\\\Auth...')
#16 /home/adminlsp/appdir/vendor/laravel/framework/src/Illuminate/Foundation/Auth/RegistersUsers.php(34): event(Object(Illuminate\\Auth\\Events\\Registered))
#17 [internal function]: App\\Http\\Controllers\\Auth\\RegisterController->register(Object(Illuminate\\Http\\Request))
#18 /home/adminlsp/appdir/vendor/laravel/framework/src/Illuminate/Routing/Controller.php(54): call_user_func_array(Array, Array)
#19 /home/adminlsp/appdir/vendor/laravel/framework/src/Illuminate/Routing/ControllerDispatcher.php(45): Illuminate\\Routing\\Controller->callAction('register', Array)
#20 /home/adminlsp/appdir/vendor/laravel/framework/src/Illuminate/Routing/Route.php(219): Illuminate\\Routing\\ControllerDispatcher->dispatch(Object(Illuminate\\Routing\\Route), Object(App\\Http\\Controllers\\Auth\\RegisterController), 'register')
#21 /home/adminlsp/appdir/vendor/laravel/framework/src/Illuminate/Routing/Route.php(176): Illuminate\\Routing\\Route->runController()
#22 /home/adminlsp/appdir/vendor/laravel/framework/src/Illuminate/Routing/Router.php(680): Illuminate\\Routing\\Route->run()
#23 /home/adminlsp/appdir/vendor/laravel/framework/src/Illuminate/Routing/Pipeline.php(30): Illuminate\\Routing\\Router->Illuminate\\Routing\\{closure}(Object(Illuminate\\Http\\Request))
#24 /home/adminlsp/appdir/app/Http/Middleware/RedirectIfAuthenticated.php(24): Illuminate\\Routing\\Pipeline->Illuminate\\Routing\\{closure}(Object(Illuminate\\Http\\Request))
#25 /home/adminlsp/appdir/vendor/laravel/framework/src/Illuminate/Pipeline/Pipeline.php(163): App\\Http\\Middleware\\RedirectIfAuthenticated->handle(Object(Illuminate\\Http\\Request), Object(Closure))
#26 /home/adminlsp/appdir/vendor/laravel/framework/src/Illuminate/Routing/Pipeline.php(53): Illuminate\\Pipeline\\Pipeline->Illuminate\\Pipeline\\{closure}(Object(Illuminate\\Http\\Request))
#27 /home/adminlsp/appdir/vendor/laravel/framework/src/Illuminate/Routing/Middleware/SubstituteBindings.php(41): Illuminate\\Routing\\Pipeline->Illuminate\\Routing\\{closure}(Object(Illuminate\\Http\\Request))
#28 /home/adminlsp/appdir/vendor/laravel/framework/src/Illuminate/Pipeline/Pipeline.php(163): Illuminate\\Routing\\Middleware\\SubstituteBindings->handle(Object(Illuminate\\Http\\Request), Object(Closure))
#29 /home/adminlsp/appdir/vendor/laravel/framework/src/Illuminate/Routing/Pipeline.php(53): Illuminate\\Pipeline\\Pipeline->Illuminate\\Pipeline\\{closure}(Object(Illuminate\\Http\\Request))
#30 /home/adminlsp/appdir/vendor/laravel/framework/src/Illuminate/Foundation/Http/Middleware/VerifyCsrfToken.php(75): Illuminate\\Routing\\Pipeline->Illuminate\\Routing\\{closure}(Object(Illuminate\\Http\\Request))
#31 /home/adminlsp/appdir/vendor/laravel/framework/src/Illuminate/Pipeline/Pipeline.php(163): Illuminate\\Foundation\\Http\\Middleware\\VerifyCsrfToken->handle(Object(Illuminate\\Http\\Request), Object(Closure))
#32 /home/adminlsp/appdir/vendor/laravel/framework/src/Illuminate/Routing/Pipeline.php(53): Illuminate\\Pipeline\\Pipeline->Illuminate\\Pipeline\\{closure}(Object(Illuminate\\Http\\Request))
#33 /home/adminlsp/appdir/vendor/laravel/framework/src/Illuminate/Session/Middleware/AuthenticateSession.php(39): Illuminate\\Routing\\Pipeline->Illuminate\\Routing\\{closure}(Object(Illuminate\\Http\\Request))
#34 /home/adminlsp/appdir/vendor/laravel/framework/src/Illuminate/Pipeline/Pipeline.php(163): Illuminate\\Session\\Middleware\\AuthenticateSession->handle(Object(Illuminate\\Http\\Request), Object(Closure))
#35 /home/adminlsp/appdir/vendor/laravel/framework/src/Illuminate/Routing/Pipeline.php(53): Illuminate\\Pipeline\\Pipeline->Illuminate\\Pipeline\\{closure}(Object(Illuminate\\Http\\Request))
#36 /home/adminlsp/appdir/vendor/laravel/framework/src/Illuminate/View/Middleware/ShareErrorsFromSession.php(49): Illuminate\\Routing\\Pipeline->Illuminate\\Routing\\{closure}(Object(Illuminate\\Http\\Request))
#37 /home/adminlsp/appdir/vendor/laravel/framework/src/Illuminate/Pipeline/Pipeline.php(163): Illuminate\\View\\Middleware\\ShareErrorsFromSession->handle(Object(Illuminate\\Http\\Request), Object(Closure))
#38 /home/adminlsp/appdir/vendor/laravel/framework/src/Illuminate/Routing/Pipeline.php(53): Illuminate\\Pipeline\\Pipeline->Illuminate\\Pipeline\\{closure}(Object(Illuminate\\Http\\Request))
#39 /home/adminlsp/appdir/vendor/laravel/framework/src/Illuminate/Session/Middleware/StartSession.php(56): Illuminate\\Routing\\Pipeline->Illuminate\\Routing\\{closure}(Object(Illuminate\\Http\\Request))
#40 /home/adminlsp/appdir/vendor/laravel/framework/src/Illuminate/Pipeline/Pipeline.php(163): Illuminate\\Session\\Middleware\\StartSession->handle(Object(Illuminate\\Http\\Request), Object(Closure))
#41 /home/adminlsp/appdir/vendor/laravel/framework/src/Illuminate/Routing/Pipeline.php(53): Illuminate\\Pipeline\\Pipeline->Illuminate\\Pipeline\\{closure}(Object(Illuminate\\Http\\Request))
#42 /home/adminlsp/appdir/vendor/laravel/framework/src/Illuminate/Cookie/Middleware/AddQueuedCookiesToResponse.php(37): Illuminate\\Routing\\Pipeline->Illuminate\\Routing\\{closure}(Object(Illuminate\\Http\\Request))
#43 /home/adminlsp/appdir/vendor/laravel/framework/src/Illuminate/Pipeline/Pipeline.php(163): Illuminate\\Cookie\\Middleware\\AddQueuedCookiesToResponse->handle(Object(Illuminate\\Http\\Request), Object(Closure))
#44 /home/adminlsp/appdir/vendor/laravel/framework/src/Illuminate/Routing/Pipeline.php(53): Illuminate\\Pipeline\\Pipeline->Illuminate\\Pipeline\\{closure}(Object(Illuminate\\Http\\Request))
#45 /home/adminlsp/appdir/vendor/laravel/framework/src/Illuminate/Cookie/Middleware/EncryptCookies.php(66): Illuminate\\Routing\\Pipeline->Illuminate\\Routing\\{closure}(Object(Illuminate\\Http\\Request))
#46 /home/adminlsp/appdir/vendor/laravel/framework/src/Illuminate/Pipeline/Pipeline.php(163): Illuminate\\Cookie\\Middleware\\EncryptCookies->handle(Object(Illuminate\\Http\\Request), Object(Closure))
#47 /home/adminlsp/appdir/vendor/laravel/framework/src/Illuminate/Routing/Pipeline.php(53): Illuminate\\Pipeline\\Pipeline->Illuminate\\Pipeline\\{closure}(Object(Illuminate\\Http\\Request))
#48 /home/adminlsp/appdir/vendor/laravel/framework/src/Illuminate/Pipeline/Pipeline.php(104): Illuminate\\Routing\\Pipeline->Illuminate\\Routing\\{closure}(Object(Illuminate\\Http\\Request))
#49 /home/adminlsp/appdir/vendor/laravel/framework/src/Illuminate/Routing/Router.php(682): Illuminate\\Pipeline\\Pipeline->then(Object(Closure))
#50 /home/adminlsp/appdir/vendor/laravel/framework/src/Illuminate/Routing/Router.php(657): Illuminate\\Routing\\Router->runRouteWithinStack(Object(Illuminate\\Routing\\Route), Object(Illuminate\\Http\\Request))
#51 /home/adminlsp/appdir/vendor/laravel/framework/src/Illuminate/Routing/Router.php(623): Illuminate\\Routing\\Router->runRoute(Object(Illuminate\\Http\\Request), Object(Illuminate\\Routing\\Route))
#52 /home/adminlsp/appdir/vendor/laravel/framework/src/Illuminate/Routing/Router.php(612): Illuminate\\Routing\\Router->dispatchToRoute(Object(Illuminate\\Http\\Request))
#53 /home/adminlsp/appdir/vendor/laravel/framework/src/Illuminate/Foundation/Http/Kernel.php(176): Illuminate\\Routing\\Router->dispatch(Object(Illuminate\\Http\\Request))
#54 /home/adminlsp/appdir/vendor/laravel/framework/src/Illuminate/Routing/Pipeline.php(30): Illuminate\\Foundation\\Http\\Kernel->Illuminate\\Foundation\\Http\\{closure}(Object(Illuminate\\Http\\Request))
#55 /home/adminlsp/appdir/vendor/fideloper/proxy/src/TrustProxies.php(57): Illuminate\\Routing\\Pipeline->Illuminate\\Routing\\{closure}(Object(Illuminate\\Http\\Request))
#56 /home/adminlsp/appdir/vendor/laravel/framework/src/Illuminate/Pipeline/Pipeline.php(163): Fideloper\\Proxy\\TrustProxies->handle(Object(Illuminate\\Http\\Request), Object(Closure))
#57 /home/adminlsp/appdir/vendor/laravel/framework/src/Illuminate/Routing/Pipeline.php(53): Illuminate\\Pipeline\\Pipeline->Illuminate\\Pipeline\\{closure}(Object(Illuminate\\Http\\Request))
#58 /home/adminlsp/appdir/vendor/laravel/framework/src/Illuminate/Foundation/Http/Middleware/TransformsRequest.php(21): Illuminate\\Routing\\Pipeline->Illuminate\\Routing\\{closure}(Object(Illuminate\\Http\\Request))
#59 /home/adminlsp/appdir/vendor/laravel/framework/src/Illuminate/Pipeline/Pipeline.php(163): Illuminate\\Foundation\\Http\\Middleware\\TransformsRequest->handle(Object(Illuminate\\Http\\Request), Object(Closure))
#60 /home/adminlsp/appdir/vendor/laravel/framework/src/Illuminate/Routing/Pipeline.php(53): Illuminate\\Pipeline\\Pipeline->Illuminate\\Pipeline\\{closure}(Object(Illuminate\\Http\\Request))
#61 /home/adminlsp/appdir/vendor/laravel/framework/src/Illuminate/Foundation/Http/Middleware/TransformsRequest.php(21): Illuminate\\Routing\\Pipeline->Illuminate\\Routing\\{closure}(Object(Illuminate\\Http\\Request))
#62 /home/adminlsp/appdir/vendor/laravel/framework/src/Illuminate/Pipeline/Pipeline.php(163): Illuminate\\Foundation\\Http\\Middleware\\TransformsRequest->handle(Object(Illuminate\\Http\\Request), Object(Closure))
#63 /home/adminlsp/appdir/vendor/laravel/framework/src/Illuminate/Routing/Pipeline.php(53): Illuminate\\Pipeline\\Pipeline->Illuminate\\Pipeline\\{closure}(Object(Illuminate\\Http\\Request))
#64 /home/adminlsp/appdir/vendor/laravel/framework/src/Illuminate/Foundation/Http/Middleware/ValidatePostSize.php(27): Illuminate\\Routing\\Pipeline->Illuminate\\Routing\\{closure}(Object(Illuminate\\Http\\Request))
#65 /home/adminlsp/appdir/vendor/laravel/framework/src/Illuminate/Pipeline/Pipeline.php(163): Illuminate\\Foundation\\Http\\Middleware\\ValidatePostSize->handle(Object(Illuminate\\Http\\Request), Object(Closure))
#66 /home/adminlsp/appdir/vendor/laravel/framework/src/Illuminate/Routing/Pipeline.php(53): Illuminate\\Pipeline\\Pipeline->Illuminate\\Pipeline\\{closure}(Object(Illuminate\\Http\\Request))
#67 /home/adminlsp/appdir/vendor/laravel/framework/src/Illuminate/Foundation/Http/Middleware/CheckForMaintenanceMode.php(62): Illuminate\\Routing\\Pipeline->Illuminate\\Routing\\{closure}(Object(Illuminate\\Http\\Request))
#68 /home/adminlsp/appdir/vendor/laravel/framework/src/Illuminate/Pipeline/Pipeline.php(163): Illuminate\\Foundation\\Http\\Middleware\\CheckForMaintenanceMode->handle(Object(Illuminate\\Http\\Request), Object(Closure))
#69 /home/adminlsp/appdir/vendor/laravel/framework/src/Illuminate/Routing/Pipeline.php(53): Illuminate\\Pipeline\\Pipeline->Illuminate\\Pipeline\\{closure}(Object(Illuminate\\Http\\Request))
#70 /home/adminlsp/appdir/vendor/laravel/framework/src/Illuminate/Pipeline/Pipeline.php(104): Illuminate\\Routing\\Pipeline->Illuminate\\Routing\\{closure}(Object(Illuminate\\Http\\Request))
#71 /home/adminlsp/appdir/vendor/laravel/framework/src/Illuminate/Foundation/Http/Kernel.php(151): Illuminate\\Pipeline\\Pipeline->then(Object(Closure))
#72 /home/adminlsp/appdir/vendor/laravel/framework/src/Illuminate/Foundation/Http/Kernel.php(116): Illuminate\\Foundation\\Http\\Kernel->sendRequestThroughRouter(Object(Illuminate\\Http\\Request))
#73 /home/adminlsp/appdir/public/index.php(55): Illuminate\\Foundation\\Http\\Kernel->handle(Object(Illuminate\\Http\\Request))
#74 /home/adminlsp/appdir/server.php(21): require_once('/home/adminlsp/...')
#75 {main}
"} 
[2021-06-17 04:07:21] local.ERROR: Failed to authenticate on SMTP server with username "lsp@polije.ac.id" using 3 possible authenticators. Authenticator LOGIN returned Expected response code 235 but got code "535", with message "535-5.7.8 Username and Password not accepted. Learn more at
535 5.7.8  https://support.google.com/mail/?p=BadCredentials b10sm3586564pff.14 - gsmtp
". Authenticator PLAIN returned Expected response code 235 but got code "535", with message "535-5.7.8 Username and Password not accepted. Learn more at
535 5.7.8  https://support.google.com/mail/?p=BadCredentials b10sm3586564pff.14 - gsmtp
". Authenticator XOAUTH2 returned Expected response code 250 but got code "535", with message "535-5.7.8 Username and Password not accepted. Learn more at
535 5.7.8  https://support.google.com/mail/?p=BadCredentials b10sm3586564pff.14 - gsmtp
". {"exception":"[object] (Swift_TransportException(code: 0): Failed to authenticate on SMTP server with username \"lsp@polije.ac.id\" using 3 possible authenticators. Authenticator LOGIN returned Expected response code 235 but got code \"535\", with message \"535-5.7.8 Username and Password not accepted. Learn more at
535 5.7.8  https://support.google.com/mail/?p=BadCredentials b10sm3586564pff.14 - gsmtp
\". Authenticator PLAIN returned Expected response code 235 but got code \"535\", with message \"535-5.7.8 Username and Password not accepted. Learn more at
535 5.7.8  https://support.google.com/mail/?p=BadCredentials b10sm3586564pff.14 - gsmtp
\". Authenticator XOAUTH2 returned Expected response code 250 but got code \"535\", with message \"535-5.7.8 Username and Password not accepted. Learn more at
535 5.7.8  https://support.google.com/mail/?p=BadCredentials b10sm3586564pff.14 - gsmtp
\". at /home/adminlsp/appdir/vendor/swiftmailer/swiftmailer/lib/classes/Swift/Transport/Esmtp/AuthHandler.php:191)
[stacktrace]
#0 /home/adminlsp/appdir/vendor/swiftmailer/swiftmailer/lib/classes/Swift/Transport/EsmtpTransport.php(371): Swift_Transport_Esmtp_AuthHandler->afterEhlo(Object(Swift_SmtpTransport))
#1 /home/adminlsp/appdir/vendor/swiftmailer/swiftmailer/lib/classes/Swift/Transport/AbstractSmtpTransport.php(148): Swift_Transport_EsmtpTransport->doHeloCommand()
#2 /home/adminlsp/appdir/vendor/swiftmailer/swiftmailer/lib/classes/Swift/Mailer.php(65): Swift_Transport_AbstractSmtpTransport->start()
#3 /home/adminlsp/appdir/vendor/laravel/framework/src/Illuminate/Mail/Mailer.php(484): Swift_Mailer->send(Object(Swift_Message), Array)
#4 /home/adminlsp/appdir/vendor/laravel/framework/src/Illuminate/Mail/Mailer.php(259): Illuminate\\Mail\\Mailer->sendSwiftMessage(Object(Swift_Message))
#5 /home/adminlsp/appdir/vendor/laravel/framework/src/Illuminate/Mail/Mailable.php(159): Illuminate\\Mail\\Mailer->send('auth.mail', Array, Object(Closure))
#6 /home/adminlsp/appdir/vendor/laravel/framework/src/Illuminate/Support/Traits/Localizable.php(19): Illuminate\\Mail\\Mailable->Illuminate\\Mail\\{closure}()
#7 /home/adminlsp/appdir/vendor/laravel/framework/src/Illuminate/Mail/Mailable.php(160): Illuminate\\Mail\\Mailable->withLocale(NULL, Object(Closure))
#8 /home/adminlsp/appdir/vendor/laravel/framework/src/Illuminate/Mail/Mailer.php(275): Illuminate\\Mail\\Mailable->send(Object(Illuminate\\Mail\\Mailer))
#9 /home/adminlsp/appdir/vendor/laravel/framework/src/Illuminate/Mail/Mailer.php(229): Illuminate\\Mail\\Mailer->sendMailable(Object(App\\Mail\\RegisterMail))
#10 /home/adminlsp/appdir/vendor/laravel/framework/src/Illuminate/Mail/PendingMail.php(127): Illuminate\\Mail\\Mailer->send(Object(App\\Mail\\RegisterMail))
#11 /home/adminlsp/appdir/app/Listeners/RegisteredListener.php(30): Illuminate\\Mail\\PendingMail->send(Object(App\\Mail\\RegisterMail))
#12 [internal function]: App\\Listeners\\RegisteredListener->handle(Object(Illuminate\\Auth\\Events\\Registered))
#13 /home/adminlsp/appdir/vendor/laravel/framework/src/Illuminate/Events/Dispatcher.php(366): call_user_func_array(Array, Array)
#14 /home/adminlsp/appdir/vendor/laravel/framework/src/Illuminate/Events/Dispatcher.php(196): Illuminate\\Events\\Dispatcher->Illuminate\\Events\\{closure}('Illuminate\\\\Auth...', Array)
#15 /home/adminlsp/appdir/vendor/laravel/framework/src/Illuminate/Foundation/helpers.php(482): Illuminate\\Events\\Dispatcher->dispatch('Illuminate\\\\Auth...')
#16 /home/adminlsp/appdir/vendor/laravel/framework/src/Illuminate/Foundation/Auth/RegistersUsers.php(34): event(Object(Illuminate\\Auth\\Events\\Registered))
#17 [internal function]: App\\Http\\Controllers\\Auth\\RegisterController->register(Object(Illuminate\\Http\\Request))
#18 /home/adminlsp/appdir/vendor/laravel/framework/src/Illuminate/Routing/Controller.php(54): call_user_func_array(Array, Array)
#19 /home/adminlsp/appdir/vendor/laravel/framework/src/Illuminate/Routing/ControllerDispatcher.php(45): Illuminate\\Routing\\Controller->callAction('register', Array)
#20 /home/adminlsp/appdir/vendor/laravel/framework/src/Illuminate/Routing/Route.php(219): Illuminate\\Routing\\ControllerDispatcher->dispatch(Object(Illuminate\\Routing\\Route), Object(App\\Http\\Controllers\\Auth\\RegisterController), 'register')
#21 /home/adminlsp/appdir/vendor/laravel/framework/src/Illuminate/Routing/Route.php(176): Illuminate\\Routing\\Route->runController()
#22 /home/adminlsp/appdir/vendor/laravel/framework/src/Illuminate/Routing/Router.php(680): Illuminate\\Routing\\Route->run()
#23 /home/adminlsp/appdir/vendor/laravel/framework/src/Illuminate/Routing/Pipeline.php(30): Illuminate\\Routing\\Router->Illuminate\\Routing\\{closure}(Object(Illuminate\\Http\\Request))
#24 /home/adminlsp/appdir/app/Http/Middleware/RedirectIfAuthenticated.php(24): Illuminate\\Routing\\Pipeline->Illuminate\\Routing\\{closure}(Object(Illuminate\\Http\\Request))
#25 /home/adminlsp/appdir/vendor/laravel/framework/src/Illuminate/Pipeline/Pipeline.php(163): App\\Http\\Middleware\\RedirectIfAuthenticated->handle(Object(Illuminate\\Http\\Request), Object(Closure))
#26 /home/adminlsp/appdir/vendor/laravel/framework/src/Illuminate/Routing/Pipeline.php(53): Illuminate\\Pipeline\\Pipeline->Illuminate\\Pipeline\\{closure}(Object(Illuminate\\Http\\Request))
#27 /home/adminlsp/appdir/vendor/laravel/framework/src/Illuminate/Routing/Middleware/SubstituteBindings.php(41): Illuminate\\Routing\\Pipeline->Illuminate\\Routing\\{closure}(Object(Illuminate\\Http\\Request))
#28 /home/adminlsp/appdir/vendor/laravel/framework/src/Illuminate/Pipeline/Pipeline.php(163): Illuminate\\Routing\\Middleware\\SubstituteBindings->handle(Object(Illuminate\\Http\\Request), Object(Closure))
#29 /home/adminlsp/appdir/vendor/laravel/framework/src/Illuminate/Routing/Pipeline.php(53): Illuminate\\Pipeline\\Pipeline->Illuminate\\Pipeline\\{closure}(Object(Illuminate\\Http\\Request))
#30 /home/adminlsp/appdir/vendor/laravel/framework/src/Illuminate/Foundation/Http/Middleware/VerifyCsrfToken.php(75): Illuminate\\Routing\\Pipeline->Illuminate\\Routing\\{closure}(Object(Illuminate\\Http\\Request))
#31 /home/adminlsp/appdir/vendor/laravel/framework/src/Illuminate/Pipeline/Pipeline.php(163): Illuminate\\Foundation\\Http\\Middleware\\VerifyCsrfToken->handle(Object(Illuminate\\Http\\Request), Object(Closure))
#32 /home/adminlsp/appdir/vendor/laravel/framework/src/Illuminate/Routing/Pipeline.php(53): Illuminate\\Pipeline\\Pipeline->Illuminate\\Pipeline\\{closure}(Object(Illuminate\\Http\\Request))
#33 /home/adminlsp/appdir/vendor/laravel/framework/src/Illuminate/Session/Middleware/AuthenticateSession.php(39): Illuminate\\Routing\\Pipeline->Illuminate\\Routing\\{closure}(Object(Illuminate\\Http\\Request))
#34 /home/adminlsp/appdir/vendor/laravel/framework/src/Illuminate/Pipeline/Pipeline.php(163): Illuminate\\Session\\Middleware\\AuthenticateSession->handle(Object(Illuminate\\Http\\Request), Object(Closure))
#35 /home/adminlsp/appdir/vendor/laravel/framework/src/Illuminate/Routing/Pipeline.php(53): Illuminate\\Pipeline\\Pipeline->Illuminate\\Pipeline\\{closure}(Object(Illuminate\\Http\\Request))
#36 /home/adminlsp/appdir/vendor/laravel/framework/src/Illuminate/View/Middleware/ShareErrorsFromSession.php(49): Illuminate\\Routing\\Pipeline->Illuminate\\Routing\\{closure}(Object(Illuminate\\Http\\Request))
#37 /home/adminlsp/appdir/vendor/laravel/framework/src/Illuminate/Pipeline/Pipeline.php(163): Illuminate\\View\\Middleware\\ShareErrorsFromSession->handle(Object(Illuminate\\Http\\Request), Object(Closure))
#38 /home/adminlsp/appdir/vendor/laravel/framework/src/Illuminate/Routing/Pipeline.php(53): Illuminate\\Pipeline\\Pipeline->Illuminate\\Pipeline\\{closure}(Object(Illuminate\\Http\\Request))
#39 /home/adminlsp/appdir/vendor/laravel/framework/src/Illuminate/Session/Middleware/StartSession.php(56): Illuminate\\Routing\\Pipeline->Illuminate\\Routing\\{closure}(Object(Illuminate\\Http\\Request))
#40 /home/adminlsp/appdir/vendor/laravel/framework/src/Illuminate/Pipeline/Pipeline.php(163): Illuminate\\Session\\Middleware\\StartSession->handle(Object(Illuminate\\Http\\Request), Object(Closure))
#41 /home/adminlsp/appdir/vendor/laravel/framework/src/Illuminate/Routing/Pipeline.php(53): Illuminate\\Pipeline\\Pipeline->Illuminate\\Pipeline\\{closure}(Object(Illuminate\\Http\\Request))
#42 /home/adminlsp/appdir/vendor/laravel/framework/src/Illuminate/Cookie/Middleware/AddQueuedCookiesToResponse.php(37): Illuminate\\Routing\\Pipeline->Illuminate\\Routing\\{closure}(Object(Illuminate\\Http\\Request))
#43 /home/adminlsp/appdir/vendor/laravel/framework/src/Illuminate/Pipeline/Pipeline.php(163): Illuminate\\Cookie\\Middleware\\AddQueuedCookiesToResponse->handle(Object(Illuminate\\Http\\Request), Object(Closure))
#44 /home/adminlsp/appdir/vendor/laravel/framework/src/Illuminate/Routing/Pipeline.php(53): Illuminate\\Pipeline\\Pipeline->Illuminate\\Pipeline\\{closure}(Object(Illuminate\\Http\\Request))
#45 /home/adminlsp/appdir/vendor/laravel/framework/src/Illuminate/Cookie/Middleware/EncryptCookies.php(66): Illuminate\\Routing\\Pipeline->Illuminate\\Routing\\{closure}(Object(Illuminate\\Http\\Request))
#46 /home/adminlsp/appdir/vendor/laravel/framework/src/Illuminate/Pipeline/Pipeline.php(163): Illuminate\\Cookie\\Middleware\\EncryptCookies->handle(Object(Illuminate\\Http\\Request), Object(Closure))
#47 /home/adminlsp/appdir/vendor/laravel/framework/src/Illuminate/Routing/Pipeline.php(53): Illuminate\\Pipeline\\Pipeline->Illuminate\\Pipeline\\{closure}(Object(Illuminate\\Http\\Request))
#48 /home/adminlsp/appdir/vendor/laravel/framework/src/Illuminate/Pipeline/Pipeline.php(104): Illuminate\\Routing\\Pipeline->Illuminate\\Routing\\{closure}(Object(Illuminate\\Http\\Request))
#49 /home/adminlsp/appdir/vendor/laravel/framework/src/Illuminate/Routing/Router.php(682): Illuminate\\Pipeline\\Pipeline->then(Object(Closure))
#50 /home/adminlsp/appdir/vendor/laravel/framework/src/Illuminate/Routing/Router.php(657): Illuminate\\Routing\\Router->runRouteWithinStack(Object(Illuminate\\Routing\\Route), Object(Illuminate\\Http\\Request))
#51 /home/adminlsp/appdir/vendor/laravel/framework/src/Illuminate/Routing/Router.php(623): Illuminate\\Routing\\Router->runRoute(Object(Illuminate\\Http\\Request), Object(Illuminate\\Routing\\Route))
#52 /home/adminlsp/appdir/vendor/laravel/framework/src/Illuminate/Routing/Router.php(612): Illuminate\\Routing\\Router->dispatchToRoute(Object(Illuminate\\Http\\Request))
#53 /home/adminlsp/appdir/vendor/laravel/framework/src/Illuminate/Foundation/Http/Kernel.php(176): Illuminate\\Routing\\Router->dispatch(Object(Illuminate\\Http\\Request))
#54 /home/adminlsp/appdir/vendor/laravel/framework/src/Illuminate/Routing/Pipeline.php(30): Illuminate\\Foundation\\Http\\Kernel->Illuminate\\Foundation\\Http\\{closure}(Object(Illuminate\\Http\\Request))
#55 /home/adminlsp/appdir/vendor/fideloper/proxy/src/TrustProxies.php(57): Illuminate\\Routing\\Pipeline->Illuminate\\Routing\\{closure}(Object(Illuminate\\Http\\Request))
#56 /home/adminlsp/appdir/vendor/laravel/framework/src/Illuminate/Pipeline/Pipeline.php(163): Fideloper\\Proxy\\TrustProxies->handle(Object(Illuminate\\Http\\Request), Object(Closure))
#57 /home/adminlsp/appdir/vendor/laravel/framework/src/Illuminate/Routing/Pipeline.php(53): Illuminate\\Pipeline\\Pipeline->Illuminate\\Pipeline\\{closure}(Object(Illuminate\\Http\\Request))
#58 /home/adminlsp/appdir/vendor/laravel/framework/src/Illuminate/Foundation/Http/Middleware/TransformsRequest.php(21): Illuminate\\Routing\\Pipeline->Illuminate\\Routing\\{closure}(Object(Illuminate\\Http\\Request))
#59 /home/adminlsp/appdir/vendor/laravel/framework/src/Illuminate/Pipeline/Pipeline.php(163): Illuminate\\Foundation\\Http\\Middleware\\TransformsRequest->handle(Object(Illuminate\\Http\\Request), Object(Closure))
#60 /home/adminlsp/appdir/vendor/laravel/framework/src/Illuminate/Routing/Pipeline.php(53): Illuminate\\Pipeline\\Pipeline->Illuminate\\Pipeline\\{closure}(Object(Illuminate\\Http\\Request))
#61 /home/adminlsp/appdir/vendor/laravel/framework/src/Illuminate/Foundation/Http/Middleware/TransformsRequest.php(21): Illuminate\\Routing\\Pipeline->Illuminate\\Routing\\{closure}(Object(Illuminate\\Http\\Request))
#62 /home/adminlsp/appdir/vendor/laravel/framework/src/Illuminate/Pipeline/Pipeline.php(163): Illuminate\\Foundation\\Http\\Middleware\\TransformsRequest->handle(Object(Illuminate\\Http\\Request), Object(Closure))
#63 /home/adminlsp/appdir/vendor/laravel/framework/src/Illuminate/Routing/Pipeline.php(53): Illuminate\\Pipeline\\Pipeline->Illuminate\\Pipeline\\{closure}(Object(Illuminate\\Http\\Request))
#64 /home/adminlsp/appdir/vendor/laravel/framework/src/Illuminate/Foundation/Http/Middleware/ValidatePostSize.php(27): Illuminate\\Routing\\Pipeline->Illuminate\\Routing\\{closure}(Object(Illuminate\\Http\\Request))
#65 /home/adminlsp/appdir/vendor/laravel/framework/src/Illuminate/Pipeline/Pipeline.php(163): Illuminate\\Foundation\\Http\\Middleware\\ValidatePostSize->handle(Object(Illuminate\\Http\\Request), Object(Closure))
#66 /home/adminlsp/appdir/vendor/laravel/framework/src/Illuminate/Routing/Pipeline.php(53): Illuminate\\Pipeline\\Pipeline->Illuminate\\Pipeline\\{closure}(Object(Illuminate\\Http\\Request))
#67 /home/adminlsp/appdir/vendor/laravel/framework/src/Illuminate/Foundation/Http/Middleware/CheckForMaintenanceMode.php(62): Illuminate\\Routing\\Pipeline->Illuminate\\Routing\\{closure}(Object(Illuminate\\Http\\Request))
#68 /home/adminlsp/appdir/vendor/laravel/framework/src/Illuminate/Pipeline/Pipeline.php(163): Illuminate\\Foundation\\Http\\Middleware\\CheckForMaintenanceMode->handle(Object(Illuminate\\Http\\Request), Object(Closure))
#69 /home/adminlsp/appdir/vendor/laravel/framework/src/Illuminate/Routing/Pipeline.php(53): Illuminate\\Pipeline\\Pipeline->Illuminate\\Pipeline\\{closure}(Object(Illuminate\\Http\\Request))
#70 /home/adminlsp/appdir/vendor/laravel/framework/src/Illuminate/Pipeline/Pipeline.php(104): Illuminate\\Routing\\Pipeline->Illuminate\\Routing\\{closure}(Object(Illuminate\\Http\\Request))
#71 /home/adminlsp/appdir/vendor/laravel/framework/src/Illuminate/Foundation/Http/Kernel.php(151): Illuminate\\Pipeline\\Pipeline->then(Object(Closure))
#72 /home/adminlsp/appdir/vendor/laravel/framework/src/Illuminate/Foundation/Http/Kernel.php(116): Illuminate\\Foundation\\Http\\Kernel->sendRequestThroughRouter(Object(Illuminate\\Http\\Request))
#73 /home/adminlsp/appdir/public/index.php(55): Illuminate\\Foundation\\Http\\Kernel->handle(Object(Illuminate\\Http\\Request))
#74 /home/adminlsp/appdir/server.php(21): require_once('/home/adminlsp/...')
#75 {main}
"} 
[2021-06-17 04:09:01] local.ERROR: Failed to authenticate on SMTP server with username "lsp@polije.ac.id" using 3 possible authenticators. Authenticator LOGIN returned Expected response code 235 but got code "535", with message "535-5.7.8 Username and Password not accepted. Learn more at
535 5.7.8  https://support.google.com/mail/?p=BadCredentials q24sm3827866pgk.32 - gsmtp
". Authenticator PLAIN returned Expected response code 235 but got code "535", with message "535-5.7.8 Username and Password not accepted. Learn more at
535 5.7.8  https://support.google.com/mail/?p=BadCredentials q24sm3827866pgk.32 - gsmtp
". Authenticator XOAUTH2 returned Expected response code 250 but got code "535", with message "535-5.7.8 Username and Password not accepted. Learn more at
535 5.7.8  https://support.google.com/mail/?p=BadCredentials q24sm3827866pgk.32 - gsmtp
". {"exception":"[object] (Swift_TransportException(code: 0): Failed to authenticate on SMTP server with username \"lsp@polije.ac.id\" using 3 possible authenticators. Authenticator LOGIN returned Expected response code 235 but got code \"535\", with message \"535-5.7.8 Username and Password not accepted. Learn more at
535 5.7.8  https://support.google.com/mail/?p=BadCredentials q24sm3827866pgk.32 - gsmtp
\". Authenticator PLAIN returned Expected response code 235 but got code \"535\", with message \"535-5.7.8 Username and Password not accepted. Learn more at
535 5.7.8  https://support.google.com/mail/?p=BadCredentials q24sm3827866pgk.32 - gsmtp
\". Authenticator XOAUTH2 returned Expected response code 250 but got code \"535\", with message \"535-5.7.8 Username and Password not accepted. Learn more at
535 5.7.8  https://support.google.com/mail/?p=BadCredentials q24sm3827866pgk.32 - gsmtp
\". at /home/adminlsp/appdir/vendor/swiftmailer/swiftmailer/lib/classes/Swift/Transport/Esmtp/AuthHandler.php:191)
[stacktrace]
#0 /home/adminlsp/appdir/vendor/swiftmailer/swiftmailer/lib/classes/Swift/Transport/EsmtpTransport.php(371): Swift_Transport_Esmtp_AuthHandler->afterEhlo(Object(Swift_SmtpTransport))
#1 /home/adminlsp/appdir/vendor/swiftmailer/swiftmailer/lib/classes/Swift/Transport/AbstractSmtpTransport.php(148): Swift_Transport_EsmtpTransport->doHeloCommand()
#2 /home/adminlsp/appdir/vendor/swiftmailer/swiftmailer/lib/classes/Swift/Mailer.php(65): Swift_Transport_AbstractSmtpTransport->start()
#3 /home/adminlsp/appdir/vendor/laravel/framework/src/Illuminate/Mail/Mailer.php(484): Swift_Mailer->send(Object(Swift_Message), Array)
#4 /home/adminlsp/appdir/vendor/laravel/framework/src/Illuminate/Mail/Mailer.php(259): Illuminate\\Mail\\Mailer->sendSwiftMessage(Object(Swift_Message))
#5 /home/adminlsp/appdir/vendor/laravel/framework/src/Illuminate/Mail/Mailable.php(159): Illuminate\\Mail\\Mailer->send('auth.mail', Array, Object(Closure))
#6 /home/adminlsp/appdir/vendor/laravel/framework/src/Illuminate/Support/Traits/Localizable.php(19): Illuminate\\Mail\\Mailable->Illuminate\\Mail\\{closure}()
#7 /home/adminlsp/appdir/vendor/laravel/framework/src/Illuminate/Mail/Mailable.php(160): Illuminate\\Mail\\Mailable->withLocale(NULL, Object(Closure))
#8 /home/adminlsp/appdir/vendor/laravel/framework/src/Illuminate/Mail/Mailer.php(275): Illuminate\\Mail\\Mailable->send(Object(Illuminate\\Mail\\Mailer))
#9 /home/adminlsp/appdir/vendor/laravel/framework/src/Illuminate/Mail/Mailer.php(229): Illuminate\\Mail\\Mailer->sendMailable(Object(App\\Mail\\RegisterMail))
#10 /home/adminlsp/appdir/vendor/laravel/framework/src/Illuminate/Mail/PendingMail.php(127): Illuminate\\Mail\\Mailer->send(Object(App\\Mail\\RegisterMail))
#11 /home/adminlsp/appdir/app/Listeners/RegisteredListener.php(30): Illuminate\\Mail\\PendingMail->send(Object(App\\Mail\\RegisterMail))
#12 [internal function]: App\\Listeners\\RegisteredListener->handle(Object(Illuminate\\Auth\\Events\\Registered))
#13 /home/adminlsp/appdir/vendor/laravel/framework/src/Illuminate/Events/Dispatcher.php(366): call_user_func_array(Array, Array)
#14 /home/adminlsp/appdir/vendor/laravel/framework/src/Illuminate/Events/Dispatcher.php(196): Illuminate\\Events\\Dispatcher->Illuminate\\Events\\{closure}('Illuminate\\\\Auth...', Array)
#15 /home/adminlsp/appdir/vendor/laravel/framework/src/Illuminate/Foundation/helpers.php(482): Illuminate\\Events\\Dispatcher->dispatch('Illuminate\\\\Auth...')
#16 /home/adminlsp/appdir/vendor/laravel/framework/src/Illuminate/Foundation/Auth/RegistersUsers.php(34): event(Object(Illuminate\\Auth\\Events\\Registered))
#17 [internal function]: App\\Http\\Controllers\\Auth\\RegisterController->register(Object(Illuminate\\Http\\Request))
#18 /home/adminlsp/appdir/vendor/laravel/framework/src/Illuminate/Routing/Controller.php(54): call_user_func_array(Array, Array)
#19 /home/adminlsp/appdir/vendor/laravel/framework/src/Illuminate/Routing/ControllerDispatcher.php(45): Illuminate\\Routing\\Controller->callAction('register', Array)
#20 /home/adminlsp/appdir/vendor/laravel/framework/src/Illuminate/Routing/Route.php(219): Illuminate\\Routing\\ControllerDispatcher->dispatch(Object(Illuminate\\Routing\\Route), Object(App\\Http\\Controllers\\Auth\\RegisterController), 'register')
#21 /home/adminlsp/appdir/vendor/laravel/framework/src/Illuminate/Routing/Route.php(176): Illuminate\\Routing\\Route->runController()
#22 /home/adminlsp/appdir/vendor/laravel/framework/src/Illuminate/Routing/Router.php(680): Illuminate\\Routing\\Route->run()
#23 /home/adminlsp/appdir/vendor/laravel/framework/src/Illuminate/Routing/Pipeline.php(30): Illuminate\\Routing\\Router->Illuminate\\Routing\\{closure}(Object(Illuminate\\Http\\Request))
#24 /home/adminlsp/appdir/app/Http/Middleware/RedirectIfAuthenticated.php(24): Illuminate\\Routing\\Pipeline->Illuminate\\Routing\\{closure}(Object(Illuminate\\Http\\Request))
#25 /home/adminlsp/appdir/vendor/laravel/framework/src/Illuminate/Pipeline/Pipeline.php(163): App\\Http\\Middleware\\RedirectIfAuthenticated->handle(Object(Illuminate\\Http\\Request), Object(Closure))
#26 /home/adminlsp/appdir/vendor/laravel/framework/src/Illuminate/Routing/Pipeline.php(53): Illuminate\\Pipeline\\Pipeline->Illuminate\\Pipeline\\{closure}(Object(Illuminate\\Http\\Request))
#27 /home/adminlsp/appdir/vendor/laravel/framework/src/Illuminate/Routing/Middleware/SubstituteBindings.php(41): Illuminate\\Routing\\Pipeline->Illuminate\\Routing\\{closure}(Object(Illuminate\\Http\\Request))
#28 /home/adminlsp/appdir/vendor/laravel/framework/src/Illuminate/Pipeline/Pipeline.php(163): Illuminate\\Routing\\Middleware\\SubstituteBindings->handle(Object(Illuminate\\Http\\Request), Object(Closure))
#29 /home/adminlsp/appdir/vendor/laravel/framework/src/Illuminate/Routing/Pipeline.php(53): Illuminate\\Pipeline\\Pipeline->Illuminate\\Pipeline\\{closure}(Object(Illuminate\\Http\\Request))
#30 /home/adminlsp/appdir/vendor/laravel/framework/src/Illuminate/Foundation/Http/Middleware/VerifyCsrfToken.php(75): Illuminate\\Routing\\Pipeline->Illuminate\\Routing\\{closure}(Object(Illuminate\\Http\\Request))
#31 /home/adminlsp/appdir/vendor/laravel/framework/src/Illuminate/Pipeline/Pipeline.php(163): Illuminate\\Foundation\\Http\\Middleware\\VerifyCsrfToken->handle(Object(Illuminate\\Http\\Request), Object(Closure))
#32 /home/adminlsp/appdir/vendor/laravel/framework/src/Illuminate/Routing/Pipeline.php(53): Illuminate\\Pipeline\\Pipeline->Illuminate\\Pipeline\\{closure}(Object(Illuminate\\Http\\Request))
#33 /home/adminlsp/appdir/vendor/laravel/framework/src/Illuminate/Session/Middleware/AuthenticateSession.php(39): Illuminate\\Routing\\Pipeline->Illuminate\\Routing\\{closure}(Object(Illuminate\\Http\\Request))
#34 /home/adminlsp/appdir/vendor/laravel/framework/src/Illuminate/Pipeline/Pipeline.php(163): Illuminate\\Session\\Middleware\\AuthenticateSession->handle(Object(Illuminate\\Http\\Request), Object(Closure))
#35 /home/adminlsp/appdir/vendor/laravel/framework/src/Illuminate/Routing/Pipeline.php(53): Illuminate\\Pipeline\\Pipeline->Illuminate\\Pipeline\\{closure}(Object(Illuminate\\Http\\Request))
#36 /home/adminlsp/appdir/vendor/laravel/framework/src/Illuminate/View/Middleware/ShareErrorsFromSession.php(49): Illuminate\\Routing\\Pipeline->Illuminate\\Routing\\{closure}(Object(Illuminate\\Http\\Request))
#37 /home/adminlsp/appdir/vendor/laravel/framework/src/Illuminate/Pipeline/Pipeline.php(163): Illuminate\\View\\Middleware\\ShareErrorsFromSession->handle(Object(Illuminate\\Http\\Request), Object(Closure))
#38 /home/adminlsp/appdir/vendor/laravel/framework/src/Illuminate/Routing/Pipeline.php(53): Illuminate\\Pipeline\\Pipeline->Illuminate\\Pipeline\\{closure}(Object(Illuminate\\Http\\Request))
#39 /home/adminlsp/appdir/vendor/laravel/framework/src/Illuminate/Session/Middleware/StartSession.php(56): Illuminate\\Routing\\Pipeline->Illuminate\\Routing\\{closure}(Object(Illuminate\\Http\\Request))
#40 /home/adminlsp/appdir/vendor/laravel/framework/src/Illuminate/Pipeline/Pipeline.php(163): Illuminate\\Session\\Middleware\\StartSession->handle(Object(Illuminate\\Http\\Request), Object(Closure))
#41 /home/adminlsp/appdir/vendor/laravel/framework/src/Illuminate/Routing/Pipeline.php(53): Illuminate\\Pipeline\\Pipeline->Illuminate\\Pipeline\\{closure}(Object(Illuminate\\Http\\Request))
#42 /home/adminlsp/appdir/vendor/laravel/framework/src/Illuminate/Cookie/Middleware/AddQueuedCookiesToResponse.php(37): Illuminate\\Routing\\Pipeline->Illuminate\\Routing\\{closure}(Object(Illuminate\\Http\\Request))
#43 /home/adminlsp/appdir/vendor/laravel/framework/src/Illuminate/Pipeline/Pipeline.php(163): Illuminate\\Cookie\\Middleware\\AddQueuedCookiesToResponse->handle(Object(Illuminate\\Http\\Request), Object(Closure))
#44 /home/adminlsp/appdir/vendor/laravel/framework/src/Illuminate/Routing/Pipeline.php(53): Illuminate\\Pipeline\\Pipeline->Illuminate\\Pipeline\\{closure}(Object(Illuminate\\Http\\Request))
#45 /home/adminlsp/appdir/vendor/laravel/framework/src/Illuminate/Cookie/Middleware/EncryptCookies.php(66): Illuminate\\Routing\\Pipeline->Illuminate\\Routing\\{closure}(Object(Illuminate\\Http\\Request))
#46 /home/adminlsp/appdir/vendor/laravel/framework/src/Illuminate/Pipeline/Pipeline.php(163): Illuminate\\Cookie\\Middleware\\EncryptCookies->handle(Object(Illuminate\\Http\\Request), Object(Closure))
#47 /home/adminlsp/appdir/vendor/laravel/framework/src/Illuminate/Routing/Pipeline.php(53): Illuminate\\Pipeline\\Pipeline->Illuminate\\Pipeline\\{closure}(Object(Illuminate\\Http\\Request))
#48 /home/adminlsp/appdir/vendor/laravel/framework/src/Illuminate/Pipeline/Pipeline.php(104): Illuminate\\Routing\\Pipeline->Illuminate\\Routing\\{closure}(Object(Illuminate\\Http\\Request))
#49 /home/adminlsp/appdir/vendor/laravel/framework/src/Illuminate/Routing/Router.php(682): Illuminate\\Pipeline\\Pipeline->then(Object(Closure))
#50 /home/adminlsp/appdir/vendor/laravel/framework/src/Illuminate/Routing/Router.php(657): Illuminate\\Routing\\Router->runRouteWithinStack(Object(Illuminate\\Routing\\Route), Object(Illuminate\\Http\\Request))
#51 /home/adminlsp/appdir/vendor/laravel/framework/src/Illuminate/Routing/Router.php(623): Illuminate\\Routing\\Router->runRoute(Object(Illuminate\\Http\\Request), Object(Illuminate\\Routing\\Route))
#52 /home/adminlsp/appdir/vendor/laravel/framework/src/Illuminate/Routing/Router.php(612): Illuminate\\Routing\\Router->dispatchToRoute(Object(Illuminate\\Http\\Request))
#53 /home/adminlsp/appdir/vendor/laravel/framework/src/Illuminate/Foundation/Http/Kernel.php(176): Illuminate\\Routing\\Router->dispatch(Object(Illuminate\\Http\\Request))
#54 /home/adminlsp/appdir/vendor/laravel/framework/src/Illuminate/Routing/Pipeline.php(30): Illuminate\\Foundation\\Http\\Kernel->Illuminate\\Foundation\\Http\\{closure}(Object(Illuminate\\Http\\Request))
#55 /home/adminlsp/appdir/vendor/fideloper/proxy/src/TrustProxies.php(57): Illuminate\\Routing\\Pipeline->Illuminate\\Routing\\{closure}(Object(Illuminate\\Http\\Request))
#56 /home/adminlsp/appdir/vendor/laravel/framework/src/Illuminate/Pipeline/Pipeline.php(163): Fideloper\\Proxy\\TrustProxies->handle(Object(Illuminate\\Http\\Request), Object(Closure))
#57 /home/adminlsp/appdir/vendor/laravel/framework/src/Illuminate/Routing/Pipeline.php(53): Illuminate\\Pipeline\\Pipeline->Illuminate\\Pipeline\\{closure}(Object(Illuminate\\Http\\Request))
#58 /home/adminlsp/appdir/vendor/laravel/framework/src/Illuminate/Foundation/Http/Middleware/TransformsRequest.php(21): Illuminate\\Routing\\Pipeline->Illuminate\\Routing\\{closure}(Object(Illuminate\\Http\\Request))
#59 /home/adminlsp/appdir/vendor/laravel/framework/src/Illuminate/Pipeline/Pipeline.php(163): Illuminate\\Foundation\\Http\\Middleware\\TransformsRequest->handle(Object(Illuminate\\Http\\Request), Object(Closure))
#60 /home/adminlsp/appdir/vendor/laravel/framework/src/Illuminate/Routing/Pipeline.php(53): Illuminate\\Pipeline\\Pipeline->Illuminate\\Pipeline\\{closure}(Object(Illuminate\\Http\\Request))
#61 /home/adminlsp/appdir/vendor/laravel/framework/src/Illuminate/Foundation/Http/Middleware/TransformsRequest.php(21): Illuminate\\Routing\\Pipeline->Illuminate\\Routing\\{closure}(Object(Illuminate\\Http\\Request))
#62 /home/adminlsp/appdir/vendor/laravel/framework/src/Illuminate/Pipeline/Pipeline.php(163): Illuminate\\Foundation\\Http\\Middleware\\TransformsRequest->handle(Object(Illuminate\\Http\\Request), Object(Closure))
#63 /home/adminlsp/appdir/vendor/laravel/framework/src/Illuminate/Routing/Pipeline.php(53): Illuminate\\Pipeline\\Pipeline->Illuminate\\Pipeline\\{closure}(Object(Illuminate\\Http\\Request))
#64 /home/adminlsp/appdir/vendor/laravel/framework/src/Illuminate/Foundation/Http/Middleware/ValidatePostSize.php(27): Illuminate\\Routing\\Pipeline->Illuminate\\Routing\\{closure}(Object(Illuminate\\Http\\Request))
#65 /home/adminlsp/appdir/vendor/laravel/framework/src/Illuminate/Pipeline/Pipeline.php(163): Illuminate\\Foundation\\Http\\Middleware\\ValidatePostSize->handle(Object(Illuminate\\Http\\Request), Object(Closure))
#66 /home/adminlsp/appdir/vendor/laravel/framework/src/Illuminate/Routing/Pipeline.php(53): Illuminate\\Pipeline\\Pipeline->Illuminate\\Pipeline\\{closure}(Object(Illuminate\\Http\\Request))
#67 /home/adminlsp/appdir/vendor/laravel/framework/src/Illuminate/Foundation/Http/Middleware/CheckForMaintenanceMode.php(62): Illuminate\\Routing\\Pipeline->Illuminate\\Routing\\{closure}(Object(Illuminate\\Http\\Request))
#68 /home/adminlsp/appdir/vendor/laravel/framework/src/Illuminate/Pipeline/Pipeline.php(163): Illuminate\\Foundation\\Http\\Middleware\\CheckForMaintenanceMode->handle(Object(Illuminate\\Http\\Request), Object(Closure))
#69 /home/adminlsp/appdir/vendor/laravel/framework/src/Illuminate/Routing/Pipeline.php(53): Illuminate\\Pipeline\\Pipeline->Illuminate\\Pipeline\\{closure}(Object(Illuminate\\Http\\Request))
#70 /home/adminlsp/appdir/vendor/laravel/framework/src/Illuminate/Pipeline/Pipeline.php(104): Illuminate\\Routing\\Pipeline->Illuminate\\Routing\\{closure}(Object(Illuminate\\Http\\Request))
#71 /home/adminlsp/appdir/vendor/laravel/framework/src/Illuminate/Foundation/Http/Kernel.php(151): Illuminate\\Pipeline\\Pipeline->then(Object(Closure))
#72 /home/adminlsp/appdir/vendor/laravel/framework/src/Illuminate/Foundation/Http/Kernel.php(116): Illuminate\\Foundation\\Http\\Kernel->sendRequestThroughRouter(Object(Illuminate\\Http\\Request))
#73 /home/adminlsp/appdir/public/index.php(55): Illuminate\\Foundation\\Http\\Kernel->handle(Object(Illuminate\\Http\\Request))
#74 /home/adminlsp/appdir/server.php(21): require_once('/home/adminlsp/...')
#75 {main}
"} 
[2021-06-17 04:10:51] local.ERROR: Failed to authenticate on SMTP server with username "lsp@polije.ac.id" using 3 possible authenticators. Authenticator LOGIN returned Expected response code 235 but got code "535", with message "535-5.7.8 Username and Password not accepted. Learn more at
535 5.7.8  https://support.google.com/mail/?p=BadCredentials z9sm3560639pfa.2 - gsmtp
". Authenticator PLAIN returned Expected response code 235 but got code "535", with message "535-5.7.8 Username and Password not accepted. Learn more at
535 5.7.8  https://support.google.com/mail/?p=BadCredentials z9sm3560639pfa.2 - gsmtp
". Authenticator XOAUTH2 returned Expected response code 250 but got code "535", with message "535-5.7.8 Username and Password not accepted. Learn more at
535 5.7.8  https://support.google.com/mail/?p=BadCredentials z9sm3560639pfa.2 - gsmtp
". {"exception":"[object] (Swift_TransportException(code: 0): Failed to authenticate on SMTP server with username \"lsp@polije.ac.id\" using 3 possible authenticators. Authenticator LOGIN returned Expected response code 235 but got code \"535\", with message \"535-5.7.8 Username and Password not accepted. Learn more at
535 5.7.8  https://support.google.com/mail/?p=BadCredentials z9sm3560639pfa.2 - gsmtp
\". Authenticator PLAIN returned Expected response code 235 but got code \"535\", with message \"535-5.7.8 Username and Password not accepted. Learn more at
535 5.7.8  https://support.google.com/mail/?p=BadCredentials z9sm3560639pfa.2 - gsmtp
\". Authenticator XOAUTH2 returned Expected response code 250 but got code \"535\", with message \"535-5.7.8 Username and Password not accepted. Learn more at
535 5.7.8  https://support.google.com/mail/?p=BadCredentials z9sm3560639pfa.2 - gsmtp
\". at /home/adminlsp/appdir/vendor/swiftmailer/swiftmailer/lib/classes/Swift/Transport/Esmtp/AuthHandler.php:191)
[stacktrace]
#0 /home/adminlsp/appdir/vendor/swiftmailer/swiftmailer/lib/classes/Swift/Transport/EsmtpTransport.php(371): Swift_Transport_Esmtp_AuthHandler->afterEhlo(Object(Swift_SmtpTransport))
#1 /home/adminlsp/appdir/vendor/swiftmailer/swiftmailer/lib/classes/Swift/Transport/AbstractSmtpTransport.php(148): Swift_Transport_EsmtpTransport->doHeloCommand()
#2 /home/adminlsp/appdir/vendor/swiftmailer/swiftmailer/lib/classes/Swift/Mailer.php(65): Swift_Transport_AbstractSmtpTransport->start()
#3 /home/adminlsp/appdir/vendor/laravel/framework/src/Illuminate/Mail/Mailer.php(484): Swift_Mailer->send(Object(Swift_Message), Array)
#4 /home/adminlsp/appdir/vendor/laravel/framework/src/Illuminate/Mail/Mailer.php(259): Illuminate\\Mail\\Mailer->sendSwiftMessage(Object(Swift_Message))
#5 /home/adminlsp/appdir/vendor/laravel/framework/src/Illuminate/Mail/Mailable.php(159): Illuminate\\Mail\\Mailer->send('auth.mail', Array, Object(Closure))
#6 /home/adminlsp/appdir/vendor/laravel/framework/src/Illuminate/Support/Traits/Localizable.php(19): Illuminate\\Mail\\Mailable->Illuminate\\Mail\\{closure}()
#7 /home/adminlsp/appdir/vendor/laravel/framework/src/Illuminate/Mail/Mailable.php(160): Illuminate\\Mail\\Mailable->withLocale(NULL, Object(Closure))
#8 /home/adminlsp/appdir/vendor/laravel/framework/src/Illuminate/Mail/Mailer.php(275): Illuminate\\Mail\\Mailable->send(Object(Illuminate\\Mail\\Mailer))
#9 /home/adminlsp/appdir/vendor/laravel/framework/src/Illuminate/Mail/Mailer.php(229): Illuminate\\Mail\\Mailer->sendMailable(Object(App\\Mail\\RegisterMail))
#10 /home/adminlsp/appdir/vendor/laravel/framework/src/Illuminate/Mail/PendingMail.php(127): Illuminate\\Mail\\Mailer->send(Object(App\\Mail\\RegisterMail))
#11 /home/adminlsp/appdir/app/Listeners/RegisteredListener.php(30): Illuminate\\Mail\\PendingMail->send(Object(App\\Mail\\RegisterMail))
#12 [internal function]: App\\Listeners\\RegisteredListener->handle(Object(Illuminate\\Auth\\Events\\Registered))
#13 /home/adminlsp/appdir/vendor/laravel/framework/src/Illuminate/Events/Dispatcher.php(366): call_user_func_array(Array, Array)
#14 /home/adminlsp/appdir/vendor/laravel/framework/src/Illuminate/Events/Dispatcher.php(196): Illuminate\\Events\\Dispatcher->Illuminate\\Events\\{closure}('Illuminate\\\\Auth...', Array)
#15 /home/adminlsp/appdir/vendor/laravel/framework/src/Illuminate/Foundation/helpers.php(482): Illuminate\\Events\\Dispatcher->dispatch('Illuminate\\\\Auth...')
#16 /home/adminlsp/appdir/vendor/laravel/framework/src/Illuminate/Foundation/Auth/RegistersUsers.php(34): event(Object(Illuminate\\Auth\\Events\\Registered))
#17 [internal function]: App\\Http\\Controllers\\Auth\\RegisterController->register(Object(Illuminate\\Http\\Request))
#18 /home/adminlsp/appdir/vendor/laravel/framework/src/Illuminate/Routing/Controller.php(54): call_user_func_array(Array, Array)
#19 /home/adminlsp/appdir/vendor/laravel/framework/src/Illuminate/Routing/ControllerDispatcher.php(45): Illuminate\\Routing\\Controller->callAction('register', Array)
#20 /home/adminlsp/appdir/vendor/laravel/framework/src/Illuminate/Routing/Route.php(219): Illuminate\\Routing\\ControllerDispatcher->dispatch(Object(Illuminate\\Routing\\Route), Object(App\\Http\\Controllers\\Auth\\RegisterController), 'register')
#21 /home/adminlsp/appdir/vendor/laravel/framework/src/Illuminate/Routing/Route.php(176): Illuminate\\Routing\\Route->runController()
#22 /home/adminlsp/appdir/vendor/laravel/framework/src/Illuminate/Routing/Router.php(680): Illuminate\\Routing\\Route->run()
#23 /home/adminlsp/appdir/vendor/laravel/framework/src/Illuminate/Routing/Pipeline.php(30): Illuminate\\Routing\\Router->Illuminate\\Routing\\{closure}(Object(Illuminate\\Http\\Request))
#24 /home/adminlsp/appdir/app/Http/Middleware/RedirectIfAuthenticated.php(24): Illuminate\\Routing\\Pipeline->Illuminate\\Routing\\{closure}(Object(Illuminate\\Http\\Request))
#25 /home/adminlsp/appdir/vendor/laravel/framework/src/Illuminate/Pipeline/Pipeline.php(163): App\\Http\\Middleware\\RedirectIfAuthenticated->handle(Object(Illuminate\\Http\\Request), Object(Closure))
#26 /home/adminlsp/appdir/vendor/laravel/framework/src/Illuminate/Routing/Pipeline.php(53): Illuminate\\Pipeline\\Pipeline->Illuminate\\Pipeline\\{closure}(Object(Illuminate\\Http\\Request))
#27 /home/adminlsp/appdir/vendor/laravel/framework/src/Illuminate/Routing/Middleware/SubstituteBindings.php(41): Illuminate\\Routing\\Pipeline->Illuminate\\Routing\\{closure}(Object(Illuminate\\Http\\Request))
#28 /home/adminlsp/appdir/vendor/laravel/framework/src/Illuminate/Pipeline/Pipeline.php(163): Illuminate\\Routing\\Middleware\\SubstituteBindings->handle(Object(Illuminate\\Http\\Request), Object(Closure))
#29 /home/adminlsp/appdir/vendor/laravel/framework/src/Illuminate/Routing/Pipeline.php(53): Illuminate\\Pipeline\\Pipeline->Illuminate\\Pipeline\\{closure}(Object(Illuminate\\Http\\Request))
#30 /home/adminlsp/appdir/vendor/laravel/framework/src/Illuminate/Foundation/Http/Middleware/VerifyCsrfToken.php(75): Illuminate\\Routing\\Pipeline->Illuminate\\Routing\\{closure}(Object(Illuminate\\Http\\Request))
#31 /home/adminlsp/appdir/vendor/laravel/framework/src/Illuminate/Pipeline/Pipeline.php(163): Illuminate\\Foundation\\Http\\Middleware\\VerifyCsrfToken->handle(Object(Illuminate\\Http\\Request), Object(Closure))
#32 /home/adminlsp/appdir/vendor/laravel/framework/src/Illuminate/Routing/Pipeline.php(53): Illuminate\\Pipeline\\Pipeline->Illuminate\\Pipeline\\{closure}(Object(Illuminate\\Http\\Request))
#33 /home/adminlsp/appdir/vendor/laravel/framework/src/Illuminate/Session/Middleware/AuthenticateSession.php(39): Illuminate\\Routing\\Pipeline->Illuminate\\Routing\\{closure}(Object(Illuminate\\Http\\Request))
#34 /home/adminlsp/appdir/vendor/laravel/framework/src/Illuminate/Pipeline/Pipeline.php(163): Illuminate\\Session\\Middleware\\AuthenticateSession->handle(Object(Illuminate\\Http\\Request), Object(Closure))
#35 /home/adminlsp/appdir/vendor/laravel/framework/src/Illuminate/Routing/Pipeline.php(53): Illuminate\\Pipeline\\Pipeline->Illuminate\\Pipeline\\{closure}(Object(Illuminate\\Http\\Request))
#36 /home/adminlsp/appdir/vendor/laravel/framework/src/Illuminate/View/Middleware/ShareErrorsFromSession.php(49): Illuminate\\Routing\\Pipeline->Illuminate\\Routing\\{closure}(Object(Illuminate\\Http\\Request))
#37 /home/adminlsp/appdir/vendor/laravel/framework/src/Illuminate/Pipeline/Pipeline.php(163): Illuminate\\View\\Middleware\\ShareErrorsFromSession->handle(Object(Illuminate\\Http\\Request), Object(Closure))
#38 /home/adminlsp/appdir/vendor/laravel/framework/src/Illuminate/Routing/Pipeline.php(53): Illuminate\\Pipeline\\Pipeline->Illuminate\\Pipeline\\{closure}(Object(Illuminate\\Http\\Request))
#39 /home/adminlsp/appdir/vendor/laravel/framework/src/Illuminate/Session/Middleware/StartSession.php(56): Illuminate\\Routing\\Pipeline->Illuminate\\Routing\\{closure}(Object(Illuminate\\Http\\Request))
#40 /home/adminlsp/appdir/vendor/laravel/framework/src/Illuminate/Pipeline/Pipeline.php(163): Illuminate\\Session\\Middleware\\StartSession->handle(Object(Illuminate\\Http\\Request), Object(Closure))
#41 /home/adminlsp/appdir/vendor/laravel/framework/src/Illuminate/Routing/Pipeline.php(53): Illuminate\\Pipeline\\Pipeline->Illuminate\\Pipeline\\{closure}(Object(Illuminate\\Http\\Request))
#42 /home/adminlsp/appdir/vendor/laravel/framework/src/Illuminate/Cookie/Middleware/AddQueuedCookiesToResponse.php(37): Illuminate\\Routing\\Pipeline->Illuminate\\Routing\\{closure}(Object(Illuminate\\Http\\Request))
#43 /home/adminlsp/appdir/vendor/laravel/framework/src/Illuminate/Pipeline/Pipeline.php(163): Illuminate\\Cookie\\Middleware\\AddQueuedCookiesToResponse->handle(Object(Illuminate\\Http\\Request), Object(Closure))
#44 /home/adminlsp/appdir/vendor/laravel/framework/src/Illuminate/Routing/Pipeline.php(53): Illuminate\\Pipeline\\Pipeline->Illuminate\\Pipeline\\{closure}(Object(Illuminate\\Http\\Request))
#45 /home/adminlsp/appdir/vendor/laravel/framework/src/Illuminate/Cookie/Middleware/EncryptCookies.php(66): Illuminate\\Routing\\Pipeline->Illuminate\\Routing\\{closure}(Object(Illuminate\\Http\\Request))
#46 /home/adminlsp/appdir/vendor/laravel/framework/src/Illuminate/Pipeline/Pipeline.php(163): Illuminate\\Cookie\\Middleware\\EncryptCookies->handle(Object(Illuminate\\Http\\Request), Object(Closure))
#47 /home/adminlsp/appdir/vendor/laravel/framework/src/Illuminate/Routing/Pipeline.php(53): Illuminate\\Pipeline\\Pipeline->Illuminate\\Pipeline\\{closure}(Object(Illuminate\\Http\\Request))
#48 /home/adminlsp/appdir/vendor/laravel/framework/src/Illuminate/Pipeline/Pipeline.php(104): Illuminate\\Routing\\Pipeline->Illuminate\\Routing\\{closure}(Object(Illuminate\\Http\\Request))
#49 /home/adminlsp/appdir/vendor/laravel/framework/src/Illuminate/Routing/Router.php(682): Illuminate\\Pipeline\\Pipeline->then(Object(Closure))
#50 /home/adminlsp/appdir/vendor/laravel/framework/src/Illuminate/Routing/Router.php(657): Illuminate\\Routing\\Router->runRouteWithinStack(Object(Illuminate\\Routing\\Route), Object(Illuminate\\Http\\Request))
#51 /home/adminlsp/appdir/vendor/laravel/framework/src/Illuminate/Routing/Router.php(623): Illuminate\\Routing\\Router->runRoute(Object(Illuminate\\Http\\Request), Object(Illuminate\\Routing\\Route))
#52 /home/adminlsp/appdir/vendor/laravel/framework/src/Illuminate/Routing/Router.php(612): Illuminate\\Routing\\Router->dispatchToRoute(Object(Illuminate\\Http\\Request))
#53 /home/adminlsp/appdir/vendor/laravel/framework/src/Illuminate/Foundation/Http/Kernel.php(176): Illuminate\\Routing\\Router->dispatch(Object(Illuminate\\Http\\Request))
#54 /home/adminlsp/appdir/vendor/laravel/framework/src/Illuminate/Routing/Pipeline.php(30): Illuminate\\Foundation\\Http\\Kernel->Illuminate\\Foundation\\Http\\{closure}(Object(Illuminate\\Http\\Request))
#55 /home/adminlsp/appdir/vendor/fideloper/proxy/src/TrustProxies.php(57): Illuminate\\Routing\\Pipeline->Illuminate\\Routing\\{closure}(Object(Illuminate\\Http\\Request))
#56 /home/adminlsp/appdir/vendor/laravel/framework/src/Illuminate/Pipeline/Pipeline.php(163): Fideloper\\Proxy\\TrustProxies->handle(Object(Illuminate\\Http\\Request), Object(Closure))
#57 /home/adminlsp/appdir/vendor/laravel/framework/src/Illuminate/Routing/Pipeline.php(53): Illuminate\\Pipeline\\Pipeline->Illuminate\\Pipeline\\{closure}(Object(Illuminate\\Http\\Request))
#58 /home/adminlsp/appdir/vendor/laravel/framework/src/Illuminate/Foundation/Http/Middleware/TransformsRequest.php(21): Illuminate\\Routing\\Pipeline->Illuminate\\Routing\\{closure}(Object(Illuminate\\Http\\Request))
#59 /home/adminlsp/appdir/vendor/laravel/framework/src/Illuminate/Pipeline/Pipeline.php(163): Illuminate\\Foundation\\Http\\Middleware\\TransformsRequest->handle(Object(Illuminate\\Http\\Request), Object(Closure))
#60 /home/adminlsp/appdir/vendor/laravel/framework/src/Illuminate/Routing/Pipeline.php(53): Illuminate\\Pipeline\\Pipeline->Illuminate\\Pipeline\\{closure}(Object(Illuminate\\Http\\Request))
#61 /home/adminlsp/appdir/vendor/laravel/framework/src/Illuminate/Foundation/Http/Middleware/TransformsRequest.php(21): Illuminate\\Routing\\Pipeline->Illuminate\\Routing\\{closure}(Object(Illuminate\\Http\\Request))
#62 /home/adminlsp/appdir/vendor/laravel/framework/src/Illuminate/Pipeline/Pipeline.php(163): Illuminate\\Foundation\\Http\\Middleware\\TransformsRequest->handle(Object(Illuminate\\Http\\Request), Object(Closure))
#63 /home/adminlsp/appdir/vendor/laravel/framework/src/Illuminate/Routing/Pipeline.php(53): Illuminate\\Pipeline\\Pipeline->Illuminate\\Pipeline\\{closure}(Object(Illuminate\\Http\\Request))
#64 /home/adminlsp/appdir/vendor/laravel/framework/src/Illuminate/Foundation/Http/Middleware/ValidatePostSize.php(27): Illuminate\\Routing\\Pipeline->Illuminate\\Routing\\{closure}(Object(Illuminate\\Http\\Request))
#65 /home/adminlsp/appdir/vendor/laravel/framework/src/Illuminate/Pipeline/Pipeline.php(163): Illuminate\\Foundation\\Http\\Middleware\\ValidatePostSize->handle(Object(Illuminate\\Http\\Request), Object(Closure))
#66 /home/adminlsp/appdir/vendor/laravel/framework/src/Illuminate/Routing/Pipeline.php(53): Illuminate\\Pipeline\\Pipeline->Illuminate\\Pipeline\\{closure}(Object(Illuminate\\Http\\Request))
#67 /home/adminlsp/appdir/vendor/laravel/framework/src/Illuminate/Foundation/Http/Middleware/CheckForMaintenanceMode.php(62): Illuminate\\Routing\\Pipeline->Illuminate\\Routing\\{closure}(Object(Illuminate\\Http\\Request))
#68 /home/adminlsp/appdir/vendor/laravel/framework/src/Illuminate/Pipeline/Pipeline.php(163): Illuminate\\Foundation\\Http\\Middleware\\CheckForMaintenanceMode->handle(Object(Illuminate\\Http\\Request), Object(Closure))
#69 /home/adminlsp/appdir/vendor/laravel/framework/src/Illuminate/Routing/Pipeline.php(53): Illuminate\\Pipeline\\Pipeline->Illuminate\\Pipeline\\{closure}(Object(Illuminate\\Http\\Request))
#70 /home/adminlsp/appdir/vendor/laravel/framework/src/Illuminate/Pipeline/Pipeline.php(104): Illuminate\\Routing\\Pipeline->Illuminate\\Routing\\{closure}(Object(Illuminate\\Http\\Request))
#71 /home/adminlsp/appdir/vendor/laravel/framework/src/Illuminate/Foundation/Http/Kernel.php(151): Illuminate\\Pipeline\\Pipeline->then(Object(Closure))
#72 /home/adminlsp/appdir/vendor/laravel/framework/src/Illuminate/Foundation/Http/Kernel.php(116): Illuminate\\Foundation\\Http\\Kernel->sendRequestThroughRouter(Object(Illuminate\\Http\\Request))
#73 /home/adminlsp/appdir/public/index.php(55): Illuminate\\Foundation\\Http\\Kernel->handle(Object(Illuminate\\Http\\Request))
#74 /home/adminlsp/appdir/server.php(21): require_once('/home/adminlsp/...')
#75 {main}
"} 
[2021-06-17 04:11:26] local.ERROR: Failed to authenticate on SMTP server with username "lsp@polije.ac.id" using 3 possible authenticators. Authenticator LOGIN returned Expected response code 235 but got code "535", with message "535-5.7.8 Username and Password not accepted. Learn more at
535 5.7.8  https://support.google.com/mail/?p=BadCredentials o8sm3444820pfp.48 - gsmtp
". Authenticator PLAIN returned Expected response code 235 but got code "535", with message "535-5.7.8 Username and Password not accepted. Learn more at
535 5.7.8  https://support.google.com/mail/?p=BadCredentials o8sm3444820pfp.48 - gsmtp
". Authenticator XOAUTH2 returned Expected response code 250 but got code "535", with message "535-5.7.8 Username and Password not accepted. Learn more at
535 5.7.8  https://support.google.com/mail/?p=BadCredentials o8sm3444820pfp.48 - gsmtp
". {"exception":"[object] (Swift_TransportException(code: 0): Failed to authenticate on SMTP server with username \"lsp@polije.ac.id\" using 3 possible authenticators. Authenticator LOGIN returned Expected response code 235 but got code \"535\", with message \"535-5.7.8 Username and Password not accepted. Learn more at
535 5.7.8  https://support.google.com/mail/?p=BadCredentials o8sm3444820pfp.48 - gsmtp
\". Authenticator PLAIN returned Expected response code 235 but got code \"535\", with message \"535-5.7.8 Username and Password not accepted. Learn more at
535 5.7.8  https://support.google.com/mail/?p=BadCredentials o8sm3444820pfp.48 - gsmtp
\". Authenticator XOAUTH2 returned Expected response code 250 but got code \"535\", with message \"535-5.7.8 Username and Password not accepted. Learn more at
535 5.7.8  https://support.google.com/mail/?p=BadCredentials o8sm3444820pfp.48 - gsmtp
\". at /home/adminlsp/appdir/vendor/swiftmailer/swiftmailer/lib/classes/Swift/Transport/Esmtp/AuthHandler.php:191)
[stacktrace]
#0 /home/adminlsp/appdir/vendor/swiftmailer/swiftmailer/lib/classes/Swift/Transport/EsmtpTransport.php(371): Swift_Transport_Esmtp_AuthHandler->afterEhlo(Object(Swift_SmtpTransport))
#1 /home/adminlsp/appdir/vendor/swiftmailer/swiftmailer/lib/classes/Swift/Transport/AbstractSmtpTransport.php(148): Swift_Transport_EsmtpTransport->doHeloCommand()
#2 /home/adminlsp/appdir/vendor/swiftmailer/swiftmailer/lib/classes/Swift/Mailer.php(65): Swift_Transport_AbstractSmtpTransport->start()
#3 /home/adminlsp/appdir/vendor/laravel/framework/src/Illuminate/Mail/Mailer.php(484): Swift_Mailer->send(Object(Swift_Message), Array)
#4 /home/adminlsp/appdir/vendor/laravel/framework/src/Illuminate/Mail/Mailer.php(259): Illuminate\\Mail\\Mailer->sendSwiftMessage(Object(Swift_Message))
#5 /home/adminlsp/appdir/vendor/laravel/framework/src/Illuminate/Mail/Mailable.php(159): Illuminate\\Mail\\Mailer->send('auth.mail', Array, Object(Closure))
#6 /home/adminlsp/appdir/vendor/laravel/framework/src/Illuminate/Support/Traits/Localizable.php(19): Illuminate\\Mail\\Mailable->Illuminate\\Mail\\{closure}()
#7 /home/adminlsp/appdir/vendor/laravel/framework/src/Illuminate/Mail/Mailable.php(160): Illuminate\\Mail\\Mailable->withLocale(NULL, Object(Closure))
#8 /home/adminlsp/appdir/vendor/laravel/framework/src/Illuminate/Mail/Mailer.php(275): Illuminate\\Mail\\Mailable->send(Object(Illuminate\\Mail\\Mailer))
#9 /home/adminlsp/appdir/vendor/laravel/framework/src/Illuminate/Mail/Mailer.php(229): Illuminate\\Mail\\Mailer->sendMailable(Object(App\\Mail\\RegisterMail))
#10 /home/adminlsp/appdir/vendor/laravel/framework/src/Illuminate/Mail/PendingMail.php(127): Illuminate\\Mail\\Mailer->send(Object(App\\Mail\\RegisterMail))
#11 /home/adminlsp/appdir/app/Listeners/RegisteredListener.php(30): Illuminate\\Mail\\PendingMail->send(Object(App\\Mail\\RegisterMail))
#12 [internal function]: App\\Listeners\\RegisteredListener->handle(Object(Illuminate\\Auth\\Events\\Registered))
#13 /home/adminlsp/appdir/vendor/laravel/framework/src/Illuminate/Events/Dispatcher.php(366): call_user_func_array(Array, Array)
#14 /home/adminlsp/appdir/vendor/laravel/framework/src/Illuminate/Events/Dispatcher.php(196): Illuminate\\Events\\Dispatcher->Illuminate\\Events\\{closure}('Illuminate\\\\Auth...', Array)
#15 /home/adminlsp/appdir/vendor/laravel/framework/src/Illuminate/Foundation/helpers.php(482): Illuminate\\Events\\Dispatcher->dispatch('Illuminate\\\\Auth...')
#16 /home/adminlsp/appdir/vendor/laravel/framework/src/Illuminate/Foundation/Auth/RegistersUsers.php(34): event(Object(Illuminate\\Auth\\Events\\Registered))
#17 [internal function]: App\\Http\\Controllers\\Auth\\RegisterController->register(Object(Illuminate\\Http\\Request))
#18 /home/adminlsp/appdir/vendor/laravel/framework/src/Illuminate/Routing/Controller.php(54): call_user_func_array(Array, Array)
#19 /home/adminlsp/appdir/vendor/laravel/framework/src/Illuminate/Routing/ControllerDispatcher.php(45): Illuminate\\Routing\\Controller->callAction('register', Array)
#20 /home/adminlsp/appdir/vendor/laravel/framework/src/Illuminate/Routing/Route.php(219): Illuminate\\Routing\\ControllerDispatcher->dispatch(Object(Illuminate\\Routing\\Route), Object(App\\Http\\Controllers\\Auth\\RegisterController), 'register')
#21 /home/adminlsp/appdir/vendor/laravel/framework/src/Illuminate/Routing/Route.php(176): Illuminate\\Routing\\Route->runController()
#22 /home/adminlsp/appdir/vendor/laravel/framework/src/Illuminate/Routing/Router.php(680): Illuminate\\Routing\\Route->run()
#23 /home/adminlsp/appdir/vendor/laravel/framework/src/Illuminate/Routing/Pipeline.php(30): Illuminate\\Routing\\Router->Illuminate\\Routing\\{closure}(Object(Illuminate\\Http\\Request))
#24 /home/adminlsp/appdir/app/Http/Middleware/RedirectIfAuthenticated.php(24): Illuminate\\Routing\\Pipeline->Illuminate\\Routing\\{closure}(Object(Illuminate\\Http\\Request))
#25 /home/adminlsp/appdir/vendor/laravel/framework/src/Illuminate/Pipeline/Pipeline.php(163): App\\Http\\Middleware\\RedirectIfAuthenticated->handle(Object(Illuminate\\Http\\Request), Object(Closure))
#26 /home/adminlsp/appdir/vendor/laravel/framework/src/Illuminate/Routing/Pipeline.php(53): Illuminate\\Pipeline\\Pipeline->Illuminate\\Pipeline\\{closure}(Object(Illuminate\\Http\\Request))
#27 /home/adminlsp/appdir/vendor/laravel/framework/src/Illuminate/Routing/Middleware/SubstituteBindings.php(41): Illuminate\\Routing\\Pipeline->Illuminate\\Routing\\{closure}(Object(Illuminate\\Http\\Request))
#28 /home/adminlsp/appdir/vendor/laravel/framework/src/Illuminate/Pipeline/Pipeline.php(163): Illuminate\\Routing\\Middleware\\SubstituteBindings->handle(Object(Illuminate\\Http\\Request), Object(Closure))
#29 /home/adminlsp/appdir/vendor/laravel/framework/src/Illuminate/Routing/Pipeline.php(53): Illuminate\\Pipeline\\Pipeline->Illuminate\\Pipeline\\{closure}(Object(Illuminate\\Http\\Request))
#30 /home/adminlsp/appdir/vendor/laravel/framework/src/Illuminate/Foundation/Http/Middleware/VerifyCsrfToken.php(75): Illuminate\\Routing\\Pipeline->Illuminate\\Routing\\{closure}(Object(Illuminate\\Http\\Request))
#31 /home/adminlsp/appdir/vendor/laravel/framework/src/Illuminate/Pipeline/Pipeline.php(163): Illuminate\\Foundation\\Http\\Middleware\\VerifyCsrfToken->handle(Object(Illuminate\\Http\\Request), Object(Closure))
#32 /home/adminlsp/appdir/vendor/laravel/framework/src/Illuminate/Routing/Pipeline.php(53): Illuminate\\Pipeline\\Pipeline->Illuminate\\Pipeline\\{closure}(Object(Illuminate\\Http\\Request))
#33 /home/adminlsp/appdir/vendor/laravel/framework/src/Illuminate/Session/Middleware/AuthenticateSession.php(39): Illuminate\\Routing\\Pipeline->Illuminate\\Routing\\{closure}(Object(Illuminate\\Http\\Request))
#34 /home/adminlsp/appdir/vendor/laravel/framework/src/Illuminate/Pipeline/Pipeline.php(163): Illuminate\\Session\\Middleware\\AuthenticateSession->handle(Object(Illuminate\\Http\\Request), Object(Closure))
#35 /home/adminlsp/appdir/vendor/laravel/framework/src/Illuminate/Routing/Pipeline.php(53): Illuminate\\Pipeline\\Pipeline->Illuminate\\Pipeline\\{closure}(Object(Illuminate\\Http\\Request))
#36 /home/adminlsp/appdir/vendor/laravel/framework/src/Illuminate/View/Middleware/ShareErrorsFromSession.php(49): Illuminate\\Routing\\Pipeline->Illuminate\\Routing\\{closure}(Object(Illuminate\\Http\\Request))
#37 /home/adminlsp/appdir/vendor/laravel/framework/src/Illuminate/Pipeline/Pipeline.php(163): Illuminate\\View\\Middleware\\ShareErrorsFromSession->handle(Object(Illuminate\\Http\\Request), Object(Closure))
#38 /home/adminlsp/appdir/vendor/laravel/framework/src/Illuminate/Routing/Pipeline.php(53): Illuminate\\Pipeline\\Pipeline->Illuminate\\Pipeline\\{closure}(Object(Illuminate\\Http\\Request))
#39 /home/adminlsp/appdir/vendor/laravel/framework/src/Illuminate/Session/Middleware/StartSession.php(56): Illuminate\\Routing\\Pipeline->Illuminate\\Routing\\{closure}(Object(Illuminate\\Http\\Request))
#40 /home/adminlsp/appdir/vendor/laravel/framework/src/Illuminate/Pipeline/Pipeline.php(163): Illuminate\\Session\\Middleware\\StartSession->handle(Object(Illuminate\\Http\\Request), Object(Closure))
#41 /home/adminlsp/appdir/vendor/laravel/framework/src/Illuminate/Routing/Pipeline.php(53): Illuminate\\Pipeline\\Pipeline->Illuminate\\Pipeline\\{closure}(Object(Illuminate\\Http\\Request))
#42 /home/adminlsp/appdir/vendor/laravel/framework/src/Illuminate/Cookie/Middleware/AddQueuedCookiesToResponse.php(37): Illuminate\\Routing\\Pipeline->Illuminate\\Routing\\{closure}(Object(Illuminate\\Http\\Request))
#43 /home/adminlsp/appdir/vendor/laravel/framework/src/Illuminate/Pipeline/Pipeline.php(163): Illuminate\\Cookie\\Middleware\\AddQueuedCookiesToResponse->handle(Object(Illuminate\\Http\\Request), Object(Closure))
#44 /home/adminlsp/appdir/vendor/laravel/framework/src/Illuminate/Routing/Pipeline.php(53): Illuminate\\Pipeline\\Pipeline->Illuminate\\Pipeline\\{closure}(Object(Illuminate\\Http\\Request))
#45 /home/adminlsp/appdir/vendor/laravel/framework/src/Illuminate/Cookie/Middleware/EncryptCookies.php(66): Illuminate\\Routing\\Pipeline->Illuminate\\Routing\\{closure}(Object(Illuminate\\Http\\Request))
#46 /home/adminlsp/appdir/vendor/laravel/framework/src/Illuminate/Pipeline/Pipeline.php(163): Illuminate\\Cookie\\Middleware\\EncryptCookies->handle(Object(Illuminate\\Http\\Request), Object(Closure))
#47 /home/adminlsp/appdir/vendor/laravel/framework/src/Illuminate/Routing/Pipeline.php(53): Illuminate\\Pipeline\\Pipeline->Illuminate\\Pipeline\\{closure}(Object(Illuminate\\Http\\Request))
#48 /home/adminlsp/appdir/vendor/laravel/framework/src/Illuminate/Pipeline/Pipeline.php(104): Illuminate\\Routing\\Pipeline->Illuminate\\Routing\\{closure}(Object(Illuminate\\Http\\Request))
#49 /home/adminlsp/appdir/vendor/laravel/framework/src/Illuminate/Routing/Router.php(682): Illuminate\\Pipeline\\Pipeline->then(Object(Closure))
#50 /home/adminlsp/appdir/vendor/laravel/framework/src/Illuminate/Routing/Router.php(657): Illuminate\\Routing\\Router->runRouteWithinStack(Object(Illuminate\\Routing\\Route), Object(Illuminate\\Http\\Request))
#51 /home/adminlsp/appdir/vendor/laravel/framework/src/Illuminate/Routing/Router.php(623): Illuminate\\Routing\\Router->runRoute(Object(Illuminate\\Http\\Request), Object(Illuminate\\Routing\\Route))
#52 /home/adminlsp/appdir/vendor/laravel/framework/src/Illuminate/Routing/Router.php(612): Illuminate\\Routing\\Router->dispatchToRoute(Object(Illuminate\\Http\\Request))
#53 /home/adminlsp/appdir/vendor/laravel/framework/src/Illuminate/Foundation/Http/Kernel.php(176): Illuminate\\Routing\\Router->dispatch(Object(Illuminate\\Http\\Request))
#54 /home/adminlsp/appdir/vendor/laravel/framework/src/Illuminate/Routing/Pipeline.php(30): Illuminate\\Foundation\\Http\\Kernel->Illuminate\\Foundation\\Http\\{closure}(Object(Illuminate\\Http\\Request))
#55 /home/adminlsp/appdir/vendor/fideloper/proxy/src/TrustProxies.php(57): Illuminate\\Routing\\Pipeline->Illuminate\\Routing\\{closure}(Object(Illuminate\\Http\\Request))
#56 /home/adminlsp/appdir/vendor/laravel/framework/src/Illuminate/Pipeline/Pipeline.php(163): Fideloper\\Proxy\\TrustProxies->handle(Object(Illuminate\\Http\\Request), Object(Closure))
#57 /home/adminlsp/appdir/vendor/laravel/framework/src/Illuminate/Routing/Pipeline.php(53): Illuminate\\Pipeline\\Pipeline->Illuminate\\Pipeline\\{closure}(Object(Illuminate\\Http\\Request))
#58 /home/adminlsp/appdir/vendor/laravel/framework/src/Illuminate/Foundation/Http/Middleware/TransformsRequest.php(21): Illuminate\\Routing\\Pipeline->Illuminate\\Routing\\{closure}(Object(Illuminate\\Http\\Request))
#59 /home/adminlsp/appdir/vendor/laravel/framework/src/Illuminate/Pipeline/Pipeline.php(163): Illuminate\\Foundation\\Http\\Middleware\\TransformsRequest->handle(Object(Illuminate\\Http\\Request), Object(Closure))
#60 /home/adminlsp/appdir/vendor/laravel/framework/src/Illuminate/Routing/Pipeline.php(53): Illuminate\\Pipeline\\Pipeline->Illuminate\\Pipeline\\{closure}(Object(Illuminate\\Http\\Request))
#61 /home/adminlsp/appdir/vendor/laravel/framework/src/Illuminate/Foundation/Http/Middleware/TransformsRequest.php(21): Illuminate\\Routing\\Pipeline->Illuminate\\Routing\\{closure}(Object(Illuminate\\Http\\Request))
#62 /home/adminlsp/appdir/vendor/laravel/framework/src/Illuminate/Pipeline/Pipeline.php(163): Illuminate\\Foundation\\Http\\Middleware\\TransformsRequest->handle(Object(Illuminate\\Http\\Request), Object(Closure))
#63 /home/adminlsp/appdir/vendor/laravel/framework/src/Illuminate/Routing/Pipeline.php(53): Illuminate\\Pipeline\\Pipeline->Illuminate\\Pipeline\\{closure}(Object(Illuminate\\Http\\Request))
#64 /home/adminlsp/appdir/vendor/laravel/framework/src/Illuminate/Foundation/Http/Middleware/ValidatePostSize.php(27): Illuminate\\Routing\\Pipeline->Illuminate\\Routing\\{closure}(Object(Illuminate\\Http\\Request))
#65 /home/adminlsp/appdir/vendor/laravel/framework/src/Illuminate/Pipeline/Pipeline.php(163): Illuminate\\Foundation\\Http\\Middleware\\ValidatePostSize->handle(Object(Illuminate\\Http\\Request), Object(Closure))
#66 /home/adminlsp/appdir/vendor/laravel/framework/src/Illuminate/Routing/Pipeline.php(53): Illuminate\\Pipeline\\Pipeline->Illuminate\\Pipeline\\{closure}(Object(Illuminate\\Http\\Request))
#67 /home/adminlsp/appdir/vendor/laravel/framework/src/Illuminate/Foundation/Http/Middleware/CheckForMaintenanceMode.php(62): Illuminate\\Routing\\Pipeline->Illuminate\\Routing\\{closure}(Object(Illuminate\\Http\\Request))
#68 /home/adminlsp/appdir/vendor/laravel/framework/src/Illuminate/Pipeline/Pipeline.php(163): Illuminate\\Foundation\\Http\\Middleware\\CheckForMaintenanceMode->handle(Object(Illuminate\\Http\\Request), Object(Closure))
#69 /home/adminlsp/appdir/vendor/laravel/framework/src/Illuminate/Routing/Pipeline.php(53): Illuminate\\Pipeline\\Pipeline->Illuminate\\Pipeline\\{closure}(Object(Illuminate\\Http\\Request))
#70 /home/adminlsp/appdir/vendor/laravel/framework/src/Illuminate/Pipeline/Pipeline.php(104): Illuminate\\Routing\\Pipeline->Illuminate\\Routing\\{closure}(Object(Illuminate\\Http\\Request))
#71 /home/adminlsp/appdir/vendor/laravel/framework/src/Illuminate/Foundation/Http/Kernel.php(151): Illuminate\\Pipeline\\Pipeline->then(Object(Closure))
#72 /home/adminlsp/appdir/vendor/laravel/framework/src/Illuminate/Foundation/Http/Kernel.php(116): Illuminate\\Foundation\\Http\\Kernel->sendRequestThroughRouter(Object(Illuminate\\Http\\Request))
#73 /home/adminlsp/appdir/public/index.php(55): Illuminate\\Foundation\\Http\\Kernel->handle(Object(Illuminate\\Http\\Request))
#74 /home/adminlsp/appdir/server.php(21): require_once('/home/adminlsp/...')
#75 {main}
"} 
[2021-06-17 04:13:13] local.ERROR: Failed to authenticate on SMTP server with username "lsp@polije.ac.id" using 3 possible authenticators. Authenticator LOGIN returned Expected response code 235 but got code "535", with message "535-5.7.8 Username and Password not accepted. Learn more at
535 5.7.8  https://support.google.com/mail/?p=BadCredentials c196sm3591029pga.13 - gsmtp
". Authenticator PLAIN returned Expected response code 235 but got code "535", with message "535-5.7.8 Username and Password not accepted. Learn more at
535 5.7.8  https://support.google.com/mail/?p=BadCredentials c196sm3591029pga.13 - gsmtp
". Authenticator XOAUTH2 returned Expected response code 250 but got code "535", with message "535-5.7.8 Username and Password not accepted. Learn more at
535 5.7.8  https://support.google.com/mail/?p=BadCredentials c196sm3591029pga.13 - gsmtp
". {"exception":"[object] (Swift_TransportException(code: 0): Failed to authenticate on SMTP server with username \"lsp@polije.ac.id\" using 3 possible authenticators. Authenticator LOGIN returned Expected response code 235 but got code \"535\", with message \"535-5.7.8 Username and Password not accepted. Learn more at
535 5.7.8  https://support.google.com/mail/?p=BadCredentials c196sm3591029pga.13 - gsmtp
\". Authenticator PLAIN returned Expected response code 235 but got code \"535\", with message \"535-5.7.8 Username and Password not accepted. Learn more at
535 5.7.8  https://support.google.com/mail/?p=BadCredentials c196sm3591029pga.13 - gsmtp
\". Authenticator XOAUTH2 returned Expected response code 250 but got code \"535\", with message \"535-5.7.8 Username and Password not accepted. Learn more at
535 5.7.8  https://support.google.com/mail/?p=BadCredentials c196sm3591029pga.13 - gsmtp
\". at /home/adminlsp/appdir/vendor/swiftmailer/swiftmailer/lib/classes/Swift/Transport/Esmtp/AuthHandler.php:191)
[stacktrace]
#0 /home/adminlsp/appdir/vendor/swiftmailer/swiftmailer/lib/classes/Swift/Transport/EsmtpTransport.php(371): Swift_Transport_Esmtp_AuthHandler->afterEhlo(Object(Swift_SmtpTransport))
#1 /home/adminlsp/appdir/vendor/swiftmailer/swiftmailer/lib/classes/Swift/Transport/AbstractSmtpTransport.php(148): Swift_Transport_EsmtpTransport->doHeloCommand()
#2 /home/adminlsp/appdir/vendor/swiftmailer/swiftmailer/lib/classes/Swift/Mailer.php(65): Swift_Transport_AbstractSmtpTransport->start()
#3 /home/adminlsp/appdir/vendor/laravel/framework/src/Illuminate/Mail/Mailer.php(484): Swift_Mailer->send(Object(Swift_Message), Array)
#4 /home/adminlsp/appdir/vendor/laravel/framework/src/Illuminate/Mail/Mailer.php(259): Illuminate\\Mail\\Mailer->sendSwiftMessage(Object(Swift_Message))
#5 /home/adminlsp/appdir/vendor/laravel/framework/src/Illuminate/Mail/Mailable.php(159): Illuminate\\Mail\\Mailer->send('auth.mail', Array, Object(Closure))
#6 /home/adminlsp/appdir/vendor/laravel/framework/src/Illuminate/Support/Traits/Localizable.php(19): Illuminate\\Mail\\Mailable->Illuminate\\Mail\\{closure}()
#7 /home/adminlsp/appdir/vendor/laravel/framework/src/Illuminate/Mail/Mailable.php(160): Illuminate\\Mail\\Mailable->withLocale(NULL, Object(Closure))
#8 /home/adminlsp/appdir/vendor/laravel/framework/src/Illuminate/Mail/Mailer.php(275): Illuminate\\Mail\\Mailable->send(Object(Illuminate\\Mail\\Mailer))
#9 /home/adminlsp/appdir/vendor/laravel/framework/src/Illuminate/Mail/Mailer.php(229): Illuminate\\Mail\\Mailer->sendMailable(Object(App\\Mail\\RegisterMail))
#10 /home/adminlsp/appdir/vendor/laravel/framework/src/Illuminate/Mail/PendingMail.php(127): Illuminate\\Mail\\Mailer->send(Object(App\\Mail\\RegisterMail))
#11 /home/adminlsp/appdir/app/Listeners/RegisteredListener.php(30): Illuminate\\Mail\\PendingMail->send(Object(App\\Mail\\RegisterMail))
#12 [internal function]: App\\Listeners\\RegisteredListener->handle(Object(Illuminate\\Auth\\Events\\Registered))
#13 /home/adminlsp/appdir/vendor/laravel/framework/src/Illuminate/Events/Dispatcher.php(366): call_user_func_array(Array, Array)
#14 /home/adminlsp/appdir/vendor/laravel/framework/src/Illuminate/Events/Dispatcher.php(196): Illuminate\\Events\\Dispatcher->Illuminate\\Events\\{closure}('Illuminate\\\\Auth...', Array)
#15 /home/adminlsp/appdir/vendor/laravel/framework/src/Illuminate/Foundation/helpers.php(482): Illuminate\\Events\\Dispatcher->dispatch('Illuminate\\\\Auth...')
#16 /home/adminlsp/appdir/vendor/laravel/framework/src/Illuminate/Foundation/Auth/RegistersUsers.php(34): event(Object(Illuminate\\Auth\\Events\\Registered))
#17 [internal function]: App\\Http\\Controllers\\Auth\\RegisterController->register(Object(Illuminate\\Http\\Request))
#18 /home/adminlsp/appdir/vendor/laravel/framework/src/Illuminate/Routing/Controller.php(54): call_user_func_array(Array, Array)
#19 /home/adminlsp/appdir/vendor/laravel/framework/src/Illuminate/Routing/ControllerDispatcher.php(45): Illuminate\\Routing\\Controller->callAction('register', Array)
#20 /home/adminlsp/appdir/vendor/laravel/framework/src/Illuminate/Routing/Route.php(219): Illuminate\\Routing\\ControllerDispatcher->dispatch(Object(Illuminate\\Routing\\Route), Object(App\\Http\\Controllers\\Auth\\RegisterController), 'register')
#21 /home/adminlsp/appdir/vendor/laravel/framework/src/Illuminate/Routing/Route.php(176): Illuminate\\Routing\\Route->runController()
#22 /home/adminlsp/appdir/vendor/laravel/framework/src/Illuminate/Routing/Router.php(680): Illuminate\\Routing\\Route->run()
#23 /home/adminlsp/appdir/vendor/laravel/framework/src/Illuminate/Routing/Pipeline.php(30): Illuminate\\Routing\\Router->Illuminate\\Routing\\{closure}(Object(Illuminate\\Http\\Request))
#24 /home/adminlsp/appdir/app/Http/Middleware/RedirectIfAuthenticated.php(24): Illuminate\\Routing\\Pipeline->Illuminate\\Routing\\{closure}(Object(Illuminate\\Http\\Request))
#25 /home/adminlsp/appdir/vendor/laravel/framework/src/Illuminate/Pipeline/Pipeline.php(163): App\\Http\\Middleware\\RedirectIfAuthenticated->handle(Object(Illuminate\\Http\\Request), Object(Closure))
#26 /home/adminlsp/appdir/vendor/laravel/framework/src/Illuminate/Routing/Pipeline.php(53): Illuminate\\Pipeline\\Pipeline->Illuminate\\Pipeline\\{closure}(Object(Illuminate\\Http\\Request))
#27 /home/adminlsp/appdir/vendor/laravel/framework/src/Illuminate/Routing/Middleware/SubstituteBindings.php(41): Illuminate\\Routing\\Pipeline->Illuminate\\Routing\\{closure}(Object(Illuminate\\Http\\Request))
#28 /home/adminlsp/appdir/vendor/laravel/framework/src/Illuminate/Pipeline/Pipeline.php(163): Illuminate\\Routing\\Middleware\\SubstituteBindings->handle(Object(Illuminate\\Http\\Request), Object(Closure))
#29 /home/adminlsp/appdir/vendor/laravel/framework/src/Illuminate/Routing/Pipeline.php(53): Illuminate\\Pipeline\\Pipeline->Illuminate\\Pipeline\\{closure}(Object(Illuminate\\Http\\Request))
#30 /home/adminlsp/appdir/vendor/laravel/framework/src/Illuminate/Foundation/Http/Middleware/VerifyCsrfToken.php(75): Illuminate\\Routing\\Pipeline->Illuminate\\Routing\\{closure}(Object(Illuminate\\Http\\Request))
#31 /home/adminlsp/appdir/vendor/laravel/framework/src/Illuminate/Pipeline/Pipeline.php(163): Illuminate\\Foundation\\Http\\Middleware\\VerifyCsrfToken->handle(Object(Illuminate\\Http\\Request), Object(Closure))
#32 /home/adminlsp/appdir/vendor/laravel/framework/src/Illuminate/Routing/Pipeline.php(53): Illuminate\\Pipeline\\Pipeline->Illuminate\\Pipeline\\{closure}(Object(Illuminate\\Http\\Request))
#33 /home/adminlsp/appdir/vendor/laravel/framework/src/Illuminate/Session/Middleware/AuthenticateSession.php(39): Illuminate\\Routing\\Pipeline->Illuminate\\Routing\\{closure}(Object(Illuminate\\Http\\Request))
#34 /home/adminlsp/appdir/vendor/laravel/framework/src/Illuminate/Pipeline/Pipeline.php(163): Illuminate\\Session\\Middleware\\AuthenticateSession->handle(Object(Illuminate\\Http\\Request), Object(Closure))
#35 /home/adminlsp/appdir/vendor/laravel/framework/src/Illuminate/Routing/Pipeline.php(53): Illuminate\\Pipeline\\Pipeline->Illuminate\\Pipeline\\{closure}(Object(Illuminate\\Http\\Request))
#36 /home/adminlsp/appdir/vendor/laravel/framework/src/Illuminate/View/Middleware/ShareErrorsFromSession.php(49): Illuminate\\Routing\\Pipeline->Illuminate\\Routing\\{closure}(Object(Illuminate\\Http\\Request))
#37 /home/adminlsp/appdir/vendor/laravel/framework/src/Illuminate/Pipeline/Pipeline.php(163): Illuminate\\View\\Middleware\\ShareErrorsFromSession->handle(Object(Illuminate\\Http\\Request), Object(Closure))
#38 /home/adminlsp/appdir/vendor/laravel/framework/src/Illuminate/Routing/Pipeline.php(53): Illuminate\\Pipeline\\Pipeline->Illuminate\\Pipeline\\{closure}(Object(Illuminate\\Http\\Request))
#39 /home/adminlsp/appdir/vendor/laravel/framework/src/Illuminate/Session/Middleware/StartSession.php(56): Illuminate\\Routing\\Pipeline->Illuminate\\Routing\\{closure}(Object(Illuminate\\Http\\Request))
#40 /home/adminlsp/appdir/vendor/laravel/framework/src/Illuminate/Pipeline/Pipeline.php(163): Illuminate\\Session\\Middleware\\StartSession->handle(Object(Illuminate\\Http\\Request), Object(Closure))
#41 /home/adminlsp/appdir/vendor/laravel/framework/src/Illuminate/Routing/Pipeline.php(53): Illuminate\\Pipeline\\Pipeline->Illuminate\\Pipeline\\{closure}(Object(Illuminate\\Http\\Request))
#42 /home/adminlsp/appdir/vendor/laravel/framework/src/Illuminate/Cookie/Middleware/AddQueuedCookiesToResponse.php(37): Illuminate\\Routing\\Pipeline->Illuminate\\Routing\\{closure}(Object(Illuminate\\Http\\Request))
#43 /home/adminlsp/appdir/vendor/laravel/framework/src/Illuminate/Pipeline/Pipeline.php(163): Illuminate\\Cookie\\Middleware\\AddQueuedCookiesToResponse->handle(Object(Illuminate\\Http\\Request), Object(Closure))
#44 /home/adminlsp/appdir/vendor/laravel/framework/src/Illuminate/Routing/Pipeline.php(53): Illuminate\\Pipeline\\Pipeline->Illuminate\\Pipeline\\{closure}(Object(Illuminate\\Http\\Request))
#45 /home/adminlsp/appdir/vendor/laravel/framework/src/Illuminate/Cookie/Middleware/EncryptCookies.php(66): Illuminate\\Routing\\Pipeline->Illuminate\\Routing\\{closure}(Object(Illuminate\\Http\\Request))
#46 /home/adminlsp/appdir/vendor/laravel/framework/src/Illuminate/Pipeline/Pipeline.php(163): Illuminate\\Cookie\\Middleware\\EncryptCookies->handle(Object(Illuminate\\Http\\Request), Object(Closure))
#47 /home/adminlsp/appdir/vendor/laravel/framework/src/Illuminate/Routing/Pipeline.php(53): Illuminate\\Pipeline\\Pipeline->Illuminate\\Pipeline\\{closure}(Object(Illuminate\\Http\\Request))
#48 /home/adminlsp/appdir/vendor/laravel/framework/src/Illuminate/Pipeline/Pipeline.php(104): Illuminate\\Routing\\Pipeline->Illuminate\\Routing\\{closure}(Object(Illuminate\\Http\\Request))
#49 /home/adminlsp/appdir/vendor/laravel/framework/src/Illuminate/Routing/Router.php(682): Illuminate\\Pipeline\\Pipeline->then(Object(Closure))
#50 /home/adminlsp/appdir/vendor/laravel/framework/src/Illuminate/Routing/Router.php(657): Illuminate\\Routing\\Router->runRouteWithinStack(Object(Illuminate\\Routing\\Route), Object(Illuminate\\Http\\Request))
#51 /home/adminlsp/appdir/vendor/laravel/framework/src/Illuminate/Routing/Router.php(623): Illuminate\\Routing\\Router->runRoute(Object(Illuminate\\Http\\Request), Object(Illuminate\\Routing\\Route))
#52 /home/adminlsp/appdir/vendor/laravel/framework/src/Illuminate/Routing/Router.php(612): Illuminate\\Routing\\Router->dispatchToRoute(Object(Illuminate\\Http\\Request))
#53 /home/adminlsp/appdir/vendor/laravel/framework/src/Illuminate/Foundation/Http/Kernel.php(176): Illuminate\\Routing\\Router->dispatch(Object(Illuminate\\Http\\Request))
#54 /home/adminlsp/appdir/vendor/laravel/framework/src/Illuminate/Routing/Pipeline.php(30): Illuminate\\Foundation\\Http\\Kernel->Illuminate\\Foundation\\Http\\{closure}(Object(Illuminate\\Http\\Request))
#55 /home/adminlsp/appdir/vendor/fideloper/proxy/src/TrustProxies.php(57): Illuminate\\Routing\\Pipeline->Illuminate\\Routing\\{closure}(Object(Illuminate\\Http\\Request))
#56 /home/adminlsp/appdir/vendor/laravel/framework/src/Illuminate/Pipeline/Pipeline.php(163): Fideloper\\Proxy\\TrustProxies->handle(Object(Illuminate\\Http\\Request), Object(Closure))
#57 /home/adminlsp/appdir/vendor/laravel/framework/src/Illuminate/Routing/Pipeline.php(53): Illuminate\\Pipeline\\Pipeline->Illuminate\\Pipeline\\{closure}(Object(Illuminate\\Http\\Request))
#58 /home/adminlsp/appdir/vendor/laravel/framework/src/Illuminate/Foundation/Http/Middleware/TransformsRequest.php(21): Illuminate\\Routing\\Pipeline->Illuminate\\Routing\\{closure}(Object(Illuminate\\Http\\Request))
#59 /home/adminlsp/appdir/vendor/laravel/framework/src/Illuminate/Pipeline/Pipeline.php(163): Illuminate\\Foundation\\Http\\Middleware\\TransformsRequest->handle(Object(Illuminate\\Http\\Request), Object(Closure))
#60 /home/adminlsp/appdir/vendor/laravel/framework/src/Illuminate/Routing/Pipeline.php(53): Illuminate\\Pipeline\\Pipeline->Illuminate\\Pipeline\\{closure}(Object(Illuminate\\Http\\Request))
#61 /home/adminlsp/appdir/vendor/laravel/framework/src/Illuminate/Foundation/Http/Middleware/TransformsRequest.php(21): Illuminate\\Routing\\Pipeline->Illuminate\\Routing\\{closure}(Object(Illuminate\\Http\\Request))
#62 /home/adminlsp/appdir/vendor/laravel/framework/src/Illuminate/Pipeline/Pipeline.php(163): Illuminate\\Foundation\\Http\\Middleware\\TransformsRequest->handle(Object(Illuminate\\Http\\Request), Object(Closure))
#63 /home/adminlsp/appdir/vendor/laravel/framework/src/Illuminate/Routing/Pipeline.php(53): Illuminate\\Pipeline\\Pipeline->Illuminate\\Pipeline\\{closure}(Object(Illuminate\\Http\\Request))
#64 /home/adminlsp/appdir/vendor/laravel/framework/src/Illuminate/Foundation/Http/Middleware/ValidatePostSize.php(27): Illuminate\\Routing\\Pipeline->Illuminate\\Routing\\{closure}(Object(Illuminate\\Http\\Request))
#65 /home/adminlsp/appdir/vendor/laravel/framework/src/Illuminate/Pipeline/Pipeline.php(163): Illuminate\\Foundation\\Http\\Middleware\\ValidatePostSize->handle(Object(Illuminate\\Http\\Request), Object(Closure))
#66 /home/adminlsp/appdir/vendor/laravel/framework/src/Illuminate/Routing/Pipeline.php(53): Illuminate\\Pipeline\\Pipeline->Illuminate\\Pipeline\\{closure}(Object(Illuminate\\Http\\Request))
#67 /home/adminlsp/appdir/vendor/laravel/framework/src/Illuminate/Foundation/Http/Middleware/CheckForMaintenanceMode.php(62): Illuminate\\Routing\\Pipeline->Illuminate\\Routing\\{closure}(Object(Illuminate\\Http\\Request))
#68 /home/adminlsp/appdir/vendor/laravel/framework/src/Illuminate/Pipeline/Pipeline.php(163): Illuminate\\Foundation\\Http\\Middleware\\CheckForMaintenanceMode->handle(Object(Illuminate\\Http\\Request), Object(Closure))
#69 /home/adminlsp/appdir/vendor/laravel/framework/src/Illuminate/Routing/Pipeline.php(53): Illuminate\\Pipeline\\Pipeline->Illuminate\\Pipeline\\{closure}(Object(Illuminate\\Http\\Request))
#70 /home/adminlsp/appdir/vendor/laravel/framework/src/Illuminate/Pipeline/Pipeline.php(104): Illuminate\\Routing\\Pipeline->Illuminate\\Routing\\{closure}(Object(Illuminate\\Http\\Request))
#71 /home/adminlsp/appdir/vendor/laravel/framework/src/Illuminate/Foundation/Http/Kernel.php(151): Illuminate\\Pipeline\\Pipeline->then(Object(Closure))
#72 /home/adminlsp/appdir/vendor/laravel/framework/src/Illuminate/Foundation/Http/Kernel.php(116): Illuminate\\Foundation\\Http\\Kernel->sendRequestThroughRouter(Object(Illuminate\\Http\\Request))
#73 /home/adminlsp/appdir/public/index.php(55): Illuminate\\Foundation\\Http\\Kernel->handle(Object(Illuminate\\Http\\Request))
#74 /home/adminlsp/appdir/server.php(21): require_once('/home/adminlsp/...')
#75 {main}
"} 
[2021-06-17 04:16:09] local.ERROR: Failed to authenticate on SMTP server with username "lsp@polije.ac.id" using 3 possible authenticators. Authenticator LOGIN returned Expected response code 235 but got code "535", with message "535-5.7.8 Username and Password not accepted. Learn more at
535 5.7.8  https://support.google.com/mail/?p=BadCredentials fr20sm3526184pjb.29 - gsmtp
". Authenticator PLAIN returned Expected response code 235 but got code "535", with message "535-5.7.8 Username and Password not accepted. Learn more at
535 5.7.8  https://support.google.com/mail/?p=BadCredentials fr20sm3526184pjb.29 - gsmtp
". Authenticator XOAUTH2 returned Expected response code 250 but got code "535", with message "535-5.7.8 Username and Password not accepted. Learn more at
535 5.7.8  https://support.google.com/mail/?p=BadCredentials fr20sm3526184pjb.29 - gsmtp
". {"exception":"[object] (Swift_TransportException(code: 0): Failed to authenticate on SMTP server with username \"lsp@polije.ac.id\" using 3 possible authenticators. Authenticator LOGIN returned Expected response code 235 but got code \"535\", with message \"535-5.7.8 Username and Password not accepted. Learn more at
535 5.7.8  https://support.google.com/mail/?p=BadCredentials fr20sm3526184pjb.29 - gsmtp
\". Authenticator PLAIN returned Expected response code 235 but got code \"535\", with message \"535-5.7.8 Username and Password not accepted. Learn more at
535 5.7.8  https://support.google.com/mail/?p=BadCredentials fr20sm3526184pjb.29 - gsmtp
\". Authenticator XOAUTH2 returned Expected response code 250 but got code \"535\", with message \"535-5.7.8 Username and Password not accepted. Learn more at
535 5.7.8  https://support.google.com/mail/?p=BadCredentials fr20sm3526184pjb.29 - gsmtp
\". at /home/adminlsp/appdir/vendor/swiftmailer/swiftmailer/lib/classes/Swift/Transport/Esmtp/AuthHandler.php:191)
[stacktrace]
#0 /home/adminlsp/appdir/vendor/swiftmailer/swiftmailer/lib/classes/Swift/Transport/EsmtpTransport.php(371): Swift_Transport_Esmtp_AuthHandler->afterEhlo(Object(Swift_SmtpTransport))
#1 /home/adminlsp/appdir/vendor/swiftmailer/swiftmailer/lib/classes/Swift/Transport/AbstractSmtpTransport.php(148): Swift_Transport_EsmtpTransport->doHeloCommand()
#2 /home/adminlsp/appdir/vendor/swiftmailer/swiftmailer/lib/classes/Swift/Mailer.php(65): Swift_Transport_AbstractSmtpTransport->start()
#3 /home/adminlsp/appdir/vendor/laravel/framework/src/Illuminate/Mail/Mailer.php(484): Swift_Mailer->send(Object(Swift_Message), Array)
#4 /home/adminlsp/appdir/vendor/laravel/framework/src/Illuminate/Mail/Mailer.php(259): Illuminate\\Mail\\Mailer->sendSwiftMessage(Object(Swift_Message))
#5 /home/adminlsp/appdir/vendor/laravel/framework/src/Illuminate/Mail/Mailable.php(159): Illuminate\\Mail\\Mailer->send('auth.mail', Array, Object(Closure))
#6 /home/adminlsp/appdir/vendor/laravel/framework/src/Illuminate/Support/Traits/Localizable.php(19): Illuminate\\Mail\\Mailable->Illuminate\\Mail\\{closure}()
#7 /home/adminlsp/appdir/vendor/laravel/framework/src/Illuminate/Mail/Mailable.php(160): Illuminate\\Mail\\Mailable->withLocale(NULL, Object(Closure))
#8 /home/adminlsp/appdir/vendor/laravel/framework/src/Illuminate/Mail/Mailer.php(275): Illuminate\\Mail\\Mailable->send(Object(Illuminate\\Mail\\Mailer))
#9 /home/adminlsp/appdir/vendor/laravel/framework/src/Illuminate/Mail/Mailer.php(229): Illuminate\\Mail\\Mailer->sendMailable(Object(App\\Mail\\RegisterMail))
#10 /home/adminlsp/appdir/vendor/laravel/framework/src/Illuminate/Mail/PendingMail.php(127): Illuminate\\Mail\\Mailer->send(Object(App\\Mail\\RegisterMail))
#11 /home/adminlsp/appdir/app/Listeners/RegisteredListener.php(30): Illuminate\\Mail\\PendingMail->send(Object(App\\Mail\\RegisterMail))
#12 [internal function]: App\\Listeners\\RegisteredListener->handle(Object(Illuminate\\Auth\\Events\\Registered))
#13 /home/adminlsp/appdir/vendor/laravel/framework/src/Illuminate/Events/Dispatcher.php(366): call_user_func_array(Array, Array)
#14 /home/adminlsp/appdir/vendor/laravel/framework/src/Illuminate/Events/Dispatcher.php(196): Illuminate\\Events\\Dispatcher->Illuminate\\Events\\{closure}('Illuminate\\\\Auth...', Array)
#15 /home/adminlsp/appdir/vendor/laravel/framework/src/Illuminate/Foundation/helpers.php(482): Illuminate\\Events\\Dispatcher->dispatch('Illuminate\\\\Auth...')
#16 /home/adminlsp/appdir/vendor/laravel/framework/src/Illuminate/Foundation/Auth/RegistersUsers.php(34): event(Object(Illuminate\\Auth\\Events\\Registered))
#17 [internal function]: App\\Http\\Controllers\\Auth\\RegisterController->register(Object(Illuminate\\Http\\Request))
#18 /home/adminlsp/appdir/vendor/laravel/framework/src/Illuminate/Routing/Controller.php(54): call_user_func_array(Array, Array)
#19 /home/adminlsp/appdir/vendor/laravel/framework/src/Illuminate/Routing/ControllerDispatcher.php(45): Illuminate\\Routing\\Controller->callAction('register', Array)
#20 /home/adminlsp/appdir/vendor/laravel/framework/src/Illuminate/Routing/Route.php(219): Illuminate\\Routing\\ControllerDispatcher->dispatch(Object(Illuminate\\Routing\\Route), Object(App\\Http\\Controllers\\Auth\\RegisterController), 'register')
#21 /home/adminlsp/appdir/vendor/laravel/framework/src/Illuminate/Routing/Route.php(176): Illuminate\\Routing\\Route->runController()
#22 /home/adminlsp/appdir/vendor/laravel/framework/src/Illuminate/Routing/Router.php(680): Illuminate\\Routing\\Route->run()
#23 /home/adminlsp/appdir/vendor/laravel/framework/src/Illuminate/Routing/Pipeline.php(30): Illuminate\\Routing\\Router->Illuminate\\Routing\\{closure}(Object(Illuminate\\Http\\Request))
#24 /home/adminlsp/appdir/app/Http/Middleware/RedirectIfAuthenticated.php(24): Illuminate\\Routing\\Pipeline->Illuminate\\Routing\\{closure}(Object(Illuminate\\Http\\Request))
#25 /home/adminlsp/appdir/vendor/laravel/framework/src/Illuminate/Pipeline/Pipeline.php(163): App\\Http\\Middleware\\RedirectIfAuthenticated->handle(Object(Illuminate\\Http\\Request), Object(Closure))
#26 /home/adminlsp/appdir/vendor/laravel/framework/src/Illuminate/Routing/Pipeline.php(53): Illuminate\\Pipeline\\Pipeline->Illuminate\\Pipeline\\{closure}(Object(Illuminate\\Http\\Request))
#27 /home/adminlsp/appdir/vendor/laravel/framework/src/Illuminate/Routing/Middleware/SubstituteBindings.php(41): Illuminate\\Routing\\Pipeline->Illuminate\\Routing\\{closure}(Object(Illuminate\\Http\\Request))
#28 /home/adminlsp/appdir/vendor/laravel/framework/src/Illuminate/Pipeline/Pipeline.php(163): Illuminate\\Routing\\Middleware\\SubstituteBindings->handle(Object(Illuminate\\Http\\Request), Object(Closure))
#29 /home/adminlsp/appdir/vendor/laravel/framework/src/Illuminate/Routing/Pipeline.php(53): Illuminate\\Pipeline\\Pipeline->Illuminate\\Pipeline\\{closure}(Object(Illuminate\\Http\\Request))
#30 /home/adminlsp/appdir/vendor/laravel/framework/src/Illuminate/Foundation/Http/Middleware/VerifyCsrfToken.php(75): Illuminate\\Routing\\Pipeline->Illuminate\\Routing\\{closure}(Object(Illuminate\\Http\\Request))
#31 /home/adminlsp/appdir/vendor/laravel/framework/src/Illuminate/Pipeline/Pipeline.php(163): Illuminate\\Foundation\\Http\\Middleware\\VerifyCsrfToken->handle(Object(Illuminate\\Http\\Request), Object(Closure))
#32 /home/adminlsp/appdir/vendor/laravel/framework/src/Illuminate/Routing/Pipeline.php(53): Illuminate\\Pipeline\\Pipeline->Illuminate\\Pipeline\\{closure}(Object(Illuminate\\Http\\Request))
#33 /home/adminlsp/appdir/vendor/laravel/framework/src/Illuminate/Session/Middleware/AuthenticateSession.php(39): Illuminate\\Routing\\Pipeline->Illuminate\\Routing\\{closure}(Object(Illuminate\\Http\\Request))
#34 /home/adminlsp/appdir/vendor/laravel/framework/src/Illuminate/Pipeline/Pipeline.php(163): Illuminate\\Session\\Middleware\\AuthenticateSession->handle(Object(Illuminate\\Http\\Request), Object(Closure))
#35 /home/adminlsp/appdir/vendor/laravel/framework/src/Illuminate/Routing/Pipeline.php(53): Illuminate\\Pipeline\\Pipeline->Illuminate\\Pipeline\\{closure}(Object(Illuminate\\Http\\Request))
#36 /home/adminlsp/appdir/vendor/laravel/framework/src/Illuminate/View/Middleware/ShareErrorsFromSession.php(49): Illuminate\\Routing\\Pipeline->Illuminate\\Routing\\{closure}(Object(Illuminate\\Http\\Request))
#37 /home/adminlsp/appdir/vendor/laravel/framework/src/Illuminate/Pipeline/Pipeline.php(163): Illuminate\\View\\Middleware\\ShareErrorsFromSession->handle(Object(Illuminate\\Http\\Request), Object(Closure))
#38 /home/adminlsp/appdir/vendor/laravel/framework/src/Illuminate/Routing/Pipeline.php(53): Illuminate\\Pipeline\\Pipeline->Illuminate\\Pipeline\\{closure}(Object(Illuminate\\Http\\Request))
#39 /home/adminlsp/appdir/vendor/laravel/framework/src/Illuminate/Session/Middleware/StartSession.php(56): Illuminate\\Routing\\Pipeline->Illuminate\\Routing\\{closure}(Object(Illuminate\\Http\\Request))
#40 /home/adminlsp/appdir/vendor/laravel/framework/src/Illuminate/Pipeline/Pipeline.php(163): Illuminate\\Session\\Middleware\\StartSession->handle(Object(Illuminate\\Http\\Request), Object(Closure))
#41 /home/adminlsp/appdir/vendor/laravel/framework/src/Illuminate/Routing/Pipeline.php(53): Illuminate\\Pipeline\\Pipeline->Illuminate\\Pipeline\\{closure}(Object(Illuminate\\Http\\Request))
#42 /home/adminlsp/appdir/vendor/laravel/framework/src/Illuminate/Cookie/Middleware/AddQueuedCookiesToResponse.php(37): Illuminate\\Routing\\Pipeline->Illuminate\\Routing\\{closure}(Object(Illuminate\\Http\\Request))
#43 /home/adminlsp/appdir/vendor/laravel/framework/src/Illuminate/Pipeline/Pipeline.php(163): Illuminate\\Cookie\\Middleware\\AddQueuedCookiesToResponse->handle(Object(Illuminate\\Http\\Request), Object(Closure))
#44 /home/adminlsp/appdir/vendor/laravel/framework/src/Illuminate/Routing/Pipeline.php(53): Illuminate\\Pipeline\\Pipeline->Illuminate\\Pipeline\\{closure}(Object(Illuminate\\Http\\Request))
#45 /home/adminlsp/appdir/vendor/laravel/framework/src/Illuminate/Cookie/Middleware/EncryptCookies.php(66): Illuminate\\Routing\\Pipeline->Illuminate\\Routing\\{closure}(Object(Illuminate\\Http\\Request))
#46 /home/adminlsp/appdir/vendor/laravel/framework/src/Illuminate/Pipeline/Pipeline.php(163): Illuminate\\Cookie\\Middleware\\EncryptCookies->handle(Object(Illuminate\\Http\\Request), Object(Closure))
#47 /home/adminlsp/appdir/vendor/laravel/framework/src/Illuminate/Routing/Pipeline.php(53): Illuminate\\Pipeline\\Pipeline->Illuminate\\Pipeline\\{closure}(Object(Illuminate\\Http\\Request))
#48 /home/adminlsp/appdir/vendor/laravel/framework/src/Illuminate/Pipeline/Pipeline.php(104): Illuminate\\Routing\\Pipeline->Illuminate\\Routing\\{closure}(Object(Illuminate\\Http\\Request))
#49 /home/adminlsp/appdir/vendor/laravel/framework/src/Illuminate/Routing/Router.php(682): Illuminate\\Pipeline\\Pipeline->then(Object(Closure))
#50 /home/adminlsp/appdir/vendor/laravel/framework/src/Illuminate/Routing/Router.php(657): Illuminate\\Routing\\Router->runRouteWithinStack(Object(Illuminate\\Routing\\Route), Object(Illuminate\\Http\\Request))
#51 /home/adminlsp/appdir/vendor/laravel/framework/src/Illuminate/Routing/Router.php(623): Illuminate\\Routing\\Router->runRoute(Object(Illuminate\\Http\\Request), Object(Illuminate\\Routing\\Route))
#52 /home/adminlsp/appdir/vendor/laravel/framework/src/Illuminate/Routing/Router.php(612): Illuminate\\Routing\\Router->dispatchToRoute(Object(Illuminate\\Http\\Request))
#53 /home/adminlsp/appdir/vendor/laravel/framework/src/Illuminate/Foundation/Http/Kernel.php(176): Illuminate\\Routing\\Router->dispatch(Object(Illuminate\\Http\\Request))
#54 /home/adminlsp/appdir/vendor/laravel/framework/src/Illuminate/Routing/Pipeline.php(30): Illuminate\\Foundation\\Http\\Kernel->Illuminate\\Foundation\\Http\\{closure}(Object(Illuminate\\Http\\Request))
#55 /home/adminlsp/appdir/vendor/fideloper/proxy/src/TrustProxies.php(57): Illuminate\\Routing\\Pipeline->Illuminate\\Routing\\{closure}(Object(Illuminate\\Http\\Request))
#56 /home/adminlsp/appdir/vendor/laravel/framework/src/Illuminate/Pipeline/Pipeline.php(163): Fideloper\\Proxy\\TrustProxies->handle(Object(Illuminate\\Http\\Request), Object(Closure))
#57 /home/adminlsp/appdir/vendor/laravel/framework/src/Illuminate/Routing/Pipeline.php(53): Illuminate\\Pipeline\\Pipeline->Illuminate\\Pipeline\\{closure}(Object(Illuminate\\Http\\Request))
#58 /home/adminlsp/appdir/vendor/laravel/framework/src/Illuminate/Foundation/Http/Middleware/TransformsRequest.php(21): Illuminate\\Routing\\Pipeline->Illuminate\\Routing\\{closure}(Object(Illuminate\\Http\\Request))
#59 /home/adminlsp/appdir/vendor/laravel/framework/src/Illuminate/Pipeline/Pipeline.php(163): Illuminate\\Foundation\\Http\\Middleware\\TransformsRequest->handle(Object(Illuminate\\Http\\Request), Object(Closure))
#60 /home/adminlsp/appdir/vendor/laravel/framework/src/Illuminate/Routing/Pipeline.php(53): Illuminate\\Pipeline\\Pipeline->Illuminate\\Pipeline\\{closure}(Object(Illuminate\\Http\\Request))
#61 /home/adminlsp/appdir/vendor/laravel/framework/src/Illuminate/Foundation/Http/Middleware/TransformsRequest.php(21): Illuminate\\Routing\\Pipeline->Illuminate\\Routing\\{closure}(Object(Illuminate\\Http\\Request))
#62 /home/adminlsp/appdir/vendor/laravel/framework/src/Illuminate/Pipeline/Pipeline.php(163): Illuminate\\Foundation\\Http\\Middleware\\TransformsRequest->handle(Object(Illuminate\\Http\\Request), Object(Closure))
#63 /home/adminlsp/appdir/vendor/laravel/framework/src/Illuminate/Routing/Pipeline.php(53): Illuminate\\Pipeline\\Pipeline->Illuminate\\Pipeline\\{closure}(Object(Illuminate\\Http\\Request))
#64 /home/adminlsp/appdir/vendor/laravel/framework/src/Illuminate/Foundation/Http/Middleware/ValidatePostSize.php(27): Illuminate\\Routing\\Pipeline->Illuminate\\Routing\\{closure}(Object(Illuminate\\Http\\Request))
#65 /home/adminlsp/appdir/vendor/laravel/framework/src/Illuminate/Pipeline/Pipeline.php(163): Illuminate\\Foundation\\Http\\Middleware\\ValidatePostSize->handle(Object(Illuminate\\Http\\Request), Object(Closure))
#66 /home/adminlsp/appdir/vendor/laravel/framework/src/Illuminate/Routing/Pipeline.php(53): Illuminate\\Pipeline\\Pipeline->Illuminate\\Pipeline\\{closure}(Object(Illuminate\\Http\\Request))
#67 /home/adminlsp/appdir/vendor/laravel/framework/src/Illuminate/Foundation/Http/Middleware/CheckForMaintenanceMode.php(62): Illuminate\\Routing\\Pipeline->Illuminate\\Routing\\{closure}(Object(Illuminate\\Http\\Request))
#68 /home/adminlsp/appdir/vendor/laravel/framework/src/Illuminate/Pipeline/Pipeline.php(163): Illuminate\\Foundation\\Http\\Middleware\\CheckForMaintenanceMode->handle(Object(Illuminate\\Http\\Request), Object(Closure))
#69 /home/adminlsp/appdir/vendor/laravel/framework/src/Illuminate/Routing/Pipeline.php(53): Illuminate\\Pipeline\\Pipeline->Illuminate\\Pipeline\\{closure}(Object(Illuminate\\Http\\Request))
#70 /home/adminlsp/appdir/vendor/laravel/framework/src/Illuminate/Pipeline/Pipeline.php(104): Illuminate\\Routing\\Pipeline->Illuminate\\Routing\\{closure}(Object(Illuminate\\Http\\Request))
#71 /home/adminlsp/appdir/vendor/laravel/framework/src/Illuminate/Foundation/Http/Kernel.php(151): Illuminate\\Pipeline\\Pipeline->then(Object(Closure))
#72 /home/adminlsp/appdir/vendor/laravel/framework/src/Illuminate/Foundation/Http/Kernel.php(116): Illuminate\\Foundation\\Http\\Kernel->sendRequestThroughRouter(Object(Illuminate\\Http\\Request))
#73 /home/adminlsp/appdir/public/index.php(55): Illuminate\\Foundation\\Http\\Kernel->handle(Object(Illuminate\\Http\\Request))
#74 /home/adminlsp/appdir/server.php(21): require_once('/home/adminlsp/...')
#75 {main}
"} 
[2021-06-17 04:16:49] local.ERROR: Failed to authenticate on SMTP server with username "lsp@polije.ac.id" using 3 possible authenticators. Authenticator LOGIN returned Expected response code 235 but got code "535", with message "535-5.7.8 Username and Password not accepted. Learn more at
535 5.7.8  https://support.google.com/mail/?p=BadCredentials p20sm3882089pgi.94 - gsmtp
". Authenticator PLAIN returned Expected response code 235 but got code "535", with message "535-5.7.8 Username and Password not accepted. Learn more at
535 5.7.8  https://support.google.com/mail/?p=BadCredentials p20sm3882089pgi.94 - gsmtp
". Authenticator XOAUTH2 returned Expected response code 250 but got code "535", with message "535-5.7.8 Username and Password not accepted. Learn more at
535 5.7.8  https://support.google.com/mail/?p=BadCredentials p20sm3882089pgi.94 - gsmtp
". {"exception":"[object] (Swift_TransportException(code: 0): Failed to authenticate on SMTP server with username \"lsp@polije.ac.id\" using 3 possible authenticators. Authenticator LOGIN returned Expected response code 235 but got code \"535\", with message \"535-5.7.8 Username and Password not accepted. Learn more at
535 5.7.8  https://support.google.com/mail/?p=BadCredentials p20sm3882089pgi.94 - gsmtp
\". Authenticator PLAIN returned Expected response code 235 but got code \"535\", with message \"535-5.7.8 Username and Password not accepted. Learn more at
535 5.7.8  https://support.google.com/mail/?p=BadCredentials p20sm3882089pgi.94 - gsmtp
\". Authenticator XOAUTH2 returned Expected response code 250 but got code \"535\", with message \"535-5.7.8 Username and Password not accepted. Learn more at
535 5.7.8  https://support.google.com/mail/?p=BadCredentials p20sm3882089pgi.94 - gsmtp
\". at /home/adminlsp/appdir/vendor/swiftmailer/swiftmailer/lib/classes/Swift/Transport/Esmtp/AuthHandler.php:191)
[stacktrace]
#0 /home/adminlsp/appdir/vendor/swiftmailer/swiftmailer/lib/classes/Swift/Transport/EsmtpTransport.php(371): Swift_Transport_Esmtp_AuthHandler->afterEhlo(Object(Swift_SmtpTransport))
#1 /home/adminlsp/appdir/vendor/swiftmailer/swiftmailer/lib/classes/Swift/Transport/AbstractSmtpTransport.php(148): Swift_Transport_EsmtpTransport->doHeloCommand()
#2 /home/adminlsp/appdir/vendor/swiftmailer/swiftmailer/lib/classes/Swift/Mailer.php(65): Swift_Transport_AbstractSmtpTransport->start()
#3 /home/adminlsp/appdir/vendor/laravel/framework/src/Illuminate/Mail/Mailer.php(484): Swift_Mailer->send(Object(Swift_Message), Array)
#4 /home/adminlsp/appdir/vendor/laravel/framework/src/Illuminate/Mail/Mailer.php(259): Illuminate\\Mail\\Mailer->sendSwiftMessage(Object(Swift_Message))
#5 /home/adminlsp/appdir/vendor/laravel/framework/src/Illuminate/Mail/Mailable.php(159): Illuminate\\Mail\\Mailer->send('auth.mail', Array, Object(Closure))
#6 /home/adminlsp/appdir/vendor/laravel/framework/src/Illuminate/Support/Traits/Localizable.php(19): Illuminate\\Mail\\Mailable->Illuminate\\Mail\\{closure}()
#7 /home/adminlsp/appdir/vendor/laravel/framework/src/Illuminate/Mail/Mailable.php(160): Illuminate\\Mail\\Mailable->withLocale(NULL, Object(Closure))
#8 /home/adminlsp/appdir/vendor/laravel/framework/src/Illuminate/Mail/Mailer.php(275): Illuminate\\Mail\\Mailable->send(Object(Illuminate\\Mail\\Mailer))
#9 /home/adminlsp/appdir/vendor/laravel/framework/src/Illuminate/Mail/Mailer.php(229): Illuminate\\Mail\\Mailer->sendMailable(Object(App\\Mail\\RegisterMail))
#10 /home/adminlsp/appdir/vendor/laravel/framework/src/Illuminate/Mail/PendingMail.php(127): Illuminate\\Mail\\Mailer->send(Object(App\\Mail\\RegisterMail))
#11 /home/adminlsp/appdir/app/Listeners/RegisteredListener.php(30): Illuminate\\Mail\\PendingMail->send(Object(App\\Mail\\RegisterMail))
#12 [internal function]: App\\Listeners\\RegisteredListener->handle(Object(Illuminate\\Auth\\Events\\Registered))
#13 /home/adminlsp/appdir/vendor/laravel/framework/src/Illuminate/Events/Dispatcher.php(366): call_user_func_array(Array, Array)
#14 /home/adminlsp/appdir/vendor/laravel/framework/src/Illuminate/Events/Dispatcher.php(196): Illuminate\\Events\\Dispatcher->Illuminate\\Events\\{closure}('Illuminate\\\\Auth...', Array)
#15 /home/adminlsp/appdir/vendor/laravel/framework/src/Illuminate/Foundation/helpers.php(482): Illuminate\\Events\\Dispatcher->dispatch('Illuminate\\\\Auth...')
#16 /home/adminlsp/appdir/vendor/laravel/framework/src/Illuminate/Foundation/Auth/RegistersUsers.php(34): event(Object(Illuminate\\Auth\\Events\\Registered))
#17 [internal function]: App\\Http\\Controllers\\Auth\\RegisterController->register(Object(Illuminate\\Http\\Request))
#18 /home/adminlsp/appdir/vendor/laravel/framework/src/Illuminate/Routing/Controller.php(54): call_user_func_array(Array, Array)
#19 /home/adminlsp/appdir/vendor/laravel/framework/src/Illuminate/Routing/ControllerDispatcher.php(45): Illuminate\\Routing\\Controller->callAction('register', Array)
#20 /home/adminlsp/appdir/vendor/laravel/framework/src/Illuminate/Routing/Route.php(219): Illuminate\\Routing\\ControllerDispatcher->dispatch(Object(Illuminate\\Routing\\Route), Object(App\\Http\\Controllers\\Auth\\RegisterController), 'register')
#21 /home/adminlsp/appdir/vendor/laravel/framework/src/Illuminate/Routing/Route.php(176): Illuminate\\Routing\\Route->runController()
#22 /home/adminlsp/appdir/vendor/laravel/framework/src/Illuminate/Routing/Router.php(680): Illuminate\\Routing\\Route->run()
#23 /home/adminlsp/appdir/vendor/laravel/framework/src/Illuminate/Routing/Pipeline.php(30): Illuminate\\Routing\\Router->Illuminate\\Routing\\{closure}(Object(Illuminate\\Http\\Request))
#24 /home/adminlsp/appdir/app/Http/Middleware/RedirectIfAuthenticated.php(24): Illuminate\\Routing\\Pipeline->Illuminate\\Routing\\{closure}(Object(Illuminate\\Http\\Request))
#25 /home/adminlsp/appdir/vendor/laravel/framework/src/Illuminate/Pipeline/Pipeline.php(163): App\\Http\\Middleware\\RedirectIfAuthenticated->handle(Object(Illuminate\\Http\\Request), Object(Closure))
#26 /home/adminlsp/appdir/vendor/laravel/framework/src/Illuminate/Routing/Pipeline.php(53): Illuminate\\Pipeline\\Pipeline->Illuminate\\Pipeline\\{closure}(Object(Illuminate\\Http\\Request))
#27 /home/adminlsp/appdir/vendor/laravel/framework/src/Illuminate/Routing/Middleware/SubstituteBindings.php(41): Illuminate\\Routing\\Pipeline->Illuminate\\Routing\\{closure}(Object(Illuminate\\Http\\Request))
#28 /home/adminlsp/appdir/vendor/laravel/framework/src/Illuminate/Pipeline/Pipeline.php(163): Illuminate\\Routing\\Middleware\\SubstituteBindings->handle(Object(Illuminate\\Http\\Request), Object(Closure))
#29 /home/adminlsp/appdir/vendor/laravel/framework/src/Illuminate/Routing/Pipeline.php(53): Illuminate\\Pipeline\\Pipeline->Illuminate\\Pipeline\\{closure}(Object(Illuminate\\Http\\Request))
#30 /home/adminlsp/appdir/vendor/laravel/framework/src/Illuminate/Foundation/Http/Middleware/VerifyCsrfToken.php(75): Illuminate\\Routing\\Pipeline->Illuminate\\Routing\\{closure}(Object(Illuminate\\Http\\Request))
#31 /home/adminlsp/appdir/vendor/laravel/framework/src/Illuminate/Pipeline/Pipeline.php(163): Illuminate\\Foundation\\Http\\Middleware\\VerifyCsrfToken->handle(Object(Illuminate\\Http\\Request), Object(Closure))
#32 /home/adminlsp/appdir/vendor/laravel/framework/src/Illuminate/Routing/Pipeline.php(53): Illuminate\\Pipeline\\Pipeline->Illuminate\\Pipeline\\{closure}(Object(Illuminate\\Http\\Request))
#33 /home/adminlsp/appdir/vendor/laravel/framework/src/Illuminate/Session/Middleware/AuthenticateSession.php(39): Illuminate\\Routing\\Pipeline->Illuminate\\Routing\\{closure}(Object(Illuminate\\Http\\Request))
#34 /home/adminlsp/appdir/vendor/laravel/framework/src/Illuminate/Pipeline/Pipeline.php(163): Illuminate\\Session\\Middleware\\AuthenticateSession->handle(Object(Illuminate\\Http\\Request), Object(Closure))
#35 /home/adminlsp/appdir/vendor/laravel/framework/src/Illuminate/Routing/Pipeline.php(53): Illuminate\\Pipeline\\Pipeline->Illuminate\\Pipeline\\{closure}(Object(Illuminate\\Http\\Request))
#36 /home/adminlsp/appdir/vendor/laravel/framework/src/Illuminate/View/Middleware/ShareErrorsFromSession.php(49): Illuminate\\Routing\\Pipeline->Illuminate\\Routing\\{closure}(Object(Illuminate\\Http\\Request))
#37 /home/adminlsp/appdir/vendor/laravel/framework/src/Illuminate/Pipeline/Pipeline.php(163): Illuminate\\View\\Middleware\\ShareErrorsFromSession->handle(Object(Illuminate\\Http\\Request), Object(Closure))
#38 /home/adminlsp/appdir/vendor/laravel/framework/src/Illuminate/Routing/Pipeline.php(53): Illuminate\\Pipeline\\Pipeline->Illuminate\\Pipeline\\{closure}(Object(Illuminate\\Http\\Request))
#39 /home/adminlsp/appdir/vendor/laravel/framework/src/Illuminate/Session/Middleware/StartSession.php(56): Illuminate\\Routing\\Pipeline->Illuminate\\Routing\\{closure}(Object(Illuminate\\Http\\Request))
#40 /home/adminlsp/appdir/vendor/laravel/framework/src/Illuminate/Pipeline/Pipeline.php(163): Illuminate\\Session\\Middleware\\StartSession->handle(Object(Illuminate\\Http\\Request), Object(Closure))
#41 /home/adminlsp/appdir/vendor/laravel/framework/src/Illuminate/Routing/Pipeline.php(53): Illuminate\\Pipeline\\Pipeline->Illuminate\\Pipeline\\{closure}(Object(Illuminate\\Http\\Request))
#42 /home/adminlsp/appdir/vendor/laravel/framework/src/Illuminate/Cookie/Middleware/AddQueuedCookiesToResponse.php(37): Illuminate\\Routing\\Pipeline->Illuminate\\Routing\\{closure}(Object(Illuminate\\Http\\Request))
#43 /home/adminlsp/appdir/vendor/laravel/framework/src/Illuminate/Pipeline/Pipeline.php(163): Illuminate\\Cookie\\Middleware\\AddQueuedCookiesToResponse->handle(Object(Illuminate\\Http\\Request), Object(Closure))
#44 /home/adminlsp/appdir/vendor/laravel/framework/src/Illuminate/Routing/Pipeline.php(53): Illuminate\\Pipeline\\Pipeline->Illuminate\\Pipeline\\{closure}(Object(Illuminate\\Http\\Request))
#45 /home/adminlsp/appdir/vendor/laravel/framework/src/Illuminate/Cookie/Middleware/EncryptCookies.php(66): Illuminate\\Routing\\Pipeline->Illuminate\\Routing\\{closure}(Object(Illuminate\\Http\\Request))
#46 /home/adminlsp/appdir/vendor/laravel/framework/src/Illuminate/Pipeline/Pipeline.php(163): Illuminate\\Cookie\\Middleware\\EncryptCookies->handle(Object(Illuminate\\Http\\Request), Object(Closure))
#47 /home/adminlsp/appdir/vendor/laravel/framework/src/Illuminate/Routing/Pipeline.php(53): Illuminate\\Pipeline\\Pipeline->Illuminate\\Pipeline\\{closure}(Object(Illuminate\\Http\\Request))
#48 /home/adminlsp/appdir/vendor/laravel/framework/src/Illuminate/Pipeline/Pipeline.php(104): Illuminate\\Routing\\Pipeline->Illuminate\\Routing\\{closure}(Object(Illuminate\\Http\\Request))
#49 /home/adminlsp/appdir/vendor/laravel/framework/src/Illuminate/Routing/Router.php(682): Illuminate\\Pipeline\\Pipeline->then(Object(Closure))
#50 /home/adminlsp/appdir/vendor/laravel/framework/src/Illuminate/Routing/Router.php(657): Illuminate\\Routing\\Router->runRouteWithinStack(Object(Illuminate\\Routing\\Route), Object(Illuminate\\Http\\Request))
#51 /home/adminlsp/appdir/vendor/laravel/framework/src/Illuminate/Routing/Router.php(623): Illuminate\\Routing\\Router->runRoute(Object(Illuminate\\Http\\Request), Object(Illuminate\\Routing\\Route))
#52 /home/adminlsp/appdir/vendor/laravel/framework/src/Illuminate/Routing/Router.php(612): Illuminate\\Routing\\Router->dispatchToRoute(Object(Illuminate\\Http\\Request))
#53 /home/adminlsp/appdir/vendor/laravel/framework/src/Illuminate/Foundation/Http/Kernel.php(176): Illuminate\\Routing\\Router->dispatch(Object(Illuminate\\Http\\Request))
#54 /home/adminlsp/appdir/vendor/laravel/framework/src/Illuminate/Routing/Pipeline.php(30): Illuminate\\Foundation\\Http\\Kernel->Illuminate\\Foundation\\Http\\{closure}(Object(Illuminate\\Http\\Request))
#55 /home/adminlsp/appdir/vendor/fideloper/proxy/src/TrustProxies.php(57): Illuminate\\Routing\\Pipeline->Illuminate\\Routing\\{closure}(Object(Illuminate\\Http\\Request))
#56 /home/adminlsp/appdir/vendor/laravel/framework/src/Illuminate/Pipeline/Pipeline.php(163): Fideloper\\Proxy\\TrustProxies->handle(Object(Illuminate\\Http\\Request), Object(Closure))
#57 /home/adminlsp/appdir/vendor/laravel/framework/src/Illuminate/Routing/Pipeline.php(53): Illuminate\\Pipeline\\Pipeline->Illuminate\\Pipeline\\{closure}(Object(Illuminate\\Http\\Request))
#58 /home/adminlsp/appdir/vendor/laravel/framework/src/Illuminate/Foundation/Http/Middleware/TransformsRequest.php(21): Illuminate\\Routing\\Pipeline->Illuminate\\Routing\\{closure}(Object(Illuminate\\Http\\Request))
#59 /home/adminlsp/appdir/vendor/laravel/framework/src/Illuminate/Pipeline/Pipeline.php(163): Illuminate\\Foundation\\Http\\Middleware\\TransformsRequest->handle(Object(Illuminate\\Http\\Request), Object(Closure))
#60 /home/adminlsp/appdir/vendor/laravel/framework/src/Illuminate/Routing/Pipeline.php(53): Illuminate\\Pipeline\\Pipeline->Illuminate\\Pipeline\\{closure}(Object(Illuminate\\Http\\Request))
#61 /home/adminlsp/appdir/vendor/laravel/framework/src/Illuminate/Foundation/Http/Middleware/TransformsRequest.php(21): Illuminate\\Routing\\Pipeline->Illuminate\\Routing\\{closure}(Object(Illuminate\\Http\\Request))
#62 /home/adminlsp/appdir/vendor/laravel/framework/src/Illuminate/Pipeline/Pipeline.php(163): Illuminate\\Foundation\\Http\\Middleware\\TransformsRequest->handle(Object(Illuminate\\Http\\Request), Object(Closure))
#63 /home/adminlsp/appdir/vendor/laravel/framework/src/Illuminate/Routing/Pipeline.php(53): Illuminate\\Pipeline\\Pipeline->Illuminate\\Pipeline\\{closure}(Object(Illuminate\\Http\\Request))
#64 /home/adminlsp/appdir/vendor/laravel/framework/src/Illuminate/Foundation/Http/Middleware/ValidatePostSize.php(27): Illuminate\\Routing\\Pipeline->Illuminate\\Routing\\{closure}(Object(Illuminate\\Http\\Request))
#65 /home/adminlsp/appdir/vendor/laravel/framework/src/Illuminate/Pipeline/Pipeline.php(163): Illuminate\\Foundation\\Http\\Middleware\\ValidatePostSize->handle(Object(Illuminate\\Http\\Request), Object(Closure))
#66 /home/adminlsp/appdir/vendor/laravel/framework/src/Illuminate/Routing/Pipeline.php(53): Illuminate\\Pipeline\\Pipeline->Illuminate\\Pipeline\\{closure}(Object(Illuminate\\Http\\Request))
#67 /home/adminlsp/appdir/vendor/laravel/framework/src/Illuminate/Foundation/Http/Middleware/CheckForMaintenanceMode.php(62): Illuminate\\Routing\\Pipeline->Illuminate\\Routing\\{closure}(Object(Illuminate\\Http\\Request))
#68 /home/adminlsp/appdir/vendor/laravel/framework/src/Illuminate/Pipeline/Pipeline.php(163): Illuminate\\Foundation\\Http\\Middleware\\CheckForMaintenanceMode->handle(Object(Illuminate\\Http\\Request), Object(Closure))
#69 /home/adminlsp/appdir/vendor/laravel/framework/src/Illuminate/Routing/Pipeline.php(53): Illuminate\\Pipeline\\Pipeline->Illuminate\\Pipeline\\{closure}(Object(Illuminate\\Http\\Request))
#70 /home/adminlsp/appdir/vendor/laravel/framework/src/Illuminate/Pipeline/Pipeline.php(104): Illuminate\\Routing\\Pipeline->Illuminate\\Routing\\{closure}(Object(Illuminate\\Http\\Request))
#71 /home/adminlsp/appdir/vendor/laravel/framework/src/Illuminate/Foundation/Http/Kernel.php(151): Illuminate\\Pipeline\\Pipeline->then(Object(Closure))
#72 /home/adminlsp/appdir/vendor/laravel/framework/src/Illuminate/Foundation/Http/Kernel.php(116): Illuminate\\Foundation\\Http\\Kernel->sendRequestThroughRouter(Object(Illuminate\\Http\\Request))
#73 /home/adminlsp/appdir/public/index.php(55): Illuminate\\Foundation\\Http\\Kernel->handle(Object(Illuminate\\Http\\Request))
#74 /home/adminlsp/appdir/server.php(21): require_once('/home/adminlsp/...')
#75 {main}
"} 
[2021-06-17 04:17:38] local.ERROR: Failed to authenticate on SMTP server with username "lsp@polije.ac.id" using 3 possible authenticators. Authenticator LOGIN returned Expected response code 235 but got code "535", with message "535-5.7.8 Username and Password not accepted. Learn more at
535 5.7.8  https://support.google.com/mail/?p=BadCredentials p17sm6972824pjg.54 - gsmtp
". Authenticator PLAIN returned Expected response code 235 but got code "535", with message "535-5.7.8 Username and Password not accepted. Learn more at
535 5.7.8  https://support.google.com/mail/?p=BadCredentials p17sm6972824pjg.54 - gsmtp
". Authenticator XOAUTH2 returned Expected response code 250 but got code "535", with message "535-5.7.8 Username and Password not accepted. Learn more at
535 5.7.8  https://support.google.com/mail/?p=BadCredentials p17sm6972824pjg.54 - gsmtp
". {"exception":"[object] (Swift_TransportException(code: 0): Failed to authenticate on SMTP server with username \"lsp@polije.ac.id\" using 3 possible authenticators. Authenticator LOGIN returned Expected response code 235 but got code \"535\", with message \"535-5.7.8 Username and Password not accepted. Learn more at
535 5.7.8  https://support.google.com/mail/?p=BadCredentials p17sm6972824pjg.54 - gsmtp
\". Authenticator PLAIN returned Expected response code 235 but got code \"535\", with message \"535-5.7.8 Username and Password not accepted. Learn more at
535 5.7.8  https://support.google.com/mail/?p=BadCredentials p17sm6972824pjg.54 - gsmtp
\". Authenticator XOAUTH2 returned Expected response code 250 but got code \"535\", with message \"535-5.7.8 Username and Password not accepted. Learn more at
535 5.7.8  https://support.google.com/mail/?p=BadCredentials p17sm6972824pjg.54 - gsmtp
\". at /home/adminlsp/appdir/vendor/swiftmailer/swiftmailer/lib/classes/Swift/Transport/Esmtp/AuthHandler.php:191)
[stacktrace]
#0 /home/adminlsp/appdir/vendor/swiftmailer/swiftmailer/lib/classes/Swift/Transport/EsmtpTransport.php(371): Swift_Transport_Esmtp_AuthHandler->afterEhlo(Object(Swift_SmtpTransport))
#1 /home/adminlsp/appdir/vendor/swiftmailer/swiftmailer/lib/classes/Swift/Transport/AbstractSmtpTransport.php(148): Swift_Transport_EsmtpTransport->doHeloCommand()
#2 /home/adminlsp/appdir/vendor/swiftmailer/swiftmailer/lib/classes/Swift/Mailer.php(65): Swift_Transport_AbstractSmtpTransport->start()
#3 /home/adminlsp/appdir/vendor/laravel/framework/src/Illuminate/Mail/Mailer.php(484): Swift_Mailer->send(Object(Swift_Message), Array)
#4 /home/adminlsp/appdir/vendor/laravel/framework/src/Illuminate/Mail/Mailer.php(259): Illuminate\\Mail\\Mailer->sendSwiftMessage(Object(Swift_Message))
#5 /home/adminlsp/appdir/vendor/laravel/framework/src/Illuminate/Mail/Mailable.php(159): Illuminate\\Mail\\Mailer->send('auth.mail', Array, Object(Closure))
#6 /home/adminlsp/appdir/vendor/laravel/framework/src/Illuminate/Support/Traits/Localizable.php(19): Illuminate\\Mail\\Mailable->Illuminate\\Mail\\{closure}()
#7 /home/adminlsp/appdir/vendor/laravel/framework/src/Illuminate/Mail/Mailable.php(160): Illuminate\\Mail\\Mailable->withLocale(NULL, Object(Closure))
#8 /home/adminlsp/appdir/vendor/laravel/framework/src/Illuminate/Mail/Mailer.php(275): Illuminate\\Mail\\Mailable->send(Object(Illuminate\\Mail\\Mailer))
#9 /home/adminlsp/appdir/vendor/laravel/framework/src/Illuminate/Mail/Mailer.php(229): Illuminate\\Mail\\Mailer->sendMailable(Object(App\\Mail\\RegisterMail))
#10 /home/adminlsp/appdir/vendor/laravel/framework/src/Illuminate/Mail/PendingMail.php(127): Illuminate\\Mail\\Mailer->send(Object(App\\Mail\\RegisterMail))
#11 /home/adminlsp/appdir/app/Listeners/RegisteredListener.php(30): Illuminate\\Mail\\PendingMail->send(Object(App\\Mail\\RegisterMail))
#12 [internal function]: App\\Listeners\\RegisteredListener->handle(Object(Illuminate\\Auth\\Events\\Registered))
#13 /home/adminlsp/appdir/vendor/laravel/framework/src/Illuminate/Events/Dispatcher.php(366): call_user_func_array(Array, Array)
#14 /home/adminlsp/appdir/vendor/laravel/framework/src/Illuminate/Events/Dispatcher.php(196): Illuminate\\Events\\Dispatcher->Illuminate\\Events\\{closure}('Illuminate\\\\Auth...', Array)
#15 /home/adminlsp/appdir/vendor/laravel/framework/src/Illuminate/Foundation/helpers.php(482): Illuminate\\Events\\Dispatcher->dispatch('Illuminate\\\\Auth...')
#16 /home/adminlsp/appdir/vendor/laravel/framework/src/Illuminate/Foundation/Auth/RegistersUsers.php(34): event(Object(Illuminate\\Auth\\Events\\Registered))
#17 [internal function]: App\\Http\\Controllers\\Auth\\RegisterController->register(Object(Illuminate\\Http\\Request))
#18 /home/adminlsp/appdir/vendor/laravel/framework/src/Illuminate/Routing/Controller.php(54): call_user_func_array(Array, Array)
#19 /home/adminlsp/appdir/vendor/laravel/framework/src/Illuminate/Routing/ControllerDispatcher.php(45): Illuminate\\Routing\\Controller->callAction('register', Array)
#20 /home/adminlsp/appdir/vendor/laravel/framework/src/Illuminate/Routing/Route.php(219): Illuminate\\Routing\\ControllerDispatcher->dispatch(Object(Illuminate\\Routing\\Route), Object(App\\Http\\Controllers\\Auth\\RegisterController), 'register')
#21 /home/adminlsp/appdir/vendor/laravel/framework/src/Illuminate/Routing/Route.php(176): Illuminate\\Routing\\Route->runController()
#22 /home/adminlsp/appdir/vendor/laravel/framework/src/Illuminate/Routing/Router.php(680): Illuminate\\Routing\\Route->run()
#23 /home/adminlsp/appdir/vendor/laravel/framework/src/Illuminate/Routing/Pipeline.php(30): Illuminate\\Routing\\Router->Illuminate\\Routing\\{closure}(Object(Illuminate\\Http\\Request))
#24 /home/adminlsp/appdir/app/Http/Middleware/RedirectIfAuthenticated.php(24): Illuminate\\Routing\\Pipeline->Illuminate\\Routing\\{closure}(Object(Illuminate\\Http\\Request))
#25 /home/adminlsp/appdir/vendor/laravel/framework/src/Illuminate/Pipeline/Pipeline.php(163): App\\Http\\Middleware\\RedirectIfAuthenticated->handle(Object(Illuminate\\Http\\Request), Object(Closure))
#26 /home/adminlsp/appdir/vendor/laravel/framework/src/Illuminate/Routing/Pipeline.php(53): Illuminate\\Pipeline\\Pipeline->Illuminate\\Pipeline\\{closure}(Object(Illuminate\\Http\\Request))
#27 /home/adminlsp/appdir/vendor/laravel/framework/src/Illuminate/Routing/Middleware/SubstituteBindings.php(41): Illuminate\\Routing\\Pipeline->Illuminate\\Routing\\{closure}(Object(Illuminate\\Http\\Request))
#28 /home/adminlsp/appdir/vendor/laravel/framework/src/Illuminate/Pipeline/Pipeline.php(163): Illuminate\\Routing\\Middleware\\SubstituteBindings->handle(Object(Illuminate\\Http\\Request), Object(Closure))
#29 /home/adminlsp/appdir/vendor/laravel/framework/src/Illuminate/Routing/Pipeline.php(53): Illuminate\\Pipeline\\Pipeline->Illuminate\\Pipeline\\{closure}(Object(Illuminate\\Http\\Request))
#30 /home/adminlsp/appdir/vendor/laravel/framework/src/Illuminate/Foundation/Http/Middleware/VerifyCsrfToken.php(75): Illuminate\\Routing\\Pipeline->Illuminate\\Routing\\{closure}(Object(Illuminate\\Http\\Request))
#31 /home/adminlsp/appdir/vendor/laravel/framework/src/Illuminate/Pipeline/Pipeline.php(163): Illuminate\\Foundation\\Http\\Middleware\\VerifyCsrfToken->handle(Object(Illuminate\\Http\\Request), Object(Closure))
#32 /home/adminlsp/appdir/vendor/laravel/framework/src/Illuminate/Routing/Pipeline.php(53): Illuminate\\Pipeline\\Pipeline->Illuminate\\Pipeline\\{closure}(Object(Illuminate\\Http\\Request))
#33 /home/adminlsp/appdir/vendor/laravel/framework/src/Illuminate/Session/Middleware/AuthenticateSession.php(39): Illuminate\\Routing\\Pipeline->Illuminate\\Routing\\{closure}(Object(Illuminate\\Http\\Request))
#34 /home/adminlsp/appdir/vendor/laravel/framework/src/Illuminate/Pipeline/Pipeline.php(163): Illuminate\\Session\\Middleware\\AuthenticateSession->handle(Object(Illuminate\\Http\\Request), Object(Closure))
#35 /home/adminlsp/appdir/vendor/laravel/framework/src/Illuminate/Routing/Pipeline.php(53): Illuminate\\Pipeline\\Pipeline->Illuminate\\Pipeline\\{closure}(Object(Illuminate\\Http\\Request))
#36 /home/adminlsp/appdir/vendor/laravel/framework/src/Illuminate/View/Middleware/ShareErrorsFromSession.php(49): Illuminate\\Routing\\Pipeline->Illuminate\\Routing\\{closure}(Object(Illuminate\\Http\\Request))
#37 /home/adminlsp/appdir/vendor/laravel/framework/src/Illuminate/Pipeline/Pipeline.php(163): Illuminate\\View\\Middleware\\ShareErrorsFromSession->handle(Object(Illuminate\\Http\\Request), Object(Closure))
#38 /home/adminlsp/appdir/vendor/laravel/framework/src/Illuminate/Routing/Pipeline.php(53): Illuminate\\Pipeline\\Pipeline->Illuminate\\Pipeline\\{closure}(Object(Illuminate\\Http\\Request))
#39 /home/adminlsp/appdir/vendor/laravel/framework/src/Illuminate/Session/Middleware/StartSession.php(56): Illuminate\\Routing\\Pipeline->Illuminate\\Routing\\{closure}(Object(Illuminate\\Http\\Request))
#40 /home/adminlsp/appdir/vendor/laravel/framework/src/Illuminate/Pipeline/Pipeline.php(163): Illuminate\\Session\\Middleware\\StartSession->handle(Object(Illuminate\\Http\\Request), Object(Closure))
#41 /home/adminlsp/appdir/vendor/laravel/framework/src/Illuminate/Routing/Pipeline.php(53): Illuminate\\Pipeline\\Pipeline->Illuminate\\Pipeline\\{closure}(Object(Illuminate\\Http\\Request))
#42 /home/adminlsp/appdir/vendor/laravel/framework/src/Illuminate/Cookie/Middleware/AddQueuedCookiesToResponse.php(37): Illuminate\\Routing\\Pipeline->Illuminate\\Routing\\{closure}(Object(Illuminate\\Http\\Request))
#43 /home/adminlsp/appdir/vendor/laravel/framework/src/Illuminate/Pipeline/Pipeline.php(163): Illuminate\\Cookie\\Middleware\\AddQueuedCookiesToResponse->handle(Object(Illuminate\\Http\\Request), Object(Closure))
#44 /home/adminlsp/appdir/vendor/laravel/framework/src/Illuminate/Routing/Pipeline.php(53): Illuminate\\Pipeline\\Pipeline->Illuminate\\Pipeline\\{closure}(Object(Illuminate\\Http\\Request))
#45 /home/adminlsp/appdir/vendor/laravel/framework/src/Illuminate/Cookie/Middleware/EncryptCookies.php(66): Illuminate\\Routing\\Pipeline->Illuminate\\Routing\\{closure}(Object(Illuminate\\Http\\Request))
#46 /home/adminlsp/appdir/vendor/laravel/framework/src/Illuminate/Pipeline/Pipeline.php(163): Illuminate\\Cookie\\Middleware\\EncryptCookies->handle(Object(Illuminate\\Http\\Request), Object(Closure))
#47 /home/adminlsp/appdir/vendor/laravel/framework/src/Illuminate/Routing/Pipeline.php(53): Illuminate\\Pipeline\\Pipeline->Illuminate\\Pipeline\\{closure}(Object(Illuminate\\Http\\Request))
#48 /home/adminlsp/appdir/vendor/laravel/framework/src/Illuminate/Pipeline/Pipeline.php(104): Illuminate\\Routing\\Pipeline->Illuminate\\Routing\\{closure}(Object(Illuminate\\Http\\Request))
#49 /home/adminlsp/appdir/vendor/laravel/framework/src/Illuminate/Routing/Router.php(682): Illuminate\\Pipeline\\Pipeline->then(Object(Closure))
#50 /home/adminlsp/appdir/vendor/laravel/framework/src/Illuminate/Routing/Router.php(657): Illuminate\\Routing\\Router->runRouteWithinStack(Object(Illuminate\\Routing\\Route), Object(Illuminate\\Http\\Request))
#51 /home/adminlsp/appdir/vendor/laravel/framework/src/Illuminate/Routing/Router.php(623): Illuminate\\Routing\\Router->runRoute(Object(Illuminate\\Http\\Request), Object(Illuminate\\Routing\\Route))
#52 /home/adminlsp/appdir/vendor/laravel/framework/src/Illuminate/Routing/Router.php(612): Illuminate\\Routing\\Router->dispatchToRoute(Object(Illuminate\\Http\\Request))
#53 /home/adminlsp/appdir/vendor/laravel/framework/src/Illuminate/Foundation/Http/Kernel.php(176): Illuminate\\Routing\\Router->dispatch(Object(Illuminate\\Http\\Request))
#54 /home/adminlsp/appdir/vendor/laravel/framework/src/Illuminate/Routing/Pipeline.php(30): Illuminate\\Foundation\\Http\\Kernel->Illuminate\\Foundation\\Http\\{closure}(Object(Illuminate\\Http\\Request))
#55 /home/adminlsp/appdir/vendor/fideloper/proxy/src/TrustProxies.php(57): Illuminate\\Routing\\Pipeline->Illuminate\\Routing\\{closure}(Object(Illuminate\\Http\\Request))
#56 /home/adminlsp/appdir/vendor/laravel/framework/src/Illuminate/Pipeline/Pipeline.php(163): Fideloper\\Proxy\\TrustProxies->handle(Object(Illuminate\\Http\\Request), Object(Closure))
#57 /home/adminlsp/appdir/vendor/laravel/framework/src/Illuminate/Routing/Pipeline.php(53): Illuminate\\Pipeline\\Pipeline->Illuminate\\Pipeline\\{closure}(Object(Illuminate\\Http\\Request))
#58 /home/adminlsp/appdir/vendor/laravel/framework/src/Illuminate/Foundation/Http/Middleware/TransformsRequest.php(21): Illuminate\\Routing\\Pipeline->Illuminate\\Routing\\{closure}(Object(Illuminate\\Http\\Request))
#59 /home/adminlsp/appdir/vendor/laravel/framework/src/Illuminate/Pipeline/Pipeline.php(163): Illuminate\\Foundation\\Http\\Middleware\\TransformsRequest->handle(Object(Illuminate\\Http\\Request), Object(Closure))
#60 /home/adminlsp/appdir/vendor/laravel/framework/src/Illuminate/Routing/Pipeline.php(53): Illuminate\\Pipeline\\Pipeline->Illuminate\\Pipeline\\{closure}(Object(Illuminate\\Http\\Request))
#61 /home/adminlsp/appdir/vendor/laravel/framework/src/Illuminate/Foundation/Http/Middleware/TransformsRequest.php(21): Illuminate\\Routing\\Pipeline->Illuminate\\Routing\\{closure}(Object(Illuminate\\Http\\Request))
#62 /home/adminlsp/appdir/vendor/laravel/framework/src/Illuminate/Pipeline/Pipeline.php(163): Illuminate\\Foundation\\Http\\Middleware\\TransformsRequest->handle(Object(Illuminate\\Http\\Request), Object(Closure))
#63 /home/adminlsp/appdir/vendor/laravel/framework/src/Illuminate/Routing/Pipeline.php(53): Illuminate\\Pipeline\\Pipeline->Illuminate\\Pipeline\\{closure}(Object(Illuminate\\Http\\Request))
#64 /home/adminlsp/appdir/vendor/laravel/framework/src/Illuminate/Foundation/Http/Middleware/ValidatePostSize.php(27): Illuminate\\Routing\\Pipeline->Illuminate\\Routing\\{closure}(Object(Illuminate\\Http\\Request))
#65 /home/adminlsp/appdir/vendor/laravel/framework/src/Illuminate/Pipeline/Pipeline.php(163): Illuminate\\Foundation\\Http\\Middleware\\ValidatePostSize->handle(Object(Illuminate\\Http\\Request), Object(Closure))
#66 /home/adminlsp/appdir/vendor/laravel/framework/src/Illuminate/Routing/Pipeline.php(53): Illuminate\\Pipeline\\Pipeline->Illuminate\\Pipeline\\{closure}(Object(Illuminate\\Http\\Request))
#67 /home/adminlsp/appdir/vendor/laravel/framework/src/Illuminate/Foundation/Http/Middleware/CheckForMaintenanceMode.php(62): Illuminate\\Routing\\Pipeline->Illuminate\\Routing\\{closure}(Object(Illuminate\\Http\\Request))
#68 /home/adminlsp/appdir/vendor/laravel/framework/src/Illuminate/Pipeline/Pipeline.php(163): Illuminate\\Foundation\\Http\\Middleware\\CheckForMaintenanceMode->handle(Object(Illuminate\\Http\\Request), Object(Closure))
#69 /home/adminlsp/appdir/vendor/laravel/framework/src/Illuminate/Routing/Pipeline.php(53): Illuminate\\Pipeline\\Pipeline->Illuminate\\Pipeline\\{closure}(Object(Illuminate\\Http\\Request))
#70 /home/adminlsp/appdir/vendor/laravel/framework/src/Illuminate/Pipeline/Pipeline.php(104): Illuminate\\Routing\\Pipeline->Illuminate\\Routing\\{closure}(Object(Illuminate\\Http\\Request))
#71 /home/adminlsp/appdir/vendor/laravel/framework/src/Illuminate/Foundation/Http/Kernel.php(151): Illuminate\\Pipeline\\Pipeline->then(Object(Closure))
#72 /home/adminlsp/appdir/vendor/laravel/framework/src/Illuminate/Foundation/Http/Kernel.php(116): Illuminate\\Foundation\\Http\\Kernel->sendRequestThroughRouter(Object(Illuminate\\Http\\Request))
#73 /home/adminlsp/appdir/public/index.php(55): Illuminate\\Foundation\\Http\\Kernel->handle(Object(Illuminate\\Http\\Request))
#74 /home/adminlsp/appdir/server.php(21): require_once('/home/adminlsp/...')
#75 {main}
"} 
[2021-06-17 04:18:38] local.ERROR: Failed to authenticate on SMTP server with username "lsp@polije.ac.id" using 3 possible authenticators. Authenticator LOGIN returned Expected response code 235 but got code "535", with message "535-5.7.8 Username and Password not accepted. Learn more at
535 5.7.8  https://support.google.com/mail/?p=BadCredentials x36sm3505372pfu.39 - gsmtp
". Authenticator PLAIN returned Expected response code 235 but got code "535", with message "535-5.7.8 Username and Password not accepted. Learn more at
535 5.7.8  https://support.google.com/mail/?p=BadCredentials x36sm3505372pfu.39 - gsmtp
". Authenticator XOAUTH2 returned Expected response code 250 but got code "535", with message "535-5.7.8 Username and Password not accepted. Learn more at
535 5.7.8  https://support.google.com/mail/?p=BadCredentials x36sm3505372pfu.39 - gsmtp
". {"exception":"[object] (Swift_TransportException(code: 0): Failed to authenticate on SMTP server with username \"lsp@polije.ac.id\" using 3 possible authenticators. Authenticator LOGIN returned Expected response code 235 but got code \"535\", with message \"535-5.7.8 Username and Password not accepted. Learn more at
535 5.7.8  https://support.google.com/mail/?p=BadCredentials x36sm3505372pfu.39 - gsmtp
\". Authenticator PLAIN returned Expected response code 235 but got code \"535\", with message \"535-5.7.8 Username and Password not accepted. Learn more at
535 5.7.8  https://support.google.com/mail/?p=BadCredentials x36sm3505372pfu.39 - gsmtp
\". Authenticator XOAUTH2 returned Expected response code 250 but got code \"535\", with message \"535-5.7.8 Username and Password not accepted. Learn more at
535 5.7.8  https://support.google.com/mail/?p=BadCredentials x36sm3505372pfu.39 - gsmtp
\". at /home/adminlsp/appdir/vendor/swiftmailer/swiftmailer/lib/classes/Swift/Transport/Esmtp/AuthHandler.php:191)
[stacktrace]
#0 /home/adminlsp/appdir/vendor/swiftmailer/swiftmailer/lib/classes/Swift/Transport/EsmtpTransport.php(371): Swift_Transport_Esmtp_AuthHandler->afterEhlo(Object(Swift_SmtpTransport))
#1 /home/adminlsp/appdir/vendor/swiftmailer/swiftmailer/lib/classes/Swift/Transport/AbstractSmtpTransport.php(148): Swift_Transport_EsmtpTransport->doHeloCommand()
#2 /home/adminlsp/appdir/vendor/swiftmailer/swiftmailer/lib/classes/Swift/Mailer.php(65): Swift_Transport_AbstractSmtpTransport->start()
#3 /home/adminlsp/appdir/vendor/laravel/framework/src/Illuminate/Mail/Mailer.php(484): Swift_Mailer->send(Object(Swift_Message), Array)
#4 /home/adminlsp/appdir/vendor/laravel/framework/src/Illuminate/Mail/Mailer.php(259): Illuminate\\Mail\\Mailer->sendSwiftMessage(Object(Swift_Message))
#5 /home/adminlsp/appdir/vendor/laravel/framework/src/Illuminate/Mail/Mailable.php(159): Illuminate\\Mail\\Mailer->send('auth.mail', Array, Object(Closure))
#6 /home/adminlsp/appdir/vendor/laravel/framework/src/Illuminate/Support/Traits/Localizable.php(19): Illuminate\\Mail\\Mailable->Illuminate\\Mail\\{closure}()
#7 /home/adminlsp/appdir/vendor/laravel/framework/src/Illuminate/Mail/Mailable.php(160): Illuminate\\Mail\\Mailable->withLocale(NULL, Object(Closure))
#8 /home/adminlsp/appdir/vendor/laravel/framework/src/Illuminate/Mail/Mailer.php(275): Illuminate\\Mail\\Mailable->send(Object(Illuminate\\Mail\\Mailer))
#9 /home/adminlsp/appdir/vendor/laravel/framework/src/Illuminate/Mail/Mailer.php(229): Illuminate\\Mail\\Mailer->sendMailable(Object(App\\Mail\\RegisterMail))
#10 /home/adminlsp/appdir/vendor/laravel/framework/src/Illuminate/Mail/PendingMail.php(127): Illuminate\\Mail\\Mailer->send(Object(App\\Mail\\RegisterMail))
#11 /home/adminlsp/appdir/app/Listeners/RegisteredListener.php(30): Illuminate\\Mail\\PendingMail->send(Object(App\\Mail\\RegisterMail))
#12 [internal function]: App\\Listeners\\RegisteredListener->handle(Object(Illuminate\\Auth\\Events\\Registered))
#13 /home/adminlsp/appdir/vendor/laravel/framework/src/Illuminate/Events/Dispatcher.php(366): call_user_func_array(Array, Array)
#14 /home/adminlsp/appdir/vendor/laravel/framework/src/Illuminate/Events/Dispatcher.php(196): Illuminate\\Events\\Dispatcher->Illuminate\\Events\\{closure}('Illuminate\\\\Auth...', Array)
#15 /home/adminlsp/appdir/vendor/laravel/framework/src/Illuminate/Foundation/helpers.php(482): Illuminate\\Events\\Dispatcher->dispatch('Illuminate\\\\Auth...')
#16 /home/adminlsp/appdir/vendor/laravel/framework/src/Illuminate/Foundation/Auth/RegistersUsers.php(34): event(Object(Illuminate\\Auth\\Events\\Registered))
#17 [internal function]: App\\Http\\Controllers\\Auth\\RegisterController->register(Object(Illuminate\\Http\\Request))
#18 /home/adminlsp/appdir/vendor/laravel/framework/src/Illuminate/Routing/Controller.php(54): call_user_func_array(Array, Array)
#19 /home/adminlsp/appdir/vendor/laravel/framework/src/Illuminate/Routing/ControllerDispatcher.php(45): Illuminate\\Routing\\Controller->callAction('register', Array)
#20 /home/adminlsp/appdir/vendor/laravel/framework/src/Illuminate/Routing/Route.php(219): Illuminate\\Routing\\ControllerDispatcher->dispatch(Object(Illuminate\\Routing\\Route), Object(App\\Http\\Controllers\\Auth\\RegisterController), 'register')
#21 /home/adminlsp/appdir/vendor/laravel/framework/src/Illuminate/Routing/Route.php(176): Illuminate\\Routing\\Route->runController()
#22 /home/adminlsp/appdir/vendor/laravel/framework/src/Illuminate/Routing/Router.php(680): Illuminate\\Routing\\Route->run()
#23 /home/adminlsp/appdir/vendor/laravel/framework/src/Illuminate/Routing/Pipeline.php(30): Illuminate\\Routing\\Router->Illuminate\\Routing\\{closure}(Object(Illuminate\\Http\\Request))
#24 /home/adminlsp/appdir/app/Http/Middleware/RedirectIfAuthenticated.php(24): Illuminate\\Routing\\Pipeline->Illuminate\\Routing\\{closure}(Object(Illuminate\\Http\\Request))
#25 /home/adminlsp/appdir/vendor/laravel/framework/src/Illuminate/Pipeline/Pipeline.php(163): App\\Http\\Middleware\\RedirectIfAuthenticated->handle(Object(Illuminate\\Http\\Request), Object(Closure))
#26 /home/adminlsp/appdir/vendor/laravel/framework/src/Illuminate/Routing/Pipeline.php(53): Illuminate\\Pipeline\\Pipeline->Illuminate\\Pipeline\\{closure}(Object(Illuminate\\Http\\Request))
#27 /home/adminlsp/appdir/vendor/laravel/framework/src/Illuminate/Routing/Middleware/SubstituteBindings.php(41): Illuminate\\Routing\\Pipeline->Illuminate\\Routing\\{closure}(Object(Illuminate\\Http\\Request))
#28 /home/adminlsp/appdir/vendor/laravel/framework/src/Illuminate/Pipeline/Pipeline.php(163): Illuminate\\Routing\\Middleware\\SubstituteBindings->handle(Object(Illuminate\\Http\\Request), Object(Closure))
#29 /home/adminlsp/appdir/vendor/laravel/framework/src/Illuminate/Routing/Pipeline.php(53): Illuminate\\Pipeline\\Pipeline->Illuminate\\Pipeline\\{closure}(Object(Illuminate\\Http\\Request))
#30 /home/adminlsp/appdir/vendor/laravel/framework/src/Illuminate/Foundation/Http/Middleware/VerifyCsrfToken.php(75): Illuminate\\Routing\\Pipeline->Illuminate\\Routing\\{closure}(Object(Illuminate\\Http\\Request))
#31 /home/adminlsp/appdir/vendor/laravel/framework/src/Illuminate/Pipeline/Pipeline.php(163): Illuminate\\Foundation\\Http\\Middleware\\VerifyCsrfToken->handle(Object(Illuminate\\Http\\Request), Object(Closure))
#32 /home/adminlsp/appdir/vendor/laravel/framework/src/Illuminate/Routing/Pipeline.php(53): Illuminate\\Pipeline\\Pipeline->Illuminate\\Pipeline\\{closure}(Object(Illuminate\\Http\\Request))
#33 /home/adminlsp/appdir/vendor/laravel/framework/src/Illuminate/Session/Middleware/AuthenticateSession.php(39): Illuminate\\Routing\\Pipeline->Illuminate\\Routing\\{closure}(Object(Illuminate\\Http\\Request))
#34 /home/adminlsp/appdir/vendor/laravel/framework/src/Illuminate/Pipeline/Pipeline.php(163): Illuminate\\Session\\Middleware\\AuthenticateSession->handle(Object(Illuminate\\Http\\Request), Object(Closure))
#35 /home/adminlsp/appdir/vendor/laravel/framework/src/Illuminate/Routing/Pipeline.php(53): Illuminate\\Pipeline\\Pipeline->Illuminate\\Pipeline\\{closure}(Object(Illuminate\\Http\\Request))
#36 /home/adminlsp/appdir/vendor/laravel/framework/src/Illuminate/View/Middleware/ShareErrorsFromSession.php(49): Illuminate\\Routing\\Pipeline->Illuminate\\Routing\\{closure}(Object(Illuminate\\Http\\Request))
#37 /home/adminlsp/appdir/vendor/laravel/framework/src/Illuminate/Pipeline/Pipeline.php(163): Illuminate\\View\\Middleware\\ShareErrorsFromSession->handle(Object(Illuminate\\Http\\Request), Object(Closure))
#38 /home/adminlsp/appdir/vendor/laravel/framework/src/Illuminate/Routing/Pipeline.php(53): Illuminate\\Pipeline\\Pipeline->Illuminate\\Pipeline\\{closure}(Object(Illuminate\\Http\\Request))
#39 /home/adminlsp/appdir/vendor/laravel/framework/src/Illuminate/Session/Middleware/StartSession.php(56): Illuminate\\Routing\\Pipeline->Illuminate\\Routing\\{closure}(Object(Illuminate\\Http\\Request))
#40 /home/adminlsp/appdir/vendor/laravel/framework/src/Illuminate/Pipeline/Pipeline.php(163): Illuminate\\Session\\Middleware\\StartSession->handle(Object(Illuminate\\Http\\Request), Object(Closure))
#41 /home/adminlsp/appdir/vendor/laravel/framework/src/Illuminate/Routing/Pipeline.php(53): Illuminate\\Pipeline\\Pipeline->Illuminate\\Pipeline\\{closure}(Object(Illuminate\\Http\\Request))
#42 /home/adminlsp/appdir/vendor/laravel/framework/src/Illuminate/Cookie/Middleware/AddQueuedCookiesToResponse.php(37): Illuminate\\Routing\\Pipeline->Illuminate\\Routing\\{closure}(Object(Illuminate\\Http\\Request))
#43 /home/adminlsp/appdir/vendor/laravel/framework/src/Illuminate/Pipeline/Pipeline.php(163): Illuminate\\Cookie\\Middleware\\AddQueuedCookiesToResponse->handle(Object(Illuminate\\Http\\Request), Object(Closure))
#44 /home/adminlsp/appdir/vendor/laravel/framework/src/Illuminate/Routing/Pipeline.php(53): Illuminate\\Pipeline\\Pipeline->Illuminate\\Pipeline\\{closure}(Object(Illuminate\\Http\\Request))
#45 /home/adminlsp/appdir/vendor/laravel/framework/src/Illuminate/Cookie/Middleware/EncryptCookies.php(66): Illuminate\\Routing\\Pipeline->Illuminate\\Routing\\{closure}(Object(Illuminate\\Http\\Request))
#46 /home/adminlsp/appdir/vendor/laravel/framework/src/Illuminate/Pipeline/Pipeline.php(163): Illuminate\\Cookie\\Middleware\\EncryptCookies->handle(Object(Illuminate\\Http\\Request), Object(Closure))
#47 /home/adminlsp/appdir/vendor/laravel/framework/src/Illuminate/Routing/Pipeline.php(53): Illuminate\\Pipeline\\Pipeline->Illuminate\\Pipeline\\{closure}(Object(Illuminate\\Http\\Request))
#48 /home/adminlsp/appdir/vendor/laravel/framework/src/Illuminate/Pipeline/Pipeline.php(104): Illuminate\\Routing\\Pipeline->Illuminate\\Routing\\{closure}(Object(Illuminate\\Http\\Request))
#49 /home/adminlsp/appdir/vendor/laravel/framework/src/Illuminate/Routing/Router.php(682): Illuminate\\Pipeline\\Pipeline->then(Object(Closure))
#50 /home/adminlsp/appdir/vendor/laravel/framework/src/Illuminate/Routing/Router.php(657): Illuminate\\Routing\\Router->runRouteWithinStack(Object(Illuminate\\Routing\\Route), Object(Illuminate\\Http\\Request))
#51 /home/adminlsp/appdir/vendor/laravel/framework/src/Illuminate/Routing/Router.php(623): Illuminate\\Routing\\Router->runRoute(Object(Illuminate\\Http\\Request), Object(Illuminate\\Routing\\Route))
#52 /home/adminlsp/appdir/vendor/laravel/framework/src/Illuminate/Routing/Router.php(612): Illuminate\\Routing\\Router->dispatchToRoute(Object(Illuminate\\Http\\Request))
#53 /home/adminlsp/appdir/vendor/laravel/framework/src/Illuminate/Foundation/Http/Kernel.php(176): Illuminate\\Routing\\Router->dispatch(Object(Illuminate\\Http\\Request))
#54 /home/adminlsp/appdir/vendor/laravel/framework/src/Illuminate/Routing/Pipeline.php(30): Illuminate\\Foundation\\Http\\Kernel->Illuminate\\Foundation\\Http\\{closure}(Object(Illuminate\\Http\\Request))
#55 /home/adminlsp/appdir/vendor/fideloper/proxy/src/TrustProxies.php(57): Illuminate\\Routing\\Pipeline->Illuminate\\Routing\\{closure}(Object(Illuminate\\Http\\Request))
#56 /home/adminlsp/appdir/vendor/laravel/framework/src/Illuminate/Pipeline/Pipeline.php(163): Fideloper\\Proxy\\TrustProxies->handle(Object(Illuminate\\Http\\Request), Object(Closure))
#57 /home/adminlsp/appdir/vendor/laravel/framework/src/Illuminate/Routing/Pipeline.php(53): Illuminate\\Pipeline\\Pipeline->Illuminate\\Pipeline\\{closure}(Object(Illuminate\\Http\\Request))
#58 /home/adminlsp/appdir/vendor/laravel/framework/src/Illuminate/Foundation/Http/Middleware/TransformsRequest.php(21): Illuminate\\Routing\\Pipeline->Illuminate\\Routing\\{closure}(Object(Illuminate\\Http\\Request))
#59 /home/adminlsp/appdir/vendor/laravel/framework/src/Illuminate/Pipeline/Pipeline.php(163): Illuminate\\Foundation\\Http\\Middleware\\TransformsRequest->handle(Object(Illuminate\\Http\\Request), Object(Closure))
#60 /home/adminlsp/appdir/vendor/laravel/framework/src/Illuminate/Routing/Pipeline.php(53): Illuminate\\Pipeline\\Pipeline->Illuminate\\Pipeline\\{closure}(Object(Illuminate\\Http\\Request))
#61 /home/adminlsp/appdir/vendor/laravel/framework/src/Illuminate/Foundation/Http/Middleware/TransformsRequest.php(21): Illuminate\\Routing\\Pipeline->Illuminate\\Routing\\{closure}(Object(Illuminate\\Http\\Request))
#62 /home/adminlsp/appdir/vendor/laravel/framework/src/Illuminate/Pipeline/Pipeline.php(163): Illuminate\\Foundation\\Http\\Middleware\\TransformsRequest->handle(Object(Illuminate\\Http\\Request), Object(Closure))
#63 /home/adminlsp/appdir/vendor/laravel/framework/src/Illuminate/Routing/Pipeline.php(53): Illuminate\\Pipeline\\Pipeline->Illuminate\\Pipeline\\{closure}(Object(Illuminate\\Http\\Request))
#64 /home/adminlsp/appdir/vendor/laravel/framework/src/Illuminate/Foundation/Http/Middleware/ValidatePostSize.php(27): Illuminate\\Routing\\Pipeline->Illuminate\\Routing\\{closure}(Object(Illuminate\\Http\\Request))
#65 /home/adminlsp/appdir/vendor/laravel/framework/src/Illuminate/Pipeline/Pipeline.php(163): Illuminate\\Foundation\\Http\\Middleware\\ValidatePostSize->handle(Object(Illuminate\\Http\\Request), Object(Closure))
#66 /home/adminlsp/appdir/vendor/laravel/framework/src/Illuminate/Routing/Pipeline.php(53): Illuminate\\Pipeline\\Pipeline->Illuminate\\Pipeline\\{closure}(Object(Illuminate\\Http\\Request))
#67 /home/adminlsp/appdir/vendor/laravel/framework/src/Illuminate/Foundation/Http/Middleware/CheckForMaintenanceMode.php(62): Illuminate\\Routing\\Pipeline->Illuminate\\Routing\\{closure}(Object(Illuminate\\Http\\Request))
#68 /home/adminlsp/appdir/vendor/laravel/framework/src/Illuminate/Pipeline/Pipeline.php(163): Illuminate\\Foundation\\Http\\Middleware\\CheckForMaintenanceMode->handle(Object(Illuminate\\Http\\Request), Object(Closure))
#69 /home/adminlsp/appdir/vendor/laravel/framework/src/Illuminate/Routing/Pipeline.php(53): Illuminate\\Pipeline\\Pipeline->Illuminate\\Pipeline\\{closure}(Object(Illuminate\\Http\\Request))
#70 /home/adminlsp/appdir/vendor/laravel/framework/src/Illuminate/Pipeline/Pipeline.php(104): Illuminate\\Routing\\Pipeline->Illuminate\\Routing\\{closure}(Object(Illuminate\\Http\\Request))
#71 /home/adminlsp/appdir/vendor/laravel/framework/src/Illuminate/Foundation/Http/Kernel.php(151): Illuminate\\Pipeline\\Pipeline->then(Object(Closure))
#72 /home/adminlsp/appdir/vendor/laravel/framework/src/Illuminate/Foundation/Http/Kernel.php(116): Illuminate\\Foundation\\Http\\Kernel->sendRequestThroughRouter(Object(Illuminate\\Http\\Request))
#73 /home/adminlsp/appdir/public/index.php(55): Illuminate\\Foundation\\Http\\Kernel->handle(Object(Illuminate\\Http\\Request))
#74 /home/adminlsp/appdir/server.php(21): require_once('/home/adminlsp/...')
#75 {main}
"} 
[2021-06-17 04:20:06] local.ERROR: Failed to authenticate on SMTP server with username "lsp@polije.ac.id" using 3 possible authenticators. Authenticator LOGIN returned Expected response code 235 but got code "535", with message "535-5.7.8 Username and Password not accepted. Learn more at
535 5.7.8  https://support.google.com/mail/?p=BadCredentials o16sm3502346pfk.129 - gsmtp
". Authenticator PLAIN returned Expected response code 235 but got code "535", with message "535-5.7.8 Username and Password not accepted. Learn more at
535 5.7.8  https://support.google.com/mail/?p=BadCredentials o16sm3502346pfk.129 - gsmtp
". Authenticator XOAUTH2 returned Expected response code 250 but got code "535", with message "535-5.7.8 Username and Password not accepted. Learn more at
535 5.7.8  https://support.google.com/mail/?p=BadCredentials o16sm3502346pfk.129 - gsmtp
". {"exception":"[object] (Swift_TransportException(code: 0): Failed to authenticate on SMTP server with username \"lsp@polije.ac.id\" using 3 possible authenticators. Authenticator LOGIN returned Expected response code 235 but got code \"535\", with message \"535-5.7.8 Username and Password not accepted. Learn more at
535 5.7.8  https://support.google.com/mail/?p=BadCredentials o16sm3502346pfk.129 - gsmtp
\". Authenticator PLAIN returned Expected response code 235 but got code \"535\", with message \"535-5.7.8 Username and Password not accepted. Learn more at
535 5.7.8  https://support.google.com/mail/?p=BadCredentials o16sm3502346pfk.129 - gsmtp
\". Authenticator XOAUTH2 returned Expected response code 250 but got code \"535\", with message \"535-5.7.8 Username and Password not accepted. Learn more at
535 5.7.8  https://support.google.com/mail/?p=BadCredentials o16sm3502346pfk.129 - gsmtp
\". at /home/adminlsp/appdir/vendor/swiftmailer/swiftmailer/lib/classes/Swift/Transport/Esmtp/AuthHandler.php:191)
[stacktrace]
#0 /home/adminlsp/appdir/vendor/swiftmailer/swiftmailer/lib/classes/Swift/Transport/EsmtpTransport.php(371): Swift_Transport_Esmtp_AuthHandler->afterEhlo(Object(Swift_SmtpTransport))
#1 /home/adminlsp/appdir/vendor/swiftmailer/swiftmailer/lib/classes/Swift/Transport/AbstractSmtpTransport.php(148): Swift_Transport_EsmtpTransport->doHeloCommand()
#2 /home/adminlsp/appdir/vendor/swiftmailer/swiftmailer/lib/classes/Swift/Mailer.php(65): Swift_Transport_AbstractSmtpTransport->start()
#3 /home/adminlsp/appdir/vendor/laravel/framework/src/Illuminate/Mail/Mailer.php(484): Swift_Mailer->send(Object(Swift_Message), Array)
#4 /home/adminlsp/appdir/vendor/laravel/framework/src/Illuminate/Mail/Mailer.php(259): Illuminate\\Mail\\Mailer->sendSwiftMessage(Object(Swift_Message))
#5 /home/adminlsp/appdir/vendor/laravel/framework/src/Illuminate/Mail/Mailable.php(159): Illuminate\\Mail\\Mailer->send('auth.mail', Array, Object(Closure))
#6 /home/adminlsp/appdir/vendor/laravel/framework/src/Illuminate/Support/Traits/Localizable.php(19): Illuminate\\Mail\\Mailable->Illuminate\\Mail\\{closure}()
#7 /home/adminlsp/appdir/vendor/laravel/framework/src/Illuminate/Mail/Mailable.php(160): Illuminate\\Mail\\Mailable->withLocale(NULL, Object(Closure))
#8 /home/adminlsp/appdir/vendor/laravel/framework/src/Illuminate/Mail/Mailer.php(275): Illuminate\\Mail\\Mailable->send(Object(Illuminate\\Mail\\Mailer))
#9 /home/adminlsp/appdir/vendor/laravel/framework/src/Illuminate/Mail/Mailer.php(229): Illuminate\\Mail\\Mailer->sendMailable(Object(App\\Mail\\RegisterMail))
#10 /home/adminlsp/appdir/vendor/laravel/framework/src/Illuminate/Mail/PendingMail.php(127): Illuminate\\Mail\\Mailer->send(Object(App\\Mail\\RegisterMail))
#11 /home/adminlsp/appdir/app/Listeners/RegisteredListener.php(30): Illuminate\\Mail\\PendingMail->send(Object(App\\Mail\\RegisterMail))
#12 [internal function]: App\\Listeners\\RegisteredListener->handle(Object(Illuminate\\Auth\\Events\\Registered))
#13 /home/adminlsp/appdir/vendor/laravel/framework/src/Illuminate/Events/Dispatcher.php(366): call_user_func_array(Array, Array)
#14 /home/adminlsp/appdir/vendor/laravel/framework/src/Illuminate/Events/Dispatcher.php(196): Illuminate\\Events\\Dispatcher->Illuminate\\Events\\{closure}('Illuminate\\\\Auth...', Array)
#15 /home/adminlsp/appdir/vendor/laravel/framework/src/Illuminate/Foundation/helpers.php(482): Illuminate\\Events\\Dispatcher->dispatch('Illuminate\\\\Auth...')
#16 /home/adminlsp/appdir/vendor/laravel/framework/src/Illuminate/Foundation/Auth/RegistersUsers.php(34): event(Object(Illuminate\\Auth\\Events\\Registered))
#17 [internal function]: App\\Http\\Controllers\\Auth\\RegisterController->register(Object(Illuminate\\Http\\Request))
#18 /home/adminlsp/appdir/vendor/laravel/framework/src/Illuminate/Routing/Controller.php(54): call_user_func_array(Array, Array)
#19 /home/adminlsp/appdir/vendor/laravel/framework/src/Illuminate/Routing/ControllerDispatcher.php(45): Illuminate\\Routing\\Controller->callAction('register', Array)
#20 /home/adminlsp/appdir/vendor/laravel/framework/src/Illuminate/Routing/Route.php(219): Illuminate\\Routing\\ControllerDispatcher->dispatch(Object(Illuminate\\Routing\\Route), Object(App\\Http\\Controllers\\Auth\\RegisterController), 'register')
#21 /home/adminlsp/appdir/vendor/laravel/framework/src/Illuminate/Routing/Route.php(176): Illuminate\\Routing\\Route->runController()
#22 /home/adminlsp/appdir/vendor/laravel/framework/src/Illuminate/Routing/Router.php(680): Illuminate\\Routing\\Route->run()
#23 /home/adminlsp/appdir/vendor/laravel/framework/src/Illuminate/Routing/Pipeline.php(30): Illuminate\\Routing\\Router->Illuminate\\Routing\\{closure}(Object(Illuminate\\Http\\Request))
#24 /home/adminlsp/appdir/app/Http/Middleware/RedirectIfAuthenticated.php(24): Illuminate\\Routing\\Pipeline->Illuminate\\Routing\\{closure}(Object(Illuminate\\Http\\Request))
#25 /home/adminlsp/appdir/vendor/laravel/framework/src/Illuminate/Pipeline/Pipeline.php(163): App\\Http\\Middleware\\RedirectIfAuthenticated->handle(Object(Illuminate\\Http\\Request), Object(Closure))
#26 /home/adminlsp/appdir/vendor/laravel/framework/src/Illuminate/Routing/Pipeline.php(53): Illuminate\\Pipeline\\Pipeline->Illuminate\\Pipeline\\{closure}(Object(Illuminate\\Http\\Request))
#27 /home/adminlsp/appdir/vendor/laravel/framework/src/Illuminate/Routing/Middleware/SubstituteBindings.php(41): Illuminate\\Routing\\Pipeline->Illuminate\\Routing\\{closure}(Object(Illuminate\\Http\\Request))
#28 /home/adminlsp/appdir/vendor/laravel/framework/src/Illuminate/Pipeline/Pipeline.php(163): Illuminate\\Routing\\Middleware\\SubstituteBindings->handle(Object(Illuminate\\Http\\Request), Object(Closure))
#29 /home/adminlsp/appdir/vendor/laravel/framework/src/Illuminate/Routing/Pipeline.php(53): Illuminate\\Pipeline\\Pipeline->Illuminate\\Pipeline\\{closure}(Object(Illuminate\\Http\\Request))
#30 /home/adminlsp/appdir/vendor/laravel/framework/src/Illuminate/Foundation/Http/Middleware/VerifyCsrfToken.php(75): Illuminate\\Routing\\Pipeline->Illuminate\\Routing\\{closure}(Object(Illuminate\\Http\\Request))
#31 /home/adminlsp/appdir/vendor/laravel/framework/src/Illuminate/Pipeline/Pipeline.php(163): Illuminate\\Foundation\\Http\\Middleware\\VerifyCsrfToken->handle(Object(Illuminate\\Http\\Request), Object(Closure))
#32 /home/adminlsp/appdir/vendor/laravel/framework/src/Illuminate/Routing/Pipeline.php(53): Illuminate\\Pipeline\\Pipeline->Illuminate\\Pipeline\\{closure}(Object(Illuminate\\Http\\Request))
#33 /home/adminlsp/appdir/vendor/laravel/framework/src/Illuminate/Session/Middleware/AuthenticateSession.php(39): Illuminate\\Routing\\Pipeline->Illuminate\\Routing\\{closure}(Object(Illuminate\\Http\\Request))
#34 /home/adminlsp/appdir/vendor/laravel/framework/src/Illuminate/Pipeline/Pipeline.php(163): Illuminate\\Session\\Middleware\\AuthenticateSession->handle(Object(Illuminate\\Http\\Request), Object(Closure))
#35 /home/adminlsp/appdir/vendor/laravel/framework/src/Illuminate/Routing/Pipeline.php(53): Illuminate\\Pipeline\\Pipeline->Illuminate\\Pipeline\\{closure}(Object(Illuminate\\Http\\Request))
#36 /home/adminlsp/appdir/vendor/laravel/framework/src/Illuminate/View/Middleware/ShareErrorsFromSession.php(49): Illuminate\\Routing\\Pipeline->Illuminate\\Routing\\{closure}(Object(Illuminate\\Http\\Request))
#37 /home/adminlsp/appdir/vendor/laravel/framework/src/Illuminate/Pipeline/Pipeline.php(163): Illuminate\\View\\Middleware\\ShareErrorsFromSession->handle(Object(Illuminate\\Http\\Request), Object(Closure))
#38 /home/adminlsp/appdir/vendor/laravel/framework/src/Illuminate/Routing/Pipeline.php(53): Illuminate\\Pipeline\\Pipeline->Illuminate\\Pipeline\\{closure}(Object(Illuminate\\Http\\Request))
#39 /home/adminlsp/appdir/vendor/laravel/framework/src/Illuminate/Session/Middleware/StartSession.php(56): Illuminate\\Routing\\Pipeline->Illuminate\\Routing\\{closure}(Object(Illuminate\\Http\\Request))
#40 /home/adminlsp/appdir/vendor/laravel/framework/src/Illuminate/Pipeline/Pipeline.php(163): Illuminate\\Session\\Middleware\\StartSession->handle(Object(Illuminate\\Http\\Request), Object(Closure))
#41 /home/adminlsp/appdir/vendor/laravel/framework/src/Illuminate/Routing/Pipeline.php(53): Illuminate\\Pipeline\\Pipeline->Illuminate\\Pipeline\\{closure}(Object(Illuminate\\Http\\Request))
#42 /home/adminlsp/appdir/vendor/laravel/framework/src/Illuminate/Cookie/Middleware/AddQueuedCookiesToResponse.php(37): Illuminate\\Routing\\Pipeline->Illuminate\\Routing\\{closure}(Object(Illuminate\\Http\\Request))
#43 /home/adminlsp/appdir/vendor/laravel/framework/src/Illuminate/Pipeline/Pipeline.php(163): Illuminate\\Cookie\\Middleware\\AddQueuedCookiesToResponse->handle(Object(Illuminate\\Http\\Request), Object(Closure))
#44 /home/adminlsp/appdir/vendor/laravel/framework/src/Illuminate/Routing/Pipeline.php(53): Illuminate\\Pipeline\\Pipeline->Illuminate\\Pipeline\\{closure}(Object(Illuminate\\Http\\Request))
#45 /home/adminlsp/appdir/vendor/laravel/framework/src/Illuminate/Cookie/Middleware/EncryptCookies.php(66): Illuminate\\Routing\\Pipeline->Illuminate\\Routing\\{closure}(Object(Illuminate\\Http\\Request))
#46 /home/adminlsp/appdir/vendor/laravel/framework/src/Illuminate/Pipeline/Pipeline.php(163): Illuminate\\Cookie\\Middleware\\EncryptCookies->handle(Object(Illuminate\\Http\\Request), Object(Closure))
#47 /home/adminlsp/appdir/vendor/laravel/framework/src/Illuminate/Routing/Pipeline.php(53): Illuminate\\Pipeline\\Pipeline->Illuminate\\Pipeline\\{closure}(Object(Illuminate\\Http\\Request))
#48 /home/adminlsp/appdir/vendor/laravel/framework/src/Illuminate/Pipeline/Pipeline.php(104): Illuminate\\Routing\\Pipeline->Illuminate\\Routing\\{closure}(Object(Illuminate\\Http\\Request))
#49 /home/adminlsp/appdir/vendor/laravel/framework/src/Illuminate/Routing/Router.php(682): Illuminate\\Pipeline\\Pipeline->then(Object(Closure))
#50 /home/adminlsp/appdir/vendor/laravel/framework/src/Illuminate/Routing/Router.php(657): Illuminate\\Routing\\Router->runRouteWithinStack(Object(Illuminate\\Routing\\Route), Object(Illuminate\\Http\\Request))
#51 /home/adminlsp/appdir/vendor/laravel/framework/src/Illuminate/Routing/Router.php(623): Illuminate\\Routing\\Router->runRoute(Object(Illuminate\\Http\\Request), Object(Illuminate\\Routing\\Route))
#52 /home/adminlsp/appdir/vendor/laravel/framework/src/Illuminate/Routing/Router.php(612): Illuminate\\Routing\\Router->dispatchToRoute(Object(Illuminate\\Http\\Request))
#53 /home/adminlsp/appdir/vendor/laravel/framework/src/Illuminate/Foundation/Http/Kernel.php(176): Illuminate\\Routing\\Router->dispatch(Object(Illuminate\\Http\\Request))
#54 /home/adminlsp/appdir/vendor/laravel/framework/src/Illuminate/Routing/Pipeline.php(30): Illuminate\\Foundation\\Http\\Kernel->Illuminate\\Foundation\\Http\\{closure}(Object(Illuminate\\Http\\Request))
#55 /home/adminlsp/appdir/vendor/fideloper/proxy/src/TrustProxies.php(57): Illuminate\\Routing\\Pipeline->Illuminate\\Routing\\{closure}(Object(Illuminate\\Http\\Request))
#56 /home/adminlsp/appdir/vendor/laravel/framework/src/Illuminate/Pipeline/Pipeline.php(163): Fideloper\\Proxy\\TrustProxies->handle(Object(Illuminate\\Http\\Request), Object(Closure))
#57 /home/adminlsp/appdir/vendor/laravel/framework/src/Illuminate/Routing/Pipeline.php(53): Illuminate\\Pipeline\\Pipeline->Illuminate\\Pipeline\\{closure}(Object(Illuminate\\Http\\Request))
#58 /home/adminlsp/appdir/vendor/laravel/framework/src/Illuminate/Foundation/Http/Middleware/TransformsRequest.php(21): Illuminate\\Routing\\Pipeline->Illuminate\\Routing\\{closure}(Object(Illuminate\\Http\\Request))
#59 /home/adminlsp/appdir/vendor/laravel/framework/src/Illuminate/Pipeline/Pipeline.php(163): Illuminate\\Foundation\\Http\\Middleware\\TransformsRequest->handle(Object(Illuminate\\Http\\Request), Object(Closure))
#60 /home/adminlsp/appdir/vendor/laravel/framework/src/Illuminate/Routing/Pipeline.php(53): Illuminate\\Pipeline\\Pipeline->Illuminate\\Pipeline\\{closure}(Object(Illuminate\\Http\\Request))
#61 /home/adminlsp/appdir/vendor/laravel/framework/src/Illuminate/Foundation/Http/Middleware/TransformsRequest.php(21): Illuminate\\Routing\\Pipeline->Illuminate\\Routing\\{closure}(Object(Illuminate\\Http\\Request))
#62 /home/adminlsp/appdir/vendor/laravel/framework/src/Illuminate/Pipeline/Pipeline.php(163): Illuminate\\Foundation\\Http\\Middleware\\TransformsRequest->handle(Object(Illuminate\\Http\\Request), Object(Closure))
#63 /home/adminlsp/appdir/vendor/laravel/framework/src/Illuminate/Routing/Pipeline.php(53): Illuminate\\Pipeline\\Pipeline->Illuminate\\Pipeline\\{closure}(Object(Illuminate\\Http\\Request))
#64 /home/adminlsp/appdir/vendor/laravel/framework/src/Illuminate/Foundation/Http/Middleware/ValidatePostSize.php(27): Illuminate\\Routing\\Pipeline->Illuminate\\Routing\\{closure}(Object(Illuminate\\Http\\Request))
#65 /home/adminlsp/appdir/vendor/laravel/framework/src/Illuminate/Pipeline/Pipeline.php(163): Illuminate\\Foundation\\Http\\Middleware\\ValidatePostSize->handle(Object(Illuminate\\Http\\Request), Object(Closure))
#66 /home/adminlsp/appdir/vendor/laravel/framework/src/Illuminate/Routing/Pipeline.php(53): Illuminate\\Pipeline\\Pipeline->Illuminate\\Pipeline\\{closure}(Object(Illuminate\\Http\\Request))
#67 /home/adminlsp/appdir/vendor/laravel/framework/src/Illuminate/Foundation/Http/Middleware/CheckForMaintenanceMode.php(62): Illuminate\\Routing\\Pipeline->Illuminate\\Routing\\{closure}(Object(Illuminate\\Http\\Request))
#68 /home/adminlsp/appdir/vendor/laravel/framework/src/Illuminate/Pipeline/Pipeline.php(163): Illuminate\\Foundation\\Http\\Middleware\\CheckForMaintenanceMode->handle(Object(Illuminate\\Http\\Request), Object(Closure))
#69 /home/adminlsp/appdir/vendor/laravel/framework/src/Illuminate/Routing/Pipeline.php(53): Illuminate\\Pipeline\\Pipeline->Illuminate\\Pipeline\\{closure}(Object(Illuminate\\Http\\Request))
#70 /home/adminlsp/appdir/vendor/laravel/framework/src/Illuminate/Pipeline/Pipeline.php(104): Illuminate\\Routing\\Pipeline->Illuminate\\Routing\\{closure}(Object(Illuminate\\Http\\Request))
#71 /home/adminlsp/appdir/vendor/laravel/framework/src/Illuminate/Foundation/Http/Kernel.php(151): Illuminate\\Pipeline\\Pipeline->then(Object(Closure))
#72 /home/adminlsp/appdir/vendor/laravel/framework/src/Illuminate/Foundation/Http/Kernel.php(116): Illuminate\\Foundation\\Http\\Kernel->sendRequestThroughRouter(Object(Illuminate\\Http\\Request))
#73 /home/adminlsp/appdir/public/index.php(55): Illuminate\\Foundation\\Http\\Kernel->handle(Object(Illuminate\\Http\\Request))
#74 /home/adminlsp/appdir/server.php(21): require_once('/home/adminlsp/...')
#75 {main}
"} 
[2021-06-17 04:20:27] local.ERROR: Failed to authenticate on SMTP server with username "lsp@polije.ac.id" using 3 possible authenticators. Authenticator LOGIN returned Expected response code 235 but got code "535", with message "535-5.7.8 Username and Password not accepted. Learn more at
535 5.7.8  https://support.google.com/mail/?p=BadCredentials l201sm3575637pfd.183 - gsmtp
". Authenticator PLAIN returned Expected response code 235 but got code "535", with message "535-5.7.8 Username and Password not accepted. Learn more at
535 5.7.8  https://support.google.com/mail/?p=BadCredentials l201sm3575637pfd.183 - gsmtp
". Authenticator XOAUTH2 returned Expected response code 250 but got code "535", with message "535-5.7.8 Username and Password not accepted. Learn more at
535 5.7.8  https://support.google.com/mail/?p=BadCredentials l201sm3575637pfd.183 - gsmtp
". {"exception":"[object] (Swift_TransportException(code: 0): Failed to authenticate on SMTP server with username \"lsp@polije.ac.id\" using 3 possible authenticators. Authenticator LOGIN returned Expected response code 235 but got code \"535\", with message \"535-5.7.8 Username and Password not accepted. Learn more at
535 5.7.8  https://support.google.com/mail/?p=BadCredentials l201sm3575637pfd.183 - gsmtp
\". Authenticator PLAIN returned Expected response code 235 but got code \"535\", with message \"535-5.7.8 Username and Password not accepted. Learn more at
535 5.7.8  https://support.google.com/mail/?p=BadCredentials l201sm3575637pfd.183 - gsmtp
\". Authenticator XOAUTH2 returned Expected response code 250 but got code \"535\", with message \"535-5.7.8 Username and Password not accepted. Learn more at
535 5.7.8  https://support.google.com/mail/?p=BadCredentials l201sm3575637pfd.183 - gsmtp
\". at /home/adminlsp/appdir/vendor/swiftmailer/swiftmailer/lib/classes/Swift/Transport/Esmtp/AuthHandler.php:191)
[stacktrace]
#0 /home/adminlsp/appdir/vendor/swiftmailer/swiftmailer/lib/classes/Swift/Transport/EsmtpTransport.php(371): Swift_Transport_Esmtp_AuthHandler->afterEhlo(Object(Swift_SmtpTransport))
#1 /home/adminlsp/appdir/vendor/swiftmailer/swiftmailer/lib/classes/Swift/Transport/AbstractSmtpTransport.php(148): Swift_Transport_EsmtpTransport->doHeloCommand()
#2 /home/adminlsp/appdir/vendor/swiftmailer/swiftmailer/lib/classes/Swift/Mailer.php(65): Swift_Transport_AbstractSmtpTransport->start()
#3 /home/adminlsp/appdir/vendor/laravel/framework/src/Illuminate/Mail/Mailer.php(484): Swift_Mailer->send(Object(Swift_Message), Array)
#4 /home/adminlsp/appdir/vendor/laravel/framework/src/Illuminate/Mail/Mailer.php(259): Illuminate\\Mail\\Mailer->sendSwiftMessage(Object(Swift_Message))
#5 /home/adminlsp/appdir/vendor/laravel/framework/src/Illuminate/Mail/Mailable.php(159): Illuminate\\Mail\\Mailer->send('auth.mail', Array, Object(Closure))
#6 /home/adminlsp/appdir/vendor/laravel/framework/src/Illuminate/Support/Traits/Localizable.php(19): Illuminate\\Mail\\Mailable->Illuminate\\Mail\\{closure}()
#7 /home/adminlsp/appdir/vendor/laravel/framework/src/Illuminate/Mail/Mailable.php(160): Illuminate\\Mail\\Mailable->withLocale(NULL, Object(Closure))
#8 /home/adminlsp/appdir/vendor/laravel/framework/src/Illuminate/Mail/Mailer.php(275): Illuminate\\Mail\\Mailable->send(Object(Illuminate\\Mail\\Mailer))
#9 /home/adminlsp/appdir/vendor/laravel/framework/src/Illuminate/Mail/Mailer.php(229): Illuminate\\Mail\\Mailer->sendMailable(Object(App\\Mail\\RegisterMail))
#10 /home/adminlsp/appdir/vendor/laravel/framework/src/Illuminate/Mail/PendingMail.php(127): Illuminate\\Mail\\Mailer->send(Object(App\\Mail\\RegisterMail))
#11 /home/adminlsp/appdir/app/Listeners/RegisteredListener.php(30): Illuminate\\Mail\\PendingMail->send(Object(App\\Mail\\RegisterMail))
#12 [internal function]: App\\Listeners\\RegisteredListener->handle(Object(Illuminate\\Auth\\Events\\Registered))
#13 /home/adminlsp/appdir/vendor/laravel/framework/src/Illuminate/Events/Dispatcher.php(366): call_user_func_array(Array, Array)
#14 /home/adminlsp/appdir/vendor/laravel/framework/src/Illuminate/Events/Dispatcher.php(196): Illuminate\\Events\\Dispatcher->Illuminate\\Events\\{closure}('Illuminate\\\\Auth...', Array)
#15 /home/adminlsp/appdir/vendor/laravel/framework/src/Illuminate/Foundation/helpers.php(482): Illuminate\\Events\\Dispatcher->dispatch('Illuminate\\\\Auth...')
#16 /home/adminlsp/appdir/vendor/laravel/framework/src/Illuminate/Foundation/Auth/RegistersUsers.php(34): event(Object(Illuminate\\Auth\\Events\\Registered))
#17 [internal function]: App\\Http\\Controllers\\Auth\\RegisterController->register(Object(Illuminate\\Http\\Request))
#18 /home/adminlsp/appdir/vendor/laravel/framework/src/Illuminate/Routing/Controller.php(54): call_user_func_array(Array, Array)
#19 /home/adminlsp/appdir/vendor/laravel/framework/src/Illuminate/Routing/ControllerDispatcher.php(45): Illuminate\\Routing\\Controller->callAction('register', Array)
#20 /home/adminlsp/appdir/vendor/laravel/framework/src/Illuminate/Routing/Route.php(219): Illuminate\\Routing\\ControllerDispatcher->dispatch(Object(Illuminate\\Routing\\Route), Object(App\\Http\\Controllers\\Auth\\RegisterController), 'register')
#21 /home/adminlsp/appdir/vendor/laravel/framework/src/Illuminate/Routing/Route.php(176): Illuminate\\Routing\\Route->runController()
#22 /home/adminlsp/appdir/vendor/laravel/framework/src/Illuminate/Routing/Router.php(680): Illuminate\\Routing\\Route->run()
#23 /home/adminlsp/appdir/vendor/laravel/framework/src/Illuminate/Routing/Pipeline.php(30): Illuminate\\Routing\\Router->Illuminate\\Routing\\{closure}(Object(Illuminate\\Http\\Request))
#24 /home/adminlsp/appdir/app/Http/Middleware/RedirectIfAuthenticated.php(24): Illuminate\\Routing\\Pipeline->Illuminate\\Routing\\{closure}(Object(Illuminate\\Http\\Request))
#25 /home/adminlsp/appdir/vendor/laravel/framework/src/Illuminate/Pipeline/Pipeline.php(163): App\\Http\\Middleware\\RedirectIfAuthenticated->handle(Object(Illuminate\\Http\\Request), Object(Closure))
#26 /home/adminlsp/appdir/vendor/laravel/framework/src/Illuminate/Routing/Pipeline.php(53): Illuminate\\Pipeline\\Pipeline->Illuminate\\Pipeline\\{closure}(Object(Illuminate\\Http\\Request))
#27 /home/adminlsp/appdir/vendor/laravel/framework/src/Illuminate/Routing/Middleware/SubstituteBindings.php(41): Illuminate\\Routing\\Pipeline->Illuminate\\Routing\\{closure}(Object(Illuminate\\Http\\Request))
#28 /home/adminlsp/appdir/vendor/laravel/framework/src/Illuminate/Pipeline/Pipeline.php(163): Illuminate\\Routing\\Middleware\\SubstituteBindings->handle(Object(Illuminate\\Http\\Request), Object(Closure))
#29 /home/adminlsp/appdir/vendor/laravel/framework/src/Illuminate/Routing/Pipeline.php(53): Illuminate\\Pipeline\\Pipeline->Illuminate\\Pipeline\\{closure}(Object(Illuminate\\Http\\Request))
#30 /home/adminlsp/appdir/vendor/laravel/framework/src/Illuminate/Foundation/Http/Middleware/VerifyCsrfToken.php(75): Illuminate\\Routing\\Pipeline->Illuminate\\Routing\\{closure}(Object(Illuminate\\Http\\Request))
#31 /home/adminlsp/appdir/vendor/laravel/framework/src/Illuminate/Pipeline/Pipeline.php(163): Illuminate\\Foundation\\Http\\Middleware\\VerifyCsrfToken->handle(Object(Illuminate\\Http\\Request), Object(Closure))
#32 /home/adminlsp/appdir/vendor/laravel/framework/src/Illuminate/Routing/Pipeline.php(53): Illuminate\\Pipeline\\Pipeline->Illuminate\\Pipeline\\{closure}(Object(Illuminate\\Http\\Request))
#33 /home/adminlsp/appdir/vendor/laravel/framework/src/Illuminate/Session/Middleware/AuthenticateSession.php(39): Illuminate\\Routing\\Pipeline->Illuminate\\Routing\\{closure}(Object(Illuminate\\Http\\Request))
#34 /home/adminlsp/appdir/vendor/laravel/framework/src/Illuminate/Pipeline/Pipeline.php(163): Illuminate\\Session\\Middleware\\AuthenticateSession->handle(Object(Illuminate\\Http\\Request), Object(Closure))
#35 /home/adminlsp/appdir/vendor/laravel/framework/src/Illuminate/Routing/Pipeline.php(53): Illuminate\\Pipeline\\Pipeline->Illuminate\\Pipeline\\{closure}(Object(Illuminate\\Http\\Request))
#36 /home/adminlsp/appdir/vendor/laravel/framework/src/Illuminate/View/Middleware/ShareErrorsFromSession.php(49): Illuminate\\Routing\\Pipeline->Illuminate\\Routing\\{closure}(Object(Illuminate\\Http\\Request))
#37 /home/adminlsp/appdir/vendor/laravel/framework/src/Illuminate/Pipeline/Pipeline.php(163): Illuminate\\View\\Middleware\\ShareErrorsFromSession->handle(Object(Illuminate\\Http\\Request), Object(Closure))
#38 /home/adminlsp/appdir/vendor/laravel/framework/src/Illuminate/Routing/Pipeline.php(53): Illuminate\\Pipeline\\Pipeline->Illuminate\\Pipeline\\{closure}(Object(Illuminate\\Http\\Request))
#39 /home/adminlsp/appdir/vendor/laravel/framework/src/Illuminate/Session/Middleware/StartSession.php(56): Illuminate\\Routing\\Pipeline->Illuminate\\Routing\\{closure}(Object(Illuminate\\Http\\Request))
#40 /home/adminlsp/appdir/vendor/laravel/framework/src/Illuminate/Pipeline/Pipeline.php(163): Illuminate\\Session\\Middleware\\StartSession->handle(Object(Illuminate\\Http\\Request), Object(Closure))
#41 /home/adminlsp/appdir/vendor/laravel/framework/src/Illuminate/Routing/Pipeline.php(53): Illuminate\\Pipeline\\Pipeline->Illuminate\\Pipeline\\{closure}(Object(Illuminate\\Http\\Request))
#42 /home/adminlsp/appdir/vendor/laravel/framework/src/Illuminate/Cookie/Middleware/AddQueuedCookiesToResponse.php(37): Illuminate\\Routing\\Pipeline->Illuminate\\Routing\\{closure}(Object(Illuminate\\Http\\Request))
#43 /home/adminlsp/appdir/vendor/laravel/framework/src/Illuminate/Pipeline/Pipeline.php(163): Illuminate\\Cookie\\Middleware\\AddQueuedCookiesToResponse->handle(Object(Illuminate\\Http\\Request), Object(Closure))
#44 /home/adminlsp/appdir/vendor/laravel/framework/src/Illuminate/Routing/Pipeline.php(53): Illuminate\\Pipeline\\Pipeline->Illuminate\\Pipeline\\{closure}(Object(Illuminate\\Http\\Request))
#45 /home/adminlsp/appdir/vendor/laravel/framework/src/Illuminate/Cookie/Middleware/EncryptCookies.php(66): Illuminate\\Routing\\Pipeline->Illuminate\\Routing\\{closure}(Object(Illuminate\\Http\\Request))
#46 /home/adminlsp/appdir/vendor/laravel/framework/src/Illuminate/Pipeline/Pipeline.php(163): Illuminate\\Cookie\\Middleware\\EncryptCookies->handle(Object(Illuminate\\Http\\Request), Object(Closure))
#47 /home/adminlsp/appdir/vendor/laravel/framework/src/Illuminate/Routing/Pipeline.php(53): Illuminate\\Pipeline\\Pipeline->Illuminate\\Pipeline\\{closure}(Object(Illuminate\\Http\\Request))
#48 /home/adminlsp/appdir/vendor/laravel/framework/src/Illuminate/Pipeline/Pipeline.php(104): Illuminate\\Routing\\Pipeline->Illuminate\\Routing\\{closure}(Object(Illuminate\\Http\\Request))
#49 /home/adminlsp/appdir/vendor/laravel/framework/src/Illuminate/Routing/Router.php(682): Illuminate\\Pipeline\\Pipeline->then(Object(Closure))
#50 /home/adminlsp/appdir/vendor/laravel/framework/src/Illuminate/Routing/Router.php(657): Illuminate\\Routing\\Router->runRouteWithinStack(Object(Illuminate\\Routing\\Route), Object(Illuminate\\Http\\Request))
#51 /home/adminlsp/appdir/vendor/laravel/framework/src/Illuminate/Routing/Router.php(623): Illuminate\\Routing\\Router->runRoute(Object(Illuminate\\Http\\Request), Object(Illuminate\\Routing\\Route))
#52 /home/adminlsp/appdir/vendor/laravel/framework/src/Illuminate/Routing/Router.php(612): Illuminate\\Routing\\Router->dispatchToRoute(Object(Illuminate\\Http\\Request))
#53 /home/adminlsp/appdir/vendor/laravel/framework/src/Illuminate/Foundation/Http/Kernel.php(176): Illuminate\\Routing\\Router->dispatch(Object(Illuminate\\Http\\Request))
#54 /home/adminlsp/appdir/vendor/laravel/framework/src/Illuminate/Routing/Pipeline.php(30): Illuminate\\Foundation\\Http\\Kernel->Illuminate\\Foundation\\Http\\{closure}(Object(Illuminate\\Http\\Request))
#55 /home/adminlsp/appdir/vendor/fideloper/proxy/src/TrustProxies.php(57): Illuminate\\Routing\\Pipeline->Illuminate\\Routing\\{closure}(Object(Illuminate\\Http\\Request))
#56 /home/adminlsp/appdir/vendor/laravel/framework/src/Illuminate/Pipeline/Pipeline.php(163): Fideloper\\Proxy\\TrustProxies->handle(Object(Illuminate\\Http\\Request), Object(Closure))
#57 /home/adminlsp/appdir/vendor/laravel/framework/src/Illuminate/Routing/Pipeline.php(53): Illuminate\\Pipeline\\Pipeline->Illuminate\\Pipeline\\{closure}(Object(Illuminate\\Http\\Request))
#58 /home/adminlsp/appdir/vendor/laravel/framework/src/Illuminate/Foundation/Http/Middleware/TransformsRequest.php(21): Illuminate\\Routing\\Pipeline->Illuminate\\Routing\\{closure}(Object(Illuminate\\Http\\Request))
#59 /home/adminlsp/appdir/vendor/laravel/framework/src/Illuminate/Pipeline/Pipeline.php(163): Illuminate\\Foundation\\Http\\Middleware\\TransformsRequest->handle(Object(Illuminate\\Http\\Request), Object(Closure))
#60 /home/adminlsp/appdir/vendor/laravel/framework/src/Illuminate/Routing/Pipeline.php(53): Illuminate\\Pipeline\\Pipeline->Illuminate\\Pipeline\\{closure}(Object(Illuminate\\Http\\Request))
#61 /home/adminlsp/appdir/vendor/laravel/framework/src/Illuminate/Foundation/Http/Middleware/TransformsRequest.php(21): Illuminate\\Routing\\Pipeline->Illuminate\\Routing\\{closure}(Object(Illuminate\\Http\\Request))
#62 /home/adminlsp/appdir/vendor/laravel/framework/src/Illuminate/Pipeline/Pipeline.php(163): Illuminate\\Foundation\\Http\\Middleware\\TransformsRequest->handle(Object(Illuminate\\Http\\Request), Object(Closure))
#63 /home/adminlsp/appdir/vendor/laravel/framework/src/Illuminate/Routing/Pipeline.php(53): Illuminate\\Pipeline\\Pipeline->Illuminate\\Pipeline\\{closure}(Object(Illuminate\\Http\\Request))
#64 /home/adminlsp/appdir/vendor/laravel/framework/src/Illuminate/Foundation/Http/Middleware/ValidatePostSize.php(27): Illuminate\\Routing\\Pipeline->Illuminate\\Routing\\{closure}(Object(Illuminate\\Http\\Request))
#65 /home/adminlsp/appdir/vendor/laravel/framework/src/Illuminate/Pipeline/Pipeline.php(163): Illuminate\\Foundation\\Http\\Middleware\\ValidatePostSize->handle(Object(Illuminate\\Http\\Request), Object(Closure))
#66 /home/adminlsp/appdir/vendor/laravel/framework/src/Illuminate/Routing/Pipeline.php(53): Illuminate\\Pipeline\\Pipeline->Illuminate\\Pipeline\\{closure}(Object(Illuminate\\Http\\Request))
#67 /home/adminlsp/appdir/vendor/laravel/framework/src/Illuminate/Foundation/Http/Middleware/CheckForMaintenanceMode.php(62): Illuminate\\Routing\\Pipeline->Illuminate\\Routing\\{closure}(Object(Illuminate\\Http\\Request))
#68 /home/adminlsp/appdir/vendor/laravel/framework/src/Illuminate/Pipeline/Pipeline.php(163): Illuminate\\Foundation\\Http\\Middleware\\CheckForMaintenanceMode->handle(Object(Illuminate\\Http\\Request), Object(Closure))
#69 /home/adminlsp/appdir/vendor/laravel/framework/src/Illuminate/Routing/Pipeline.php(53): Illuminate\\Pipeline\\Pipeline->Illuminate\\Pipeline\\{closure}(Object(Illuminate\\Http\\Request))
#70 /home/adminlsp/appdir/vendor/laravel/framework/src/Illuminate/Pipeline/Pipeline.php(104): Illuminate\\Routing\\Pipeline->Illuminate\\Routing\\{closure}(Object(Illuminate\\Http\\Request))
#71 /home/adminlsp/appdir/vendor/laravel/framework/src/Illuminate/Foundation/Http/Kernel.php(151): Illuminate\\Pipeline\\Pipeline->then(Object(Closure))
#72 /home/adminlsp/appdir/vendor/laravel/framework/src/Illuminate/Foundation/Http/Kernel.php(116): Illuminate\\Foundation\\Http\\Kernel->sendRequestThroughRouter(Object(Illuminate\\Http\\Request))
#73 /home/adminlsp/appdir/public/index.php(55): Illuminate\\Foundation\\Http\\Kernel->handle(Object(Illuminate\\Http\\Request))
#74 /home/adminlsp/appdir/server.php(21): require_once('/home/adminlsp/...')
#75 {main}
"} 
[2021-06-17 04:20:35] local.ERROR: Failed to authenticate on SMTP server with username "lsp@polije.ac.id" using 3 possible authenticators. Authenticator LOGIN returned Expected response code 235 but got code "535", with message "535-5.7.8 Username and Password not accepted. Learn more at
535 5.7.8  https://support.google.com/mail/?p=BadCredentials 10sm662348pfh.174 - gsmtp
". Authenticator PLAIN returned Expected response code 235 but got code "535", with message "535-5.7.8 Username and Password not accepted. Learn more at
535 5.7.8  https://support.google.com/mail/?p=BadCredentials 10sm662348pfh.174 - gsmtp
". Authenticator XOAUTH2 returned Expected response code 250 but got code "535", with message "535-5.7.8 Username and Password not accepted. Learn more at
535 5.7.8  https://support.google.com/mail/?p=BadCredentials 10sm662348pfh.174 - gsmtp
". {"exception":"[object] (Swift_TransportException(code: 0): Failed to authenticate on SMTP server with username \"lsp@polije.ac.id\" using 3 possible authenticators. Authenticator LOGIN returned Expected response code 235 but got code \"535\", with message \"535-5.7.8 Username and Password not accepted. Learn more at
535 5.7.8  https://support.google.com/mail/?p=BadCredentials 10sm662348pfh.174 - gsmtp
\". Authenticator PLAIN returned Expected response code 235 but got code \"535\", with message \"535-5.7.8 Username and Password not accepted. Learn more at
535 5.7.8  https://support.google.com/mail/?p=BadCredentials 10sm662348pfh.174 - gsmtp
\". Authenticator XOAUTH2 returned Expected response code 250 but got code \"535\", with message \"535-5.7.8 Username and Password not accepted. Learn more at
535 5.7.8  https://support.google.com/mail/?p=BadCredentials 10sm662348pfh.174 - gsmtp
\". at /home/adminlsp/appdir/vendor/swiftmailer/swiftmailer/lib/classes/Swift/Transport/Esmtp/AuthHandler.php:191)
[stacktrace]
#0 /home/adminlsp/appdir/vendor/swiftmailer/swiftmailer/lib/classes/Swift/Transport/EsmtpTransport.php(371): Swift_Transport_Esmtp_AuthHandler->afterEhlo(Object(Swift_SmtpTransport))
#1 /home/adminlsp/appdir/vendor/swiftmailer/swiftmailer/lib/classes/Swift/Transport/AbstractSmtpTransport.php(148): Swift_Transport_EsmtpTransport->doHeloCommand()
#2 /home/adminlsp/appdir/vendor/swiftmailer/swiftmailer/lib/classes/Swift/Mailer.php(65): Swift_Transport_AbstractSmtpTransport->start()
#3 /home/adminlsp/appdir/vendor/laravel/framework/src/Illuminate/Mail/Mailer.php(484): Swift_Mailer->send(Object(Swift_Message), Array)
#4 /home/adminlsp/appdir/vendor/laravel/framework/src/Illuminate/Mail/Mailer.php(259): Illuminate\\Mail\\Mailer->sendSwiftMessage(Object(Swift_Message))
#5 /home/adminlsp/appdir/vendor/laravel/framework/src/Illuminate/Mail/Mailable.php(159): Illuminate\\Mail\\Mailer->send('auth.mail', Array, Object(Closure))
#6 /home/adminlsp/appdir/vendor/laravel/framework/src/Illuminate/Support/Traits/Localizable.php(19): Illuminate\\Mail\\Mailable->Illuminate\\Mail\\{closure}()
#7 /home/adminlsp/appdir/vendor/laravel/framework/src/Illuminate/Mail/Mailable.php(160): Illuminate\\Mail\\Mailable->withLocale(NULL, Object(Closure))
#8 /home/adminlsp/appdir/vendor/laravel/framework/src/Illuminate/Mail/Mailer.php(275): Illuminate\\Mail\\Mailable->send(Object(Illuminate\\Mail\\Mailer))
#9 /home/adminlsp/appdir/vendor/laravel/framework/src/Illuminate/Mail/Mailer.php(229): Illuminate\\Mail\\Mailer->sendMailable(Object(App\\Mail\\RegisterMail))
#10 /home/adminlsp/appdir/vendor/laravel/framework/src/Illuminate/Mail/PendingMail.php(127): Illuminate\\Mail\\Mailer->send(Object(App\\Mail\\RegisterMail))
#11 /home/adminlsp/appdir/app/Listeners/RegisteredListener.php(30): Illuminate\\Mail\\PendingMail->send(Object(App\\Mail\\RegisterMail))
#12 [internal function]: App\\Listeners\\RegisteredListener->handle(Object(Illuminate\\Auth\\Events\\Registered))
#13 /home/adminlsp/appdir/vendor/laravel/framework/src/Illuminate/Events/Dispatcher.php(366): call_user_func_array(Array, Array)
#14 /home/adminlsp/appdir/vendor/laravel/framework/src/Illuminate/Events/Dispatcher.php(196): Illuminate\\Events\\Dispatcher->Illuminate\\Events\\{closure}('Illuminate\\\\Auth...', Array)
#15 /home/adminlsp/appdir/vendor/laravel/framework/src/Illuminate/Foundation/helpers.php(482): Illuminate\\Events\\Dispatcher->dispatch('Illuminate\\\\Auth...')
#16 /home/adminlsp/appdir/vendor/laravel/framework/src/Illuminate/Foundation/Auth/RegistersUsers.php(34): event(Object(Illuminate\\Auth\\Events\\Registered))
#17 [internal function]: App\\Http\\Controllers\\Auth\\RegisterController->register(Object(Illuminate\\Http\\Request))
#18 /home/adminlsp/appdir/vendor/laravel/framework/src/Illuminate/Routing/Controller.php(54): call_user_func_array(Array, Array)
#19 /home/adminlsp/appdir/vendor/laravel/framework/src/Illuminate/Routing/ControllerDispatcher.php(45): Illuminate\\Routing\\Controller->callAction('register', Array)
#20 /home/adminlsp/appdir/vendor/laravel/framework/src/Illuminate/Routing/Route.php(219): Illuminate\\Routing\\ControllerDispatcher->dispatch(Object(Illuminate\\Routing\\Route), Object(App\\Http\\Controllers\\Auth\\RegisterController), 'register')
#21 /home/adminlsp/appdir/vendor/laravel/framework/src/Illuminate/Routing/Route.php(176): Illuminate\\Routing\\Route->runController()
#22 /home/adminlsp/appdir/vendor/laravel/framework/src/Illuminate/Routing/Router.php(680): Illuminate\\Routing\\Route->run()
#23 /home/adminlsp/appdir/vendor/laravel/framework/src/Illuminate/Routing/Pipeline.php(30): Illuminate\\Routing\\Router->Illuminate\\Routing\\{closure}(Object(Illuminate\\Http\\Request))
#24 /home/adminlsp/appdir/app/Http/Middleware/RedirectIfAuthenticated.php(24): Illuminate\\Routing\\Pipeline->Illuminate\\Routing\\{closure}(Object(Illuminate\\Http\\Request))
#25 /home/adminlsp/appdir/vendor/laravel/framework/src/Illuminate/Pipeline/Pipeline.php(163): App\\Http\\Middleware\\RedirectIfAuthenticated->handle(Object(Illuminate\\Http\\Request), Object(Closure))
#26 /home/adminlsp/appdir/vendor/laravel/framework/src/Illuminate/Routing/Pipeline.php(53): Illuminate\\Pipeline\\Pipeline->Illuminate\\Pipeline\\{closure}(Object(Illuminate\\Http\\Request))
#27 /home/adminlsp/appdir/vendor/laravel/framework/src/Illuminate/Routing/Middleware/SubstituteBindings.php(41): Illuminate\\Routing\\Pipeline->Illuminate\\Routing\\{closure}(Object(Illuminate\\Http\\Request))
#28 /home/adminlsp/appdir/vendor/laravel/framework/src/Illuminate/Pipeline/Pipeline.php(163): Illuminate\\Routing\\Middleware\\SubstituteBindings->handle(Object(Illuminate\\Http\\Request), Object(Closure))
#29 /home/adminlsp/appdir/vendor/laravel/framework/src/Illuminate/Routing/Pipeline.php(53): Illuminate\\Pipeline\\Pipeline->Illuminate\\Pipeline\\{closure}(Object(Illuminate\\Http\\Request))
#30 /home/adminlsp/appdir/vendor/laravel/framework/src/Illuminate/Foundation/Http/Middleware/VerifyCsrfToken.php(75): Illuminate\\Routing\\Pipeline->Illuminate\\Routing\\{closure}(Object(Illuminate\\Http\\Request))
#31 /home/adminlsp/appdir/vendor/laravel/framework/src/Illuminate/Pipeline/Pipeline.php(163): Illuminate\\Foundation\\Http\\Middleware\\VerifyCsrfToken->handle(Object(Illuminate\\Http\\Request), Object(Closure))
#32 /home/adminlsp/appdir/vendor/laravel/framework/src/Illuminate/Routing/Pipeline.php(53): Illuminate\\Pipeline\\Pipeline->Illuminate\\Pipeline\\{closure}(Object(Illuminate\\Http\\Request))
#33 /home/adminlsp/appdir/vendor/laravel/framework/src/Illuminate/Session/Middleware/AuthenticateSession.php(39): Illuminate\\Routing\\Pipeline->Illuminate\\Routing\\{closure}(Object(Illuminate\\Http\\Request))
#34 /home/adminlsp/appdir/vendor/laravel/framework/src/Illuminate/Pipeline/Pipeline.php(163): Illuminate\\Session\\Middleware\\AuthenticateSession->handle(Object(Illuminate\\Http\\Request), Object(Closure))
#35 /home/adminlsp/appdir/vendor/laravel/framework/src/Illuminate/Routing/Pipeline.php(53): Illuminate\\Pipeline\\Pipeline->Illuminate\\Pipeline\\{closure}(Object(Illuminate\\Http\\Request))
#36 /home/adminlsp/appdir/vendor/laravel/framework/src/Illuminate/View/Middleware/ShareErrorsFromSession.php(49): Illuminate\\Routing\\Pipeline->Illuminate\\Routing\\{closure}(Object(Illuminate\\Http\\Request))
#37 /home/adminlsp/appdir/vendor/laravel/framework/src/Illuminate/Pipeline/Pipeline.php(163): Illuminate\\View\\Middleware\\ShareErrorsFromSession->handle(Object(Illuminate\\Http\\Request), Object(Closure))
#38 /home/adminlsp/appdir/vendor/laravel/framework/src/Illuminate/Routing/Pipeline.php(53): Illuminate\\Pipeline\\Pipeline->Illuminate\\Pipeline\\{closure}(Object(Illuminate\\Http\\Request))
#39 /home/adminlsp/appdir/vendor/laravel/framework/src/Illuminate/Session/Middleware/StartSession.php(56): Illuminate\\Routing\\Pipeline->Illuminate\\Routing\\{closure}(Object(Illuminate\\Http\\Request))
#40 /home/adminlsp/appdir/vendor/laravel/framework/src/Illuminate/Pipeline/Pipeline.php(163): Illuminate\\Session\\Middleware\\StartSession->handle(Object(Illuminate\\Http\\Request), Object(Closure))
#41 /home/adminlsp/appdir/vendor/laravel/framework/src/Illuminate/Routing/Pipeline.php(53): Illuminate\\Pipeline\\Pipeline->Illuminate\\Pipeline\\{closure}(Object(Illuminate\\Http\\Request))
#42 /home/adminlsp/appdir/vendor/laravel/framework/src/Illuminate/Cookie/Middleware/AddQueuedCookiesToResponse.php(37): Illuminate\\Routing\\Pipeline->Illuminate\\Routing\\{closure}(Object(Illuminate\\Http\\Request))
#43 /home/adminlsp/appdir/vendor/laravel/framework/src/Illuminate/Pipeline/Pipeline.php(163): Illuminate\\Cookie\\Middleware\\AddQueuedCookiesToResponse->handle(Object(Illuminate\\Http\\Request), Object(Closure))
#44 /home/adminlsp/appdir/vendor/laravel/framework/src/Illuminate/Routing/Pipeline.php(53): Illuminate\\Pipeline\\Pipeline->Illuminate\\Pipeline\\{closure}(Object(Illuminate\\Http\\Request))
#45 /home/adminlsp/appdir/vendor/laravel/framework/src/Illuminate/Cookie/Middleware/EncryptCookies.php(66): Illuminate\\Routing\\Pipeline->Illuminate\\Routing\\{closure}(Object(Illuminate\\Http\\Request))
#46 /home/adminlsp/appdir/vendor/laravel/framework/src/Illuminate/Pipeline/Pipeline.php(163): Illuminate\\Cookie\\Middleware\\EncryptCookies->handle(Object(Illuminate\\Http\\Request), Object(Closure))
#47 /home/adminlsp/appdir/vendor/laravel/framework/src/Illuminate/Routing/Pipeline.php(53): Illuminate\\Pipeline\\Pipeline->Illuminate\\Pipeline\\{closure}(Object(Illuminate\\Http\\Request))
#48 /home/adminlsp/appdir/vendor/laravel/framework/src/Illuminate/Pipeline/Pipeline.php(104): Illuminate\\Routing\\Pipeline->Illuminate\\Routing\\{closure}(Object(Illuminate\\Http\\Request))
#49 /home/adminlsp/appdir/vendor/laravel/framework/src/Illuminate/Routing/Router.php(682): Illuminate\\Pipeline\\Pipeline->then(Object(Closure))
#50 /home/adminlsp/appdir/vendor/laravel/framework/src/Illuminate/Routing/Router.php(657): Illuminate\\Routing\\Router->runRouteWithinStack(Object(Illuminate\\Routing\\Route), Object(Illuminate\\Http\\Request))
#51 /home/adminlsp/appdir/vendor/laravel/framework/src/Illuminate/Routing/Router.php(623): Illuminate\\Routing\\Router->runRoute(Object(Illuminate\\Http\\Request), Object(Illuminate\\Routing\\Route))
#52 /home/adminlsp/appdir/vendor/laravel/framework/src/Illuminate/Routing/Router.php(612): Illuminate\\Routing\\Router->dispatchToRoute(Object(Illuminate\\Http\\Request))
#53 /home/adminlsp/appdir/vendor/laravel/framework/src/Illuminate/Foundation/Http/Kernel.php(176): Illuminate\\Routing\\Router->dispatch(Object(Illuminate\\Http\\Request))
#54 /home/adminlsp/appdir/vendor/laravel/framework/src/Illuminate/Routing/Pipeline.php(30): Illuminate\\Foundation\\Http\\Kernel->Illuminate\\Foundation\\Http\\{closure}(Object(Illuminate\\Http\\Request))
#55 /home/adminlsp/appdir/vendor/fideloper/proxy/src/TrustProxies.php(57): Illuminate\\Routing\\Pipeline->Illuminate\\Routing\\{closure}(Object(Illuminate\\Http\\Request))
#56 /home/adminlsp/appdir/vendor/laravel/framework/src/Illuminate/Pipeline/Pipeline.php(163): Fideloper\\Proxy\\TrustProxies->handle(Object(Illuminate\\Http\\Request), Object(Closure))
#57 /home/adminlsp/appdir/vendor/laravel/framework/src/Illuminate/Routing/Pipeline.php(53): Illuminate\\Pipeline\\Pipeline->Illuminate\\Pipeline\\{closure}(Object(Illuminate\\Http\\Request))
#58 /home/adminlsp/appdir/vendor/laravel/framework/src/Illuminate/Foundation/Http/Middleware/TransformsRequest.php(21): Illuminate\\Routing\\Pipeline->Illuminate\\Routing\\{closure}(Object(Illuminate\\Http\\Request))
#59 /home/adminlsp/appdir/vendor/laravel/framework/src/Illuminate/Pipeline/Pipeline.php(163): Illuminate\\Foundation\\Http\\Middleware\\TransformsRequest->handle(Object(Illuminate\\Http\\Request), Object(Closure))
#60 /home/adminlsp/appdir/vendor/laravel/framework/src/Illuminate/Routing/Pipeline.php(53): Illuminate\\Pipeline\\Pipeline->Illuminate\\Pipeline\\{closure}(Object(Illuminate\\Http\\Request))
#61 /home/adminlsp/appdir/vendor/laravel/framework/src/Illuminate/Foundation/Http/Middleware/TransformsRequest.php(21): Illuminate\\Routing\\Pipeline->Illuminate\\Routing\\{closure}(Object(Illuminate\\Http\\Request))
#62 /home/adminlsp/appdir/vendor/laravel/framework/src/Illuminate/Pipeline/Pipeline.php(163): Illuminate\\Foundation\\Http\\Middleware\\TransformsRequest->handle(Object(Illuminate\\Http\\Request), Object(Closure))
#63 /home/adminlsp/appdir/vendor/laravel/framework/src/Illuminate/Routing/Pipeline.php(53): Illuminate\\Pipeline\\Pipeline->Illuminate\\Pipeline\\{closure}(Object(Illuminate\\Http\\Request))
#64 /home/adminlsp/appdir/vendor/laravel/framework/src/Illuminate/Foundation/Http/Middleware/ValidatePostSize.php(27): Illuminate\\Routing\\Pipeline->Illuminate\\Routing\\{closure}(Object(Illuminate\\Http\\Request))
#65 /home/adminlsp/appdir/vendor/laravel/framework/src/Illuminate/Pipeline/Pipeline.php(163): Illuminate\\Foundation\\Http\\Middleware\\ValidatePostSize->handle(Object(Illuminate\\Http\\Request), Object(Closure))
#66 /home/adminlsp/appdir/vendor/laravel/framework/src/Illuminate/Routing/Pipeline.php(53): Illuminate\\Pipeline\\Pipeline->Illuminate\\Pipeline\\{closure}(Object(Illuminate\\Http\\Request))
#67 /home/adminlsp/appdir/vendor/laravel/framework/src/Illuminate/Foundation/Http/Middleware/CheckForMaintenanceMode.php(62): Illuminate\\Routing\\Pipeline->Illuminate\\Routing\\{closure}(Object(Illuminate\\Http\\Request))
#68 /home/adminlsp/appdir/vendor/laravel/framework/src/Illuminate/Pipeline/Pipeline.php(163): Illuminate\\Foundation\\Http\\Middleware\\CheckForMaintenanceMode->handle(Object(Illuminate\\Http\\Request), Object(Closure))
#69 /home/adminlsp/appdir/vendor/laravel/framework/src/Illuminate/Routing/Pipeline.php(53): Illuminate\\Pipeline\\Pipeline->Illuminate\\Pipeline\\{closure}(Object(Illuminate\\Http\\Request))
#70 /home/adminlsp/appdir/vendor/laravel/framework/src/Illuminate/Pipeline/Pipeline.php(104): Illuminate\\Routing\\Pipeline->Illuminate\\Routing\\{closure}(Object(Illuminate\\Http\\Request))
#71 /home/adminlsp/appdir/vendor/laravel/framework/src/Illuminate/Foundation/Http/Kernel.php(151): Illuminate\\Pipeline\\Pipeline->then(Object(Closure))
#72 /home/adminlsp/appdir/vendor/laravel/framework/src/Illuminate/Foundation/Http/Kernel.php(116): Illuminate\\Foundation\\Http\\Kernel->sendRequestThroughRouter(Object(Illuminate\\Http\\Request))
#73 /home/adminlsp/appdir/public/index.php(55): Illuminate\\Foundation\\Http\\Kernel->handle(Object(Illuminate\\Http\\Request))
#74 /home/adminlsp/appdir/server.php(21): require_once('/home/adminlsp/...')
#75 {main}
"} 
[2021-06-17 04:20:57] local.ERROR: Failed to authenticate on SMTP server with username "lsp@polije.ac.id" using 3 possible authenticators. Authenticator LOGIN returned Expected response code 235 but got code "535", with message "535-5.7.8 Username and Password not accepted. Learn more at
535 5.7.8  https://support.google.com/mail/?p=BadCredentials v9sm3490012pfn.22 - gsmtp
". Authenticator PLAIN returned Expected response code 235 but got code "535", with message "535-5.7.8 Username and Password not accepted. Learn more at
535 5.7.8  https://support.google.com/mail/?p=BadCredentials v9sm3490012pfn.22 - gsmtp
". Authenticator XOAUTH2 returned Expected response code 250 but got code "535", with message "535-5.7.8 Username and Password not accepted. Learn more at
535 5.7.8  https://support.google.com/mail/?p=BadCredentials v9sm3490012pfn.22 - gsmtp
". {"exception":"[object] (Swift_TransportException(code: 0): Failed to authenticate on SMTP server with username \"lsp@polije.ac.id\" using 3 possible authenticators. Authenticator LOGIN returned Expected response code 235 but got code \"535\", with message \"535-5.7.8 Username and Password not accepted. Learn more at
535 5.7.8  https://support.google.com/mail/?p=BadCredentials v9sm3490012pfn.22 - gsmtp
\". Authenticator PLAIN returned Expected response code 235 but got code \"535\", with message \"535-5.7.8 Username and Password not accepted. Learn more at
535 5.7.8  https://support.google.com/mail/?p=BadCredentials v9sm3490012pfn.22 - gsmtp
\". Authenticator XOAUTH2 returned Expected response code 250 but got code \"535\", with message \"535-5.7.8 Username and Password not accepted. Learn more at
535 5.7.8  https://support.google.com/mail/?p=BadCredentials v9sm3490012pfn.22 - gsmtp
\". at /home/adminlsp/appdir/vendor/swiftmailer/swiftmailer/lib/classes/Swift/Transport/Esmtp/AuthHandler.php:191)
[stacktrace]
#0 /home/adminlsp/appdir/vendor/swiftmailer/swiftmailer/lib/classes/Swift/Transport/EsmtpTransport.php(371): Swift_Transport_Esmtp_AuthHandler->afterEhlo(Object(Swift_SmtpTransport))
#1 /home/adminlsp/appdir/vendor/swiftmailer/swiftmailer/lib/classes/Swift/Transport/AbstractSmtpTransport.php(148): Swift_Transport_EsmtpTransport->doHeloCommand()
#2 /home/adminlsp/appdir/vendor/swiftmailer/swiftmailer/lib/classes/Swift/Mailer.php(65): Swift_Transport_AbstractSmtpTransport->start()
#3 /home/adminlsp/appdir/vendor/laravel/framework/src/Illuminate/Mail/Mailer.php(484): Swift_Mailer->send(Object(Swift_Message), Array)
#4 /home/adminlsp/appdir/vendor/laravel/framework/src/Illuminate/Mail/Mailer.php(259): Illuminate\\Mail\\Mailer->sendSwiftMessage(Object(Swift_Message))
#5 /home/adminlsp/appdir/vendor/laravel/framework/src/Illuminate/Mail/Mailable.php(159): Illuminate\\Mail\\Mailer->send('auth.mail', Array, Object(Closure))
#6 /home/adminlsp/appdir/vendor/laravel/framework/src/Illuminate/Support/Traits/Localizable.php(19): Illuminate\\Mail\\Mailable->Illuminate\\Mail\\{closure}()
#7 /home/adminlsp/appdir/vendor/laravel/framework/src/Illuminate/Mail/Mailable.php(160): Illuminate\\Mail\\Mailable->withLocale(NULL, Object(Closure))
#8 /home/adminlsp/appdir/vendor/laravel/framework/src/Illuminate/Mail/Mailer.php(275): Illuminate\\Mail\\Mailable->send(Object(Illuminate\\Mail\\Mailer))
#9 /home/adminlsp/appdir/vendor/laravel/framework/src/Illuminate/Mail/Mailer.php(229): Illuminate\\Mail\\Mailer->sendMailable(Object(App\\Mail\\RegisterMail))
#10 /home/adminlsp/appdir/vendor/laravel/framework/src/Illuminate/Mail/PendingMail.php(127): Illuminate\\Mail\\Mailer->send(Object(App\\Mail\\RegisterMail))
#11 /home/adminlsp/appdir/app/Listeners/RegisteredListener.php(30): Illuminate\\Mail\\PendingMail->send(Object(App\\Mail\\RegisterMail))
#12 [internal function]: App\\Listeners\\RegisteredListener->handle(Object(Illuminate\\Auth\\Events\\Registered))
#13 /home/adminlsp/appdir/vendor/laravel/framework/src/Illuminate/Events/Dispatcher.php(366): call_user_func_array(Array, Array)
#14 /home/adminlsp/appdir/vendor/laravel/framework/src/Illuminate/Events/Dispatcher.php(196): Illuminate\\Events\\Dispatcher->Illuminate\\Events\\{closure}('Illuminate\\\\Auth...', Array)
#15 /home/adminlsp/appdir/vendor/laravel/framework/src/Illuminate/Foundation/helpers.php(482): Illuminate\\Events\\Dispatcher->dispatch('Illuminate\\\\Auth...')
#16 /home/adminlsp/appdir/vendor/laravel/framework/src/Illuminate/Foundation/Auth/RegistersUsers.php(34): event(Object(Illuminate\\Auth\\Events\\Registered))
#17 [internal function]: App\\Http\\Controllers\\Auth\\RegisterController->register(Object(Illuminate\\Http\\Request))
#18 /home/adminlsp/appdir/vendor/laravel/framework/src/Illuminate/Routing/Controller.php(54): call_user_func_array(Array, Array)
#19 /home/adminlsp/appdir/vendor/laravel/framework/src/Illuminate/Routing/ControllerDispatcher.php(45): Illuminate\\Routing\\Controller->callAction('register', Array)
#20 /home/adminlsp/appdir/vendor/laravel/framework/src/Illuminate/Routing/Route.php(219): Illuminate\\Routing\\ControllerDispatcher->dispatch(Object(Illuminate\\Routing\\Route), Object(App\\Http\\Controllers\\Auth\\RegisterController), 'register')
#21 /home/adminlsp/appdir/vendor/laravel/framework/src/Illuminate/Routing/Route.php(176): Illuminate\\Routing\\Route->runController()
#22 /home/adminlsp/appdir/vendor/laravel/framework/src/Illuminate/Routing/Router.php(680): Illuminate\\Routing\\Route->run()
#23 /home/adminlsp/appdir/vendor/laravel/framework/src/Illuminate/Routing/Pipeline.php(30): Illuminate\\Routing\\Router->Illuminate\\Routing\\{closure}(Object(Illuminate\\Http\\Request))
#24 /home/adminlsp/appdir/app/Http/Middleware/RedirectIfAuthenticated.php(24): Illuminate\\Routing\\Pipeline->Illuminate\\Routing\\{closure}(Object(Illuminate\\Http\\Request))
#25 /home/adminlsp/appdir/vendor/laravel/framework/src/Illuminate/Pipeline/Pipeline.php(163): App\\Http\\Middleware\\RedirectIfAuthenticated->handle(Object(Illuminate\\Http\\Request), Object(Closure))
#26 /home/adminlsp/appdir/vendor/laravel/framework/src/Illuminate/Routing/Pipeline.php(53): Illuminate\\Pipeline\\Pipeline->Illuminate\\Pipeline\\{closure}(Object(Illuminate\\Http\\Request))
#27 /home/adminlsp/appdir/vendor/laravel/framework/src/Illuminate/Routing/Middleware/SubstituteBindings.php(41): Illuminate\\Routing\\Pipeline->Illuminate\\Routing\\{closure}(Object(Illuminate\\Http\\Request))
#28 /home/adminlsp/appdir/vendor/laravel/framework/src/Illuminate/Pipeline/Pipeline.php(163): Illuminate\\Routing\\Middleware\\SubstituteBindings->handle(Object(Illuminate\\Http\\Request), Object(Closure))
#29 /home/adminlsp/appdir/vendor/laravel/framework/src/Illuminate/Routing/Pipeline.php(53): Illuminate\\Pipeline\\Pipeline->Illuminate\\Pipeline\\{closure}(Object(Illuminate\\Http\\Request))
#30 /home/adminlsp/appdir/vendor/laravel/framework/src/Illuminate/Foundation/Http/Middleware/VerifyCsrfToken.php(75): Illuminate\\Routing\\Pipeline->Illuminate\\Routing\\{closure}(Object(Illuminate\\Http\\Request))
#31 /home/adminlsp/appdir/vendor/laravel/framework/src/Illuminate/Pipeline/Pipeline.php(163): Illuminate\\Foundation\\Http\\Middleware\\VerifyCsrfToken->handle(Object(Illuminate\\Http\\Request), Object(Closure))
#32 /home/adminlsp/appdir/vendor/laravel/framework/src/Illuminate/Routing/Pipeline.php(53): Illuminate\\Pipeline\\Pipeline->Illuminate\\Pipeline\\{closure}(Object(Illuminate\\Http\\Request))
#33 /home/adminlsp/appdir/vendor/laravel/framework/src/Illuminate/Session/Middleware/AuthenticateSession.php(39): Illuminate\\Routing\\Pipeline->Illuminate\\Routing\\{closure}(Object(Illuminate\\Http\\Request))
#34 /home/adminlsp/appdir/vendor/laravel/framework/src/Illuminate/Pipeline/Pipeline.php(163): Illuminate\\Session\\Middleware\\AuthenticateSession->handle(Object(Illuminate\\Http\\Request), Object(Closure))
#35 /home/adminlsp/appdir/vendor/laravel/framework/src/Illuminate/Routing/Pipeline.php(53): Illuminate\\Pipeline\\Pipeline->Illuminate\\Pipeline\\{closure}(Object(Illuminate\\Http\\Request))
#36 /home/adminlsp/appdir/vendor/laravel/framework/src/Illuminate/View/Middleware/ShareErrorsFromSession.php(49): Illuminate\\Routing\\Pipeline->Illuminate\\Routing\\{closure}(Object(Illuminate\\Http\\Request))
#37 /home/adminlsp/appdir/vendor/laravel/framework/src/Illuminate/Pipeline/Pipeline.php(163): Illuminate\\View\\Middleware\\ShareErrorsFromSession->handle(Object(Illuminate\\Http\\Request), Object(Closure))
#38 /home/adminlsp/appdir/vendor/laravel/framework/src/Illuminate/Routing/Pipeline.php(53): Illuminate\\Pipeline\\Pipeline->Illuminate\\Pipeline\\{closure}(Object(Illuminate\\Http\\Request))
#39 /home/adminlsp/appdir/vendor/laravel/framework/src/Illuminate/Session/Middleware/StartSession.php(56): Illuminate\\Routing\\Pipeline->Illuminate\\Routing\\{closure}(Object(Illuminate\\Http\\Request))
#40 /home/adminlsp/appdir/vendor/laravel/framework/src/Illuminate/Pipeline/Pipeline.php(163): Illuminate\\Session\\Middleware\\StartSession->handle(Object(Illuminate\\Http\\Request), Object(Closure))
#41 /home/adminlsp/appdir/vendor/laravel/framework/src/Illuminate/Routing/Pipeline.php(53): Illuminate\\Pipeline\\Pipeline->Illuminate\\Pipeline\\{closure}(Object(Illuminate\\Http\\Request))
#42 /home/adminlsp/appdir/vendor/laravel/framework/src/Illuminate/Cookie/Middleware/AddQueuedCookiesToResponse.php(37): Illuminate\\Routing\\Pipeline->Illuminate\\Routing\\{closure}(Object(Illuminate\\Http\\Request))
#43 /home/adminlsp/appdir/vendor/laravel/framework/src/Illuminate/Pipeline/Pipeline.php(163): Illuminate\\Cookie\\Middleware\\AddQueuedCookiesToResponse->handle(Object(Illuminate\\Http\\Request), Object(Closure))
#44 /home/adminlsp/appdir/vendor/laravel/framework/src/Illuminate/Routing/Pipeline.php(53): Illuminate\\Pipeline\\Pipeline->Illuminate\\Pipeline\\{closure}(Object(Illuminate\\Http\\Request))
#45 /home/adminlsp/appdir/vendor/laravel/framework/src/Illuminate/Cookie/Middleware/EncryptCookies.php(66): Illuminate\\Routing\\Pipeline->Illuminate\\Routing\\{closure}(Object(Illuminate\\Http\\Request))
#46 /home/adminlsp/appdir/vendor/laravel/framework/src/Illuminate/Pipeline/Pipeline.php(163): Illuminate\\Cookie\\Middleware\\EncryptCookies->handle(Object(Illuminate\\Http\\Request), Object(Closure))
#47 /home/adminlsp/appdir/vendor/laravel/framework/src/Illuminate/Routing/Pipeline.php(53): Illuminate\\Pipeline\\Pipeline->Illuminate\\Pipeline\\{closure}(Object(Illuminate\\Http\\Request))
#48 /home/adminlsp/appdir/vendor/laravel/framework/src/Illuminate/Pipeline/Pipeline.php(104): Illuminate\\Routing\\Pipeline->Illuminate\\Routing\\{closure}(Object(Illuminate\\Http\\Request))
#49 /home/adminlsp/appdir/vendor/laravel/framework/src/Illuminate/Routing/Router.php(682): Illuminate\\Pipeline\\Pipeline->then(Object(Closure))
#50 /home/adminlsp/appdir/vendor/laravel/framework/src/Illuminate/Routing/Router.php(657): Illuminate\\Routing\\Router->runRouteWithinStack(Object(Illuminate\\Routing\\Route), Object(Illuminate\\Http\\Request))
#51 /home/adminlsp/appdir/vendor/laravel/framework/src/Illuminate/Routing/Router.php(623): Illuminate\\Routing\\Router->runRoute(Object(Illuminate\\Http\\Request), Object(Illuminate\\Routing\\Route))
#52 /home/adminlsp/appdir/vendor/laravel/framework/src/Illuminate/Routing/Router.php(612): Illuminate\\Routing\\Router->dispatchToRoute(Object(Illuminate\\Http\\Request))
#53 /home/adminlsp/appdir/vendor/laravel/framework/src/Illuminate/Foundation/Http/Kernel.php(176): Illuminate\\Routing\\Router->dispatch(Object(Illuminate\\Http\\Request))
#54 /home/adminlsp/appdir/vendor/laravel/framework/src/Illuminate/Routing/Pipeline.php(30): Illuminate\\Foundation\\Http\\Kernel->Illuminate\\Foundation\\Http\\{closure}(Object(Illuminate\\Http\\Request))
#55 /home/adminlsp/appdir/vendor/fideloper/proxy/src/TrustProxies.php(57): Illuminate\\Routing\\Pipeline->Illuminate\\Routing\\{closure}(Object(Illuminate\\Http\\Request))
#56 /home/adminlsp/appdir/vendor/laravel/framework/src/Illuminate/Pipeline/Pipeline.php(163): Fideloper\\Proxy\\TrustProxies->handle(Object(Illuminate\\Http\\Request), Object(Closure))
#57 /home/adminlsp/appdir/vendor/laravel/framework/src/Illuminate/Routing/Pipeline.php(53): Illuminate\\Pipeline\\Pipeline->Illuminate\\Pipeline\\{closure}(Object(Illuminate\\Http\\Request))
#58 /home/adminlsp/appdir/vendor/laravel/framework/src/Illuminate/Foundation/Http/Middleware/TransformsRequest.php(21): Illuminate\\Routing\\Pipeline->Illuminate\\Routing\\{closure}(Object(Illuminate\\Http\\Request))
#59 /home/adminlsp/appdir/vendor/laravel/framework/src/Illuminate/Pipeline/Pipeline.php(163): Illuminate\\Foundation\\Http\\Middleware\\TransformsRequest->handle(Object(Illuminate\\Http\\Request), Object(Closure))
#60 /home/adminlsp/appdir/vendor/laravel/framework/src/Illuminate/Routing/Pipeline.php(53): Illuminate\\Pipeline\\Pipeline->Illuminate\\Pipeline\\{closure}(Object(Illuminate\\Http\\Request))
#61 /home/adminlsp/appdir/vendor/laravel/framework/src/Illuminate/Foundation/Http/Middleware/TransformsRequest.php(21): Illuminate\\Routing\\Pipeline->Illuminate\\Routing\\{closure}(Object(Illuminate\\Http\\Request))
#62 /home/adminlsp/appdir/vendor/laravel/framework/src/Illuminate/Pipeline/Pipeline.php(163): Illuminate\\Foundation\\Http\\Middleware\\TransformsRequest->handle(Object(Illuminate\\Http\\Request), Object(Closure))
#63 /home/adminlsp/appdir/vendor/laravel/framework/src/Illuminate/Routing/Pipeline.php(53): Illuminate\\Pipeline\\Pipeline->Illuminate\\Pipeline\\{closure}(Object(Illuminate\\Http\\Request))
#64 /home/adminlsp/appdir/vendor/laravel/framework/src/Illuminate/Foundation/Http/Middleware/ValidatePostSize.php(27): Illuminate\\Routing\\Pipeline->Illuminate\\Routing\\{closure}(Object(Illuminate\\Http\\Request))
#65 /home/adminlsp/appdir/vendor/laravel/framework/src/Illuminate/Pipeline/Pipeline.php(163): Illuminate\\Foundation\\Http\\Middleware\\ValidatePostSize->handle(Object(Illuminate\\Http\\Request), Object(Closure))
#66 /home/adminlsp/appdir/vendor/laravel/framework/src/Illuminate/Routing/Pipeline.php(53): Illuminate\\Pipeline\\Pipeline->Illuminate\\Pipeline\\{closure}(Object(Illuminate\\Http\\Request))
#67 /home/adminlsp/appdir/vendor/laravel/framework/src/Illuminate/Foundation/Http/Middleware/CheckForMaintenanceMode.php(62): Illuminate\\Routing\\Pipeline->Illuminate\\Routing\\{closure}(Object(Illuminate\\Http\\Request))
#68 /home/adminlsp/appdir/vendor/laravel/framework/src/Illuminate/Pipeline/Pipeline.php(163): Illuminate\\Foundation\\Http\\Middleware\\CheckForMaintenanceMode->handle(Object(Illuminate\\Http\\Request), Object(Closure))
#69 /home/adminlsp/appdir/vendor/laravel/framework/src/Illuminate/Routing/Pipeline.php(53): Illuminate\\Pipeline\\Pipeline->Illuminate\\Pipeline\\{closure}(Object(Illuminate\\Http\\Request))
#70 /home/adminlsp/appdir/vendor/laravel/framework/src/Illuminate/Pipeline/Pipeline.php(104): Illuminate\\Routing\\Pipeline->Illuminate\\Routing\\{closure}(Object(Illuminate\\Http\\Request))
#71 /home/adminlsp/appdir/vendor/laravel/framework/src/Illuminate/Foundation/Http/Kernel.php(151): Illuminate\\Pipeline\\Pipeline->then(Object(Closure))
#72 /home/adminlsp/appdir/vendor/laravel/framework/src/Illuminate/Foundation/Http/Kernel.php(116): Illuminate\\Foundation\\Http\\Kernel->sendRequestThroughRouter(Object(Illuminate\\Http\\Request))
#73 /home/adminlsp/appdir/public/index.php(55): Illuminate\\Foundation\\Http\\Kernel->handle(Object(Illuminate\\Http\\Request))
#74 /home/adminlsp/appdir/server.php(21): require_once('/home/adminlsp/...')
#75 {main}
"} 
[2021-06-17 04:21:33] local.ERROR: Failed to authenticate on SMTP server with username "lsp@polije.ac.id" using 3 possible authenticators. Authenticator LOGIN returned Expected response code 235 but got code "535", with message "535-5.7.8 Username and Password not accepted. Learn more at
535 5.7.8  https://support.google.com/mail/?p=BadCredentials t143sm4333130pgb.93 - gsmtp
". Authenticator PLAIN returned Expected response code 235 but got code "535", with message "535-5.7.8 Username and Password not accepted. Learn more at
535 5.7.8  https://support.google.com/mail/?p=BadCredentials t143sm4333130pgb.93 - gsmtp
". Authenticator XOAUTH2 returned Expected response code 250 but got code "535", with message "535-5.7.8 Username and Password not accepted. Learn more at
535 5.7.8  https://support.google.com/mail/?p=BadCredentials t143sm4333130pgb.93 - gsmtp
". {"exception":"[object] (Swift_TransportException(code: 0): Failed to authenticate on SMTP server with username \"lsp@polije.ac.id\" using 3 possible authenticators. Authenticator LOGIN returned Expected response code 235 but got code \"535\", with message \"535-5.7.8 Username and Password not accepted. Learn more at
535 5.7.8  https://support.google.com/mail/?p=BadCredentials t143sm4333130pgb.93 - gsmtp
\". Authenticator PLAIN returned Expected response code 235 but got code \"535\", with message \"535-5.7.8 Username and Password not accepted. Learn more at
535 5.7.8  https://support.google.com/mail/?p=BadCredentials t143sm4333130pgb.93 - gsmtp
\". Authenticator XOAUTH2 returned Expected response code 250 but got code \"535\", with message \"535-5.7.8 Username and Password not accepted. Learn more at
535 5.7.8  https://support.google.com/mail/?p=BadCredentials t143sm4333130pgb.93 - gsmtp
\". at /home/adminlsp/appdir/vendor/swiftmailer/swiftmailer/lib/classes/Swift/Transport/Esmtp/AuthHandler.php:191)
[stacktrace]
#0 /home/adminlsp/appdir/vendor/swiftmailer/swiftmailer/lib/classes/Swift/Transport/EsmtpTransport.php(371): Swift_Transport_Esmtp_AuthHandler->afterEhlo(Object(Swift_SmtpTransport))
#1 /home/adminlsp/appdir/vendor/swiftmailer/swiftmailer/lib/classes/Swift/Transport/AbstractSmtpTransport.php(148): Swift_Transport_EsmtpTransport->doHeloCommand()
#2 /home/adminlsp/appdir/vendor/swiftmailer/swiftmailer/lib/classes/Swift/Mailer.php(65): Swift_Transport_AbstractSmtpTransport->start()
#3 /home/adminlsp/appdir/vendor/laravel/framework/src/Illuminate/Mail/Mailer.php(484): Swift_Mailer->send(Object(Swift_Message), Array)
#4 /home/adminlsp/appdir/vendor/laravel/framework/src/Illuminate/Mail/Mailer.php(259): Illuminate\\Mail\\Mailer->sendSwiftMessage(Object(Swift_Message))
#5 /home/adminlsp/appdir/vendor/laravel/framework/src/Illuminate/Mail/Mailable.php(159): Illuminate\\Mail\\Mailer->send('auth.mail', Array, Object(Closure))
#6 /home/adminlsp/appdir/vendor/laravel/framework/src/Illuminate/Support/Traits/Localizable.php(19): Illuminate\\Mail\\Mailable->Illuminate\\Mail\\{closure}()
#7 /home/adminlsp/appdir/vendor/laravel/framework/src/Illuminate/Mail/Mailable.php(160): Illuminate\\Mail\\Mailable->withLocale(NULL, Object(Closure))
#8 /home/adminlsp/appdir/vendor/laravel/framework/src/Illuminate/Mail/Mailer.php(275): Illuminate\\Mail\\Mailable->send(Object(Illuminate\\Mail\\Mailer))
#9 /home/adminlsp/appdir/vendor/laravel/framework/src/Illuminate/Mail/Mailer.php(229): Illuminate\\Mail\\Mailer->sendMailable(Object(App\\Mail\\RegisterMail))
#10 /home/adminlsp/appdir/vendor/laravel/framework/src/Illuminate/Mail/PendingMail.php(127): Illuminate\\Mail\\Mailer->send(Object(App\\Mail\\RegisterMail))
#11 /home/adminlsp/appdir/app/Listeners/RegisteredListener.php(30): Illuminate\\Mail\\PendingMail->send(Object(App\\Mail\\RegisterMail))
#12 [internal function]: App\\Listeners\\RegisteredListener->handle(Object(Illuminate\\Auth\\Events\\Registered))
#13 /home/adminlsp/appdir/vendor/laravel/framework/src/Illuminate/Events/Dispatcher.php(366): call_user_func_array(Array, Array)
#14 /home/adminlsp/appdir/vendor/laravel/framework/src/Illuminate/Events/Dispatcher.php(196): Illuminate\\Events\\Dispatcher->Illuminate\\Events\\{closure}('Illuminate\\\\Auth...', Array)
#15 /home/adminlsp/appdir/vendor/laravel/framework/src/Illuminate/Foundation/helpers.php(482): Illuminate\\Events\\Dispatcher->dispatch('Illuminate\\\\Auth...')
#16 /home/adminlsp/appdir/vendor/laravel/framework/src/Illuminate/Foundation/Auth/RegistersUsers.php(34): event(Object(Illuminate\\Auth\\Events\\Registered))
#17 [internal function]: App\\Http\\Controllers\\Auth\\RegisterController->register(Object(Illuminate\\Http\\Request))
#18 /home/adminlsp/appdir/vendor/laravel/framework/src/Illuminate/Routing/Controller.php(54): call_user_func_array(Array, Array)
#19 /home/adminlsp/appdir/vendor/laravel/framework/src/Illuminate/Routing/ControllerDispatcher.php(45): Illuminate\\Routing\\Controller->callAction('register', Array)
#20 /home/adminlsp/appdir/vendor/laravel/framework/src/Illuminate/Routing/Route.php(219): Illuminate\\Routing\\ControllerDispatcher->dispatch(Object(Illuminate\\Routing\\Route), Object(App\\Http\\Controllers\\Auth\\RegisterController), 'register')
#21 /home/adminlsp/appdir/vendor/laravel/framework/src/Illuminate/Routing/Route.php(176): Illuminate\\Routing\\Route->runController()
#22 /home/adminlsp/appdir/vendor/laravel/framework/src/Illuminate/Routing/Router.php(680): Illuminate\\Routing\\Route->run()
#23 /home/adminlsp/appdir/vendor/laravel/framework/src/Illuminate/Routing/Pipeline.php(30): Illuminate\\Routing\\Router->Illuminate\\Routing\\{closure}(Object(Illuminate\\Http\\Request))
#24 /home/adminlsp/appdir/app/Http/Middleware/RedirectIfAuthenticated.php(24): Illuminate\\Routing\\Pipeline->Illuminate\\Routing\\{closure}(Object(Illuminate\\Http\\Request))
#25 /home/adminlsp/appdir/vendor/laravel/framework/src/Illuminate/Pipeline/Pipeline.php(163): App\\Http\\Middleware\\RedirectIfAuthenticated->handle(Object(Illuminate\\Http\\Request), Object(Closure))
#26 /home/adminlsp/appdir/vendor/laravel/framework/src/Illuminate/Routing/Pipeline.php(53): Illuminate\\Pipeline\\Pipeline->Illuminate\\Pipeline\\{closure}(Object(Illuminate\\Http\\Request))
#27 /home/adminlsp/appdir/vendor/laravel/framework/src/Illuminate/Routing/Middleware/SubstituteBindings.php(41): Illuminate\\Routing\\Pipeline->Illuminate\\Routing\\{closure}(Object(Illuminate\\Http\\Request))
#28 /home/adminlsp/appdir/vendor/laravel/framework/src/Illuminate/Pipeline/Pipeline.php(163): Illuminate\\Routing\\Middleware\\SubstituteBindings->handle(Object(Illuminate\\Http\\Request), Object(Closure))
#29 /home/adminlsp/appdir/vendor/laravel/framework/src/Illuminate/Routing/Pipeline.php(53): Illuminate\\Pipeline\\Pipeline->Illuminate\\Pipeline\\{closure}(Object(Illuminate\\Http\\Request))
#30 /home/adminlsp/appdir/vendor/laravel/framework/src/Illuminate/Foundation/Http/Middleware/VerifyCsrfToken.php(75): Illuminate\\Routing\\Pipeline->Illuminate\\Routing\\{closure}(Object(Illuminate\\Http\\Request))
#31 /home/adminlsp/appdir/vendor/laravel/framework/src/Illuminate/Pipeline/Pipeline.php(163): Illuminate\\Foundation\\Http\\Middleware\\VerifyCsrfToken->handle(Object(Illuminate\\Http\\Request), Object(Closure))
#32 /home/adminlsp/appdir/vendor/laravel/framework/src/Illuminate/Routing/Pipeline.php(53): Illuminate\\Pipeline\\Pipeline->Illuminate\\Pipeline\\{closure}(Object(Illuminate\\Http\\Request))
#33 /home/adminlsp/appdir/vendor/laravel/framework/src/Illuminate/Session/Middleware/AuthenticateSession.php(39): Illuminate\\Routing\\Pipeline->Illuminate\\Routing\\{closure}(Object(Illuminate\\Http\\Request))
#34 /home/adminlsp/appdir/vendor/laravel/framework/src/Illuminate/Pipeline/Pipeline.php(163): Illuminate\\Session\\Middleware\\AuthenticateSession->handle(Object(Illuminate\\Http\\Request), Object(Closure))
#35 /home/adminlsp/appdir/vendor/laravel/framework/src/Illuminate/Routing/Pipeline.php(53): Illuminate\\Pipeline\\Pipeline->Illuminate\\Pipeline\\{closure}(Object(Illuminate\\Http\\Request))
#36 /home/adminlsp/appdir/vendor/laravel/framework/src/Illuminate/View/Middleware/ShareErrorsFromSession.php(49): Illuminate\\Routing\\Pipeline->Illuminate\\Routing\\{closure}(Object(Illuminate\\Http\\Request))
#37 /home/adminlsp/appdir/vendor/laravel/framework/src/Illuminate/Pipeline/Pipeline.php(163): Illuminate\\View\\Middleware\\ShareErrorsFromSession->handle(Object(Illuminate\\Http\\Request), Object(Closure))
#38 /home/adminlsp/appdir/vendor/laravel/framework/src/Illuminate/Routing/Pipeline.php(53): Illuminate\\Pipeline\\Pipeline->Illuminate\\Pipeline\\{closure}(Object(Illuminate\\Http\\Request))
#39 /home/adminlsp/appdir/vendor/laravel/framework/src/Illuminate/Session/Middleware/StartSession.php(56): Illuminate\\Routing\\Pipeline->Illuminate\\Routing\\{closure}(Object(Illuminate\\Http\\Request))
#40 /home/adminlsp/appdir/vendor/laravel/framework/src/Illuminate/Pipeline/Pipeline.php(163): Illuminate\\Session\\Middleware\\StartSession->handle(Object(Illuminate\\Http\\Request), Object(Closure))
#41 /home/adminlsp/appdir/vendor/laravel/framework/src/Illuminate/Routing/Pipeline.php(53): Illuminate\\Pipeline\\Pipeline->Illuminate\\Pipeline\\{closure}(Object(Illuminate\\Http\\Request))
#42 /home/adminlsp/appdir/vendor/laravel/framework/src/Illuminate/Cookie/Middleware/AddQueuedCookiesToResponse.php(37): Illuminate\\Routing\\Pipeline->Illuminate\\Routing\\{closure}(Object(Illuminate\\Http\\Request))
#43 /home/adminlsp/appdir/vendor/laravel/framework/src/Illuminate/Pipeline/Pipeline.php(163): Illuminate\\Cookie\\Middleware\\AddQueuedCookiesToResponse->handle(Object(Illuminate\\Http\\Request), Object(Closure))
#44 /home/adminlsp/appdir/vendor/laravel/framework/src/Illuminate/Routing/Pipeline.php(53): Illuminate\\Pipeline\\Pipeline->Illuminate\\Pipeline\\{closure}(Object(Illuminate\\Http\\Request))
#45 /home/adminlsp/appdir/vendor/laravel/framework/src/Illuminate/Cookie/Middleware/EncryptCookies.php(66): Illuminate\\Routing\\Pipeline->Illuminate\\Routing\\{closure}(Object(Illuminate\\Http\\Request))
#46 /home/adminlsp/appdir/vendor/laravel/framework/src/Illuminate/Pipeline/Pipeline.php(163): Illuminate\\Cookie\\Middleware\\EncryptCookies->handle(Object(Illuminate\\Http\\Request), Object(Closure))
#47 /home/adminlsp/appdir/vendor/laravel/framework/src/Illuminate/Routing/Pipeline.php(53): Illuminate\\Pipeline\\Pipeline->Illuminate\\Pipeline\\{closure}(Object(Illuminate\\Http\\Request))
#48 /home/adminlsp/appdir/vendor/laravel/framework/src/Illuminate/Pipeline/Pipeline.php(104): Illuminate\\Routing\\Pipeline->Illuminate\\Routing\\{closure}(Object(Illuminate\\Http\\Request))
#49 /home/adminlsp/appdir/vendor/laravel/framework/src/Illuminate/Routing/Router.php(682): Illuminate\\Pipeline\\Pipeline->then(Object(Closure))
#50 /home/adminlsp/appdir/vendor/laravel/framework/src/Illuminate/Routing/Router.php(657): Illuminate\\Routing\\Router->runRouteWithinStack(Object(Illuminate\\Routing\\Route), Object(Illuminate\\Http\\Request))
#51 /home/adminlsp/appdir/vendor/laravel/framework/src/Illuminate/Routing/Router.php(623): Illuminate\\Routing\\Router->runRoute(Object(Illuminate\\Http\\Request), Object(Illuminate\\Routing\\Route))
#52 /home/adminlsp/appdir/vendor/laravel/framework/src/Illuminate/Routing/Router.php(612): Illuminate\\Routing\\Router->dispatchToRoute(Object(Illuminate\\Http\\Request))
#53 /home/adminlsp/appdir/vendor/laravel/framework/src/Illuminate/Foundation/Http/Kernel.php(176): Illuminate\\Routing\\Router->dispatch(Object(Illuminate\\Http\\Request))
#54 /home/adminlsp/appdir/vendor/laravel/framework/src/Illuminate/Routing/Pipeline.php(30): Illuminate\\Foundation\\Http\\Kernel->Illuminate\\Foundation\\Http\\{closure}(Object(Illuminate\\Http\\Request))
#55 /home/adminlsp/appdir/vendor/fideloper/proxy/src/TrustProxies.php(57): Illuminate\\Routing\\Pipeline->Illuminate\\Routing\\{closure}(Object(Illuminate\\Http\\Request))
#56 /home/adminlsp/appdir/vendor/laravel/framework/src/Illuminate/Pipeline/Pipeline.php(163): Fideloper\\Proxy\\TrustProxies->handle(Object(Illuminate\\Http\\Request), Object(Closure))
#57 /home/adminlsp/appdir/vendor/laravel/framework/src/Illuminate/Routing/Pipeline.php(53): Illuminate\\Pipeline\\Pipeline->Illuminate\\Pipeline\\{closure}(Object(Illuminate\\Http\\Request))
#58 /home/adminlsp/appdir/vendor/laravel/framework/src/Illuminate/Foundation/Http/Middleware/TransformsRequest.php(21): Illuminate\\Routing\\Pipeline->Illuminate\\Routing\\{closure}(Object(Illuminate\\Http\\Request))
#59 /home/adminlsp/appdir/vendor/laravel/framework/src/Illuminate/Pipeline/Pipeline.php(163): Illuminate\\Foundation\\Http\\Middleware\\TransformsRequest->handle(Object(Illuminate\\Http\\Request), Object(Closure))
#60 /home/adminlsp/appdir/vendor/laravel/framework/src/Illuminate/Routing/Pipeline.php(53): Illuminate\\Pipeline\\Pipeline->Illuminate\\Pipeline\\{closure}(Object(Illuminate\\Http\\Request))
#61 /home/adminlsp/appdir/vendor/laravel/framework/src/Illuminate/Foundation/Http/Middleware/TransformsRequest.php(21): Illuminate\\Routing\\Pipeline->Illuminate\\Routing\\{closure}(Object(Illuminate\\Http\\Request))
#62 /home/adminlsp/appdir/vendor/laravel/framework/src/Illuminate/Pipeline/Pipeline.php(163): Illuminate\\Foundation\\Http\\Middleware\\TransformsRequest->handle(Object(Illuminate\\Http\\Request), Object(Closure))
#63 /home/adminlsp/appdir/vendor/laravel/framework/src/Illuminate/Routing/Pipeline.php(53): Illuminate\\Pipeline\\Pipeline->Illuminate\\Pipeline\\{closure}(Object(Illuminate\\Http\\Request))
#64 /home/adminlsp/appdir/vendor/laravel/framework/src/Illuminate/Foundation/Http/Middleware/ValidatePostSize.php(27): Illuminate\\Routing\\Pipeline->Illuminate\\Routing\\{closure}(Object(Illuminate\\Http\\Request))
#65 /home/adminlsp/appdir/vendor/laravel/framework/src/Illuminate/Pipeline/Pipeline.php(163): Illuminate\\Foundation\\Http\\Middleware\\ValidatePostSize->handle(Object(Illuminate\\Http\\Request), Object(Closure))
#66 /home/adminlsp/appdir/vendor/laravel/framework/src/Illuminate/Routing/Pipeline.php(53): Illuminate\\Pipeline\\Pipeline->Illuminate\\Pipeline\\{closure}(Object(Illuminate\\Http\\Request))
#67 /home/adminlsp/appdir/vendor/laravel/framework/src/Illuminate/Foundation/Http/Middleware/CheckForMaintenanceMode.php(62): Illuminate\\Routing\\Pipeline->Illuminate\\Routing\\{closure}(Object(Illuminate\\Http\\Request))
#68 /home/adminlsp/appdir/vendor/laravel/framework/src/Illuminate/Pipeline/Pipeline.php(163): Illuminate\\Foundation\\Http\\Middleware\\CheckForMaintenanceMode->handle(Object(Illuminate\\Http\\Request), Object(Closure))
#69 /home/adminlsp/appdir/vendor/laravel/framework/src/Illuminate/Routing/Pipeline.php(53): Illuminate\\Pipeline\\Pipeline->Illuminate\\Pipeline\\{closure}(Object(Illuminate\\Http\\Request))
#70 /home/adminlsp/appdir/vendor/laravel/framework/src/Illuminate/Pipeline/Pipeline.php(104): Illuminate\\Routing\\Pipeline->Illuminate\\Routing\\{closure}(Object(Illuminate\\Http\\Request))
#71 /home/adminlsp/appdir/vendor/laravel/framework/src/Illuminate/Foundation/Http/Kernel.php(151): Illuminate\\Pipeline\\Pipeline->then(Object(Closure))
#72 /home/adminlsp/appdir/vendor/laravel/framework/src/Illuminate/Foundation/Http/Kernel.php(116): Illuminate\\Foundation\\Http\\Kernel->sendRequestThroughRouter(Object(Illuminate\\Http\\Request))
#73 /home/adminlsp/appdir/public/index.php(55): Illuminate\\Foundation\\Http\\Kernel->handle(Object(Illuminate\\Http\\Request))
#74 /home/adminlsp/appdir/server.php(21): require_once('/home/adminlsp/...')
#75 {main}
"} 
[2021-06-17 04:32:50] local.ERROR: Failed to authenticate on SMTP server with username "lsp@polije.ac.id" using 3 possible authenticators. Authenticator LOGIN returned Expected response code 235 but got code "534", with message "534-5.7.9 Application-specific password required. Learn more at
534 5.7.9  https://support.google.com/mail/?p=InvalidSecondFactor a15sm3504169pff.128 - gsmtp
". Authenticator PLAIN returned Expected response code 235 but got code "534", with message "534-5.7.9 Application-specific password required. Learn more at
534 5.7.9  https://support.google.com/mail/?p=InvalidSecondFactor a15sm3504169pff.128 - gsmtp
". Authenticator XOAUTH2 returned Expected response code 250 but got code "535", with message "535-5.7.8 Username and Password not accepted. Learn more at
535 5.7.8  https://support.google.com/mail/?p=BadCredentials a15sm3504169pff.128 - gsmtp
". {"exception":"[object] (Swift_TransportException(code: 0): Failed to authenticate on SMTP server with username \"lsp@polije.ac.id\" using 3 possible authenticators. Authenticator LOGIN returned Expected response code 235 but got code \"534\", with message \"534-5.7.9 Application-specific password required. Learn more at
534 5.7.9  https://support.google.com/mail/?p=InvalidSecondFactor a15sm3504169pff.128 - gsmtp
\". Authenticator PLAIN returned Expected response code 235 but got code \"534\", with message \"534-5.7.9 Application-specific password required. Learn more at
534 5.7.9  https://support.google.com/mail/?p=InvalidSecondFactor a15sm3504169pff.128 - gsmtp
\". Authenticator XOAUTH2 returned Expected response code 250 but got code \"535\", with message \"535-5.7.8 Username and Password not accepted. Learn more at
535 5.7.8  https://support.google.com/mail/?p=BadCredentials a15sm3504169pff.128 - gsmtp
\". at /home/adminlsp/appdir/vendor/swiftmailer/swiftmailer/lib/classes/Swift/Transport/Esmtp/AuthHandler.php:191)
[stacktrace]
#0 /home/adminlsp/appdir/vendor/swiftmailer/swiftmailer/lib/classes/Swift/Transport/EsmtpTransport.php(371): Swift_Transport_Esmtp_AuthHandler->afterEhlo(Object(Swift_SmtpTransport))
#1 /home/adminlsp/appdir/vendor/swiftmailer/swiftmailer/lib/classes/Swift/Transport/AbstractSmtpTransport.php(148): Swift_Transport_EsmtpTransport->doHeloCommand()
#2 /home/adminlsp/appdir/vendor/swiftmailer/swiftmailer/lib/classes/Swift/Mailer.php(65): Swift_Transport_AbstractSmtpTransport->start()
#3 /home/adminlsp/appdir/vendor/laravel/framework/src/Illuminate/Mail/Mailer.php(484): Swift_Mailer->send(Object(Swift_Message), Array)
#4 /home/adminlsp/appdir/vendor/laravel/framework/src/Illuminate/Mail/Mailer.php(259): Illuminate\\Mail\\Mailer->sendSwiftMessage(Object(Swift_Message))
#5 /home/adminlsp/appdir/vendor/laravel/framework/src/Illuminate/Mail/Mailable.php(159): Illuminate\\Mail\\Mailer->send('auth.mail', Array, Object(Closure))
#6 /home/adminlsp/appdir/vendor/laravel/framework/src/Illuminate/Support/Traits/Localizable.php(19): Illuminate\\Mail\\Mailable->Illuminate\\Mail\\{closure}()
#7 /home/adminlsp/appdir/vendor/laravel/framework/src/Illuminate/Mail/Mailable.php(160): Illuminate\\Mail\\Mailable->withLocale(NULL, Object(Closure))
#8 /home/adminlsp/appdir/vendor/laravel/framework/src/Illuminate/Mail/Mailer.php(275): Illuminate\\Mail\\Mailable->send(Object(Illuminate\\Mail\\Mailer))
#9 /home/adminlsp/appdir/vendor/laravel/framework/src/Illuminate/Mail/Mailer.php(229): Illuminate\\Mail\\Mailer->sendMailable(Object(App\\Mail\\RegisterMail))
#10 /home/adminlsp/appdir/vendor/laravel/framework/src/Illuminate/Mail/PendingMail.php(127): Illuminate\\Mail\\Mailer->send(Object(App\\Mail\\RegisterMail))
#11 /home/adminlsp/appdir/app/Listeners/RegisteredListener.php(30): Illuminate\\Mail\\PendingMail->send(Object(App\\Mail\\RegisterMail))
#12 [internal function]: App\\Listeners\\RegisteredListener->handle(Object(Illuminate\\Auth\\Events\\Registered))
#13 /home/adminlsp/appdir/vendor/laravel/framework/src/Illuminate/Events/Dispatcher.php(366): call_user_func_array(Array, Array)
#14 /home/adminlsp/appdir/vendor/laravel/framework/src/Illuminate/Events/Dispatcher.php(196): Illuminate\\Events\\Dispatcher->Illuminate\\Events\\{closure}('Illuminate\\\\Auth...', Array)
#15 /home/adminlsp/appdir/vendor/laravel/framework/src/Illuminate/Foundation/helpers.php(482): Illuminate\\Events\\Dispatcher->dispatch('Illuminate\\\\Auth...')
#16 /home/adminlsp/appdir/vendor/laravel/framework/src/Illuminate/Foundation/Auth/RegistersUsers.php(34): event(Object(Illuminate\\Auth\\Events\\Registered))
#17 [internal function]: App\\Http\\Controllers\\Auth\\RegisterController->register(Object(Illuminate\\Http\\Request))
#18 /home/adminlsp/appdir/vendor/laravel/framework/src/Illuminate/Routing/Controller.php(54): call_user_func_array(Array, Array)
#19 /home/adminlsp/appdir/vendor/laravel/framework/src/Illuminate/Routing/ControllerDispatcher.php(45): Illuminate\\Routing\\Controller->callAction('register', Array)
#20 /home/adminlsp/appdir/vendor/laravel/framework/src/Illuminate/Routing/Route.php(219): Illuminate\\Routing\\ControllerDispatcher->dispatch(Object(Illuminate\\Routing\\Route), Object(App\\Http\\Controllers\\Auth\\RegisterController), 'register')
#21 /home/adminlsp/appdir/vendor/laravel/framework/src/Illuminate/Routing/Route.php(176): Illuminate\\Routing\\Route->runController()
#22 /home/adminlsp/appdir/vendor/laravel/framework/src/Illuminate/Routing/Router.php(680): Illuminate\\Routing\\Route->run()
#23 /home/adminlsp/appdir/vendor/laravel/framework/src/Illuminate/Routing/Pipeline.php(30): Illuminate\\Routing\\Router->Illuminate\\Routing\\{closure}(Object(Illuminate\\Http\\Request))
#24 /home/adminlsp/appdir/app/Http/Middleware/RedirectIfAuthenticated.php(24): Illuminate\\Routing\\Pipeline->Illuminate\\Routing\\{closure}(Object(Illuminate\\Http\\Request))
#25 /home/adminlsp/appdir/vendor/laravel/framework/src/Illuminate/Pipeline/Pipeline.php(163): App\\Http\\Middleware\\RedirectIfAuthenticated->handle(Object(Illuminate\\Http\\Request), Object(Closure))
#26 /home/adminlsp/appdir/vendor/laravel/framework/src/Illuminate/Routing/Pipeline.php(53): Illuminate\\Pipeline\\Pipeline->Illuminate\\Pipeline\\{closure}(Object(Illuminate\\Http\\Request))
#27 /home/adminlsp/appdir/vendor/laravel/framework/src/Illuminate/Routing/Middleware/SubstituteBindings.php(41): Illuminate\\Routing\\Pipeline->Illuminate\\Routing\\{closure}(Object(Illuminate\\Http\\Request))
#28 /home/adminlsp/appdir/vendor/laravel/framework/src/Illuminate/Pipeline/Pipeline.php(163): Illuminate\\Routing\\Middleware\\SubstituteBindings->handle(Object(Illuminate\\Http\\Request), Object(Closure))
#29 /home/adminlsp/appdir/vendor/laravel/framework/src/Illuminate/Routing/Pipeline.php(53): Illuminate\\Pipeline\\Pipeline->Illuminate\\Pipeline\\{closure}(Object(Illuminate\\Http\\Request))
#30 /home/adminlsp/appdir/vendor/laravel/framework/src/Illuminate/Foundation/Http/Middleware/VerifyCsrfToken.php(75): Illuminate\\Routing\\Pipeline->Illuminate\\Routing\\{closure}(Object(Illuminate\\Http\\Request))
#31 /home/adminlsp/appdir/vendor/laravel/framework/src/Illuminate/Pipeline/Pipeline.php(163): Illuminate\\Foundation\\Http\\Middleware\\VerifyCsrfToken->handle(Object(Illuminate\\Http\\Request), Object(Closure))
#32 /home/adminlsp/appdir/vendor/laravel/framework/src/Illuminate/Routing/Pipeline.php(53): Illuminate\\Pipeline\\Pipeline->Illuminate\\Pipeline\\{closure}(Object(Illuminate\\Http\\Request))
#33 /home/adminlsp/appdir/vendor/laravel/framework/src/Illuminate/Session/Middleware/AuthenticateSession.php(39): Illuminate\\Routing\\Pipeline->Illuminate\\Routing\\{closure}(Object(Illuminate\\Http\\Request))
#34 /home/adminlsp/appdir/vendor/laravel/framework/src/Illuminate/Pipeline/Pipeline.php(163): Illuminate\\Session\\Middleware\\AuthenticateSession->handle(Object(Illuminate\\Http\\Request), Object(Closure))
#35 /home/adminlsp/appdir/vendor/laravel/framework/src/Illuminate/Routing/Pipeline.php(53): Illuminate\\Pipeline\\Pipeline->Illuminate\\Pipeline\\{closure}(Object(Illuminate\\Http\\Request))
#36 /home/adminlsp/appdir/vendor/laravel/framework/src/Illuminate/View/Middleware/ShareErrorsFromSession.php(49): Illuminate\\Routing\\Pipeline->Illuminate\\Routing\\{closure}(Object(Illuminate\\Http\\Request))
#37 /home/adminlsp/appdir/vendor/laravel/framework/src/Illuminate/Pipeline/Pipeline.php(163): Illuminate\\View\\Middleware\\ShareErrorsFromSession->handle(Object(Illuminate\\Http\\Request), Object(Closure))
#38 /home/adminlsp/appdir/vendor/laravel/framework/src/Illuminate/Routing/Pipeline.php(53): Illuminate\\Pipeline\\Pipeline->Illuminate\\Pipeline\\{closure}(Object(Illuminate\\Http\\Request))
#39 /home/adminlsp/appdir/vendor/laravel/framework/src/Illuminate/Session/Middleware/StartSession.php(56): Illuminate\\Routing\\Pipeline->Illuminate\\Routing\\{closure}(Object(Illuminate\\Http\\Request))
#40 /home/adminlsp/appdir/vendor/laravel/framework/src/Illuminate/Pipeline/Pipeline.php(163): Illuminate\\Session\\Middleware\\StartSession->handle(Object(Illuminate\\Http\\Request), Object(Closure))
#41 /home/adminlsp/appdir/vendor/laravel/framework/src/Illuminate/Routing/Pipeline.php(53): Illuminate\\Pipeline\\Pipeline->Illuminate\\Pipeline\\{closure}(Object(Illuminate\\Http\\Request))
#42 /home/adminlsp/appdir/vendor/laravel/framework/src/Illuminate/Cookie/Middleware/AddQueuedCookiesToResponse.php(37): Illuminate\\Routing\\Pipeline->Illuminate\\Routing\\{closure}(Object(Illuminate\\Http\\Request))
#43 /home/adminlsp/appdir/vendor/laravel/framework/src/Illuminate/Pipeline/Pipeline.php(163): Illuminate\\Cookie\\Middleware\\AddQueuedCookiesToResponse->handle(Object(Illuminate\\Http\\Request), Object(Closure))
#44 /home/adminlsp/appdir/vendor/laravel/framework/src/Illuminate/Routing/Pipeline.php(53): Illuminate\\Pipeline\\Pipeline->Illuminate\\Pipeline\\{closure}(Object(Illuminate\\Http\\Request))
#45 /home/adminlsp/appdir/vendor/laravel/framework/src/Illuminate/Cookie/Middleware/EncryptCookies.php(66): Illuminate\\Routing\\Pipeline->Illuminate\\Routing\\{closure}(Object(Illuminate\\Http\\Request))
#46 /home/adminlsp/appdir/vendor/laravel/framework/src/Illuminate/Pipeline/Pipeline.php(163): Illuminate\\Cookie\\Middleware\\EncryptCookies->handle(Object(Illuminate\\Http\\Request), Object(Closure))
#47 /home/adminlsp/appdir/vendor/laravel/framework/src/Illuminate/Routing/Pipeline.php(53): Illuminate\\Pipeline\\Pipeline->Illuminate\\Pipeline\\{closure}(Object(Illuminate\\Http\\Request))
#48 /home/adminlsp/appdir/vendor/laravel/framework/src/Illuminate/Pipeline/Pipeline.php(104): Illuminate\\Routing\\Pipeline->Illuminate\\Routing\\{closure}(Object(Illuminate\\Http\\Request))
#49 /home/adminlsp/appdir/vendor/laravel/framework/src/Illuminate/Routing/Router.php(682): Illuminate\\Pipeline\\Pipeline->then(Object(Closure))
#50 /home/adminlsp/appdir/vendor/laravel/framework/src/Illuminate/Routing/Router.php(657): Illuminate\\Routing\\Router->runRouteWithinStack(Object(Illuminate\\Routing\\Route), Object(Illuminate\\Http\\Request))
#51 /home/adminlsp/appdir/vendor/laravel/framework/src/Illuminate/Routing/Router.php(623): Illuminate\\Routing\\Router->runRoute(Object(Illuminate\\Http\\Request), Object(Illuminate\\Routing\\Route))
#52 /home/adminlsp/appdir/vendor/laravel/framework/src/Illuminate/Routing/Router.php(612): Illuminate\\Routing\\Router->dispatchToRoute(Object(Illuminate\\Http\\Request))
#53 /home/adminlsp/appdir/vendor/laravel/framework/src/Illuminate/Foundation/Http/Kernel.php(176): Illuminate\\Routing\\Router->dispatch(Object(Illuminate\\Http\\Request))
#54 /home/adminlsp/appdir/vendor/laravel/framework/src/Illuminate/Routing/Pipeline.php(30): Illuminate\\Foundation\\Http\\Kernel->Illuminate\\Foundation\\Http\\{closure}(Object(Illuminate\\Http\\Request))
#55 /home/adminlsp/appdir/vendor/fideloper/proxy/src/TrustProxies.php(57): Illuminate\\Routing\\Pipeline->Illuminate\\Routing\\{closure}(Object(Illuminate\\Http\\Request))
#56 /home/adminlsp/appdir/vendor/laravel/framework/src/Illuminate/Pipeline/Pipeline.php(163): Fideloper\\Proxy\\TrustProxies->handle(Object(Illuminate\\Http\\Request), Object(Closure))
#57 /home/adminlsp/appdir/vendor/laravel/framework/src/Illuminate/Routing/Pipeline.php(53): Illuminate\\Pipeline\\Pipeline->Illuminate\\Pipeline\\{closure}(Object(Illuminate\\Http\\Request))
#58 /home/adminlsp/appdir/vendor/laravel/framework/src/Illuminate/Foundation/Http/Middleware/TransformsRequest.php(21): Illuminate\\Routing\\Pipeline->Illuminate\\Routing\\{closure}(Object(Illuminate\\Http\\Request))
#59 /home/adminlsp/appdir/vendor/laravel/framework/src/Illuminate/Pipeline/Pipeline.php(163): Illuminate\\Foundation\\Http\\Middleware\\TransformsRequest->handle(Object(Illuminate\\Http\\Request), Object(Closure))
#60 /home/adminlsp/appdir/vendor/laravel/framework/src/Illuminate/Routing/Pipeline.php(53): Illuminate\\Pipeline\\Pipeline->Illuminate\\Pipeline\\{closure}(Object(Illuminate\\Http\\Request))
#61 /home/adminlsp/appdir/vendor/laravel/framework/src/Illuminate/Foundation/Http/Middleware/TransformsRequest.php(21): Illuminate\\Routing\\Pipeline->Illuminate\\Routing\\{closure}(Object(Illuminate\\Http\\Request))
#62 /home/adminlsp/appdir/vendor/laravel/framework/src/Illuminate/Pipeline/Pipeline.php(163): Illuminate\\Foundation\\Http\\Middleware\\TransformsRequest->handle(Object(Illuminate\\Http\\Request), Object(Closure))
#63 /home/adminlsp/appdir/vendor/laravel/framework/src/Illuminate/Routing/Pipeline.php(53): Illuminate\\Pipeline\\Pipeline->Illuminate\\Pipeline\\{closure}(Object(Illuminate\\Http\\Request))
#64 /home/adminlsp/appdir/vendor/laravel/framework/src/Illuminate/Foundation/Http/Middleware/ValidatePostSize.php(27): Illuminate\\Routing\\Pipeline->Illuminate\\Routing\\{closure}(Object(Illuminate\\Http\\Request))
#65 /home/adminlsp/appdir/vendor/laravel/framework/src/Illuminate/Pipeline/Pipeline.php(163): Illuminate\\Foundation\\Http\\Middleware\\ValidatePostSize->handle(Object(Illuminate\\Http\\Request), Object(Closure))
#66 /home/adminlsp/appdir/vendor/laravel/framework/src/Illuminate/Routing/Pipeline.php(53): Illuminate\\Pipeline\\Pipeline->Illuminate\\Pipeline\\{closure}(Object(Illuminate\\Http\\Request))
#67 /home/adminlsp/appdir/vendor/laravel/framework/src/Illuminate/Foundation/Http/Middleware/CheckForMaintenanceMode.php(62): Illuminate\\Routing\\Pipeline->Illuminate\\Routing\\{closure}(Object(Illuminate\\Http\\Request))
#68 /home/adminlsp/appdir/vendor/laravel/framework/src/Illuminate/Pipeline/Pipeline.php(163): Illuminate\\Foundation\\Http\\Middleware\\CheckForMaintenanceMode->handle(Object(Illuminate\\Http\\Request), Object(Closure))
#69 /home/adminlsp/appdir/vendor/laravel/framework/src/Illuminate/Routing/Pipeline.php(53): Illuminate\\Pipeline\\Pipeline->Illuminate\\Pipeline\\{closure}(Object(Illuminate\\Http\\Request))
#70 /home/adminlsp/appdir/vendor/laravel/framework/src/Illuminate/Pipeline/Pipeline.php(104): Illuminate\\Routing\\Pipeline->Illuminate\\Routing\\{closure}(Object(Illuminate\\Http\\Request))
#71 /home/adminlsp/appdir/vendor/laravel/framework/src/Illuminate/Foundation/Http/Kernel.php(151): Illuminate\\Pipeline\\Pipeline->then(Object(Closure))
#72 /home/adminlsp/appdir/vendor/laravel/framework/src/Illuminate/Foundation/Http/Kernel.php(116): Illuminate\\Foundation\\Http\\Kernel->sendRequestThroughRouter(Object(Illuminate\\Http\\Request))
#73 /home/adminlsp/appdir/public/index.php(55): Illuminate\\Foundation\\Http\\Kernel->handle(Object(Illuminate\\Http\\Request))
#74 /home/adminlsp/appdir/server.php(21): require_once('/home/adminlsp/...')
#75 {main}
"} 
[2021-06-17 04:33:29] local.ERROR: Failed to authenticate on SMTP server with username "lsp@polije.ac.id" using 3 possible authenticators. Authenticator LOGIN returned Expected response code 235 but got code "534", with message "534-5.7.9 Application-specific password required. Learn more at
534 5.7.9  https://support.google.com/mail/?p=InvalidSecondFactor u11sm478228pjf.46 - gsmtp
". Authenticator PLAIN returned Expected response code 235 but got code "534", with message "534-5.7.9 Application-specific password required. Learn more at
534 5.7.9  https://support.google.com/mail/?p=InvalidSecondFactor u11sm478228pjf.46 - gsmtp
". Authenticator XOAUTH2 returned Expected response code 250 but got code "535", with message "535-5.7.8 Username and Password not accepted. Learn more at
535 5.7.8  https://support.google.com/mail/?p=BadCredentials u11sm478228pjf.46 - gsmtp
". {"exception":"[object] (Swift_TransportException(code: 0): Failed to authenticate on SMTP server with username \"lsp@polije.ac.id\" using 3 possible authenticators. Authenticator LOGIN returned Expected response code 235 but got code \"534\", with message \"534-5.7.9 Application-specific password required. Learn more at
534 5.7.9  https://support.google.com/mail/?p=InvalidSecondFactor u11sm478228pjf.46 - gsmtp
\". Authenticator PLAIN returned Expected response code 235 but got code \"534\", with message \"534-5.7.9 Application-specific password required. Learn more at
534 5.7.9  https://support.google.com/mail/?p=InvalidSecondFactor u11sm478228pjf.46 - gsmtp
\". Authenticator XOAUTH2 returned Expected response code 250 but got code \"535\", with message \"535-5.7.8 Username and Password not accepted. Learn more at
535 5.7.8  https://support.google.com/mail/?p=BadCredentials u11sm478228pjf.46 - gsmtp
\". at /home/adminlsp/appdir/vendor/swiftmailer/swiftmailer/lib/classes/Swift/Transport/Esmtp/AuthHandler.php:191)
[stacktrace]
#0 /home/adminlsp/appdir/vendor/swiftmailer/swiftmailer/lib/classes/Swift/Transport/EsmtpTransport.php(371): Swift_Transport_Esmtp_AuthHandler->afterEhlo(Object(Swift_SmtpTransport))
#1 /home/adminlsp/appdir/vendor/swiftmailer/swiftmailer/lib/classes/Swift/Transport/AbstractSmtpTransport.php(148): Swift_Transport_EsmtpTransport->doHeloCommand()
#2 /home/adminlsp/appdir/vendor/swiftmailer/swiftmailer/lib/classes/Swift/Mailer.php(65): Swift_Transport_AbstractSmtpTransport->start()
#3 /home/adminlsp/appdir/vendor/laravel/framework/src/Illuminate/Mail/Mailer.php(484): Swift_Mailer->send(Object(Swift_Message), Array)
#4 /home/adminlsp/appdir/vendor/laravel/framework/src/Illuminate/Mail/Mailer.php(259): Illuminate\\Mail\\Mailer->sendSwiftMessage(Object(Swift_Message))
#5 /home/adminlsp/appdir/vendor/laravel/framework/src/Illuminate/Mail/Mailable.php(159): Illuminate\\Mail\\Mailer->send('auth.mail', Array, Object(Closure))
#6 /home/adminlsp/appdir/vendor/laravel/framework/src/Illuminate/Support/Traits/Localizable.php(19): Illuminate\\Mail\\Mailable->Illuminate\\Mail\\{closure}()
#7 /home/adminlsp/appdir/vendor/laravel/framework/src/Illuminate/Mail/Mailable.php(160): Illuminate\\Mail\\Mailable->withLocale(NULL, Object(Closure))
#8 /home/adminlsp/appdir/vendor/laravel/framework/src/Illuminate/Mail/Mailer.php(275): Illuminate\\Mail\\Mailable->send(Object(Illuminate\\Mail\\Mailer))
#9 /home/adminlsp/appdir/vendor/laravel/framework/src/Illuminate/Mail/Mailer.php(229): Illuminate\\Mail\\Mailer->sendMailable(Object(App\\Mail\\RegisterMail))
#10 /home/adminlsp/appdir/vendor/laravel/framework/src/Illuminate/Mail/PendingMail.php(127): Illuminate\\Mail\\Mailer->send(Object(App\\Mail\\RegisterMail))
#11 /home/adminlsp/appdir/app/Listeners/RegisteredListener.php(30): Illuminate\\Mail\\PendingMail->send(Object(App\\Mail\\RegisterMail))
#12 [internal function]: App\\Listeners\\RegisteredListener->handle(Object(Illuminate\\Auth\\Events\\Registered))
#13 /home/adminlsp/appdir/vendor/laravel/framework/src/Illuminate/Events/Dispatcher.php(366): call_user_func_array(Array, Array)
#14 /home/adminlsp/appdir/vendor/laravel/framework/src/Illuminate/Events/Dispatcher.php(196): Illuminate\\Events\\Dispatcher->Illuminate\\Events\\{closure}('Illuminate\\\\Auth...', Array)
#15 /home/adminlsp/appdir/vendor/laravel/framework/src/Illuminate/Foundation/helpers.php(482): Illuminate\\Events\\Dispatcher->dispatch('Illuminate\\\\Auth...')
#16 /home/adminlsp/appdir/vendor/laravel/framework/src/Illuminate/Foundation/Auth/RegistersUsers.php(34): event(Object(Illuminate\\Auth\\Events\\Registered))
#17 [internal function]: App\\Http\\Controllers\\Auth\\RegisterController->register(Object(Illuminate\\Http\\Request))
#18 /home/adminlsp/appdir/vendor/laravel/framework/src/Illuminate/Routing/Controller.php(54): call_user_func_array(Array, Array)
#19 /home/adminlsp/appdir/vendor/laravel/framework/src/Illuminate/Routing/ControllerDispatcher.php(45): Illuminate\\Routing\\Controller->callAction('register', Array)
#20 /home/adminlsp/appdir/vendor/laravel/framework/src/Illuminate/Routing/Route.php(219): Illuminate\\Routing\\ControllerDispatcher->dispatch(Object(Illuminate\\Routing\\Route), Object(App\\Http\\Controllers\\Auth\\RegisterController), 'register')
#21 /home/adminlsp/appdir/vendor/laravel/framework/src/Illuminate/Routing/Route.php(176): Illuminate\\Routing\\Route->runController()
#22 /home/adminlsp/appdir/vendor/laravel/framework/src/Illuminate/Routing/Router.php(680): Illuminate\\Routing\\Route->run()
#23 /home/adminlsp/appdir/vendor/laravel/framework/src/Illuminate/Routing/Pipeline.php(30): Illuminate\\Routing\\Router->Illuminate\\Routing\\{closure}(Object(Illuminate\\Http\\Request))
#24 /home/adminlsp/appdir/app/Http/Middleware/RedirectIfAuthenticated.php(24): Illuminate\\Routing\\Pipeline->Illuminate\\Routing\\{closure}(Object(Illuminate\\Http\\Request))
#25 /home/adminlsp/appdir/vendor/laravel/framework/src/Illuminate/Pipeline/Pipeline.php(163): App\\Http\\Middleware\\RedirectIfAuthenticated->handle(Object(Illuminate\\Http\\Request), Object(Closure))
#26 /home/adminlsp/appdir/vendor/laravel/framework/src/Illuminate/Routing/Pipeline.php(53): Illuminate\\Pipeline\\Pipeline->Illuminate\\Pipeline\\{closure}(Object(Illuminate\\Http\\Request))
#27 /home/adminlsp/appdir/vendor/laravel/framework/src/Illuminate/Routing/Middleware/SubstituteBindings.php(41): Illuminate\\Routing\\Pipeline->Illuminate\\Routing\\{closure}(Object(Illuminate\\Http\\Request))
#28 /home/adminlsp/appdir/vendor/laravel/framework/src/Illuminate/Pipeline/Pipeline.php(163): Illuminate\\Routing\\Middleware\\SubstituteBindings->handle(Object(Illuminate\\Http\\Request), Object(Closure))
#29 /home/adminlsp/appdir/vendor/laravel/framework/src/Illuminate/Routing/Pipeline.php(53): Illuminate\\Pipeline\\Pipeline->Illuminate\\Pipeline\\{closure}(Object(Illuminate\\Http\\Request))
#30 /home/adminlsp/appdir/vendor/laravel/framework/src/Illuminate/Foundation/Http/Middleware/VerifyCsrfToken.php(75): Illuminate\\Routing\\Pipeline->Illuminate\\Routing\\{closure}(Object(Illuminate\\Http\\Request))
#31 /home/adminlsp/appdir/vendor/laravel/framework/src/Illuminate/Pipeline/Pipeline.php(163): Illuminate\\Foundation\\Http\\Middleware\\VerifyCsrfToken->handle(Object(Illuminate\\Http\\Request), Object(Closure))
#32 /home/adminlsp/appdir/vendor/laravel/framework/src/Illuminate/Routing/Pipeline.php(53): Illuminate\\Pipeline\\Pipeline->Illuminate\\Pipeline\\{closure}(Object(Illuminate\\Http\\Request))
#33 /home/adminlsp/appdir/vendor/laravel/framework/src/Illuminate/Session/Middleware/AuthenticateSession.php(39): Illuminate\\Routing\\Pipeline->Illuminate\\Routing\\{closure}(Object(Illuminate\\Http\\Request))
#34 /home/adminlsp/appdir/vendor/laravel/framework/src/Illuminate/Pipeline/Pipeline.php(163): Illuminate\\Session\\Middleware\\AuthenticateSession->handle(Object(Illuminate\\Http\\Request), Object(Closure))
#35 /home/adminlsp/appdir/vendor/laravel/framework/src/Illuminate/Routing/Pipeline.php(53): Illuminate\\Pipeline\\Pipeline->Illuminate\\Pipeline\\{closure}(Object(Illuminate\\Http\\Request))
#36 /home/adminlsp/appdir/vendor/laravel/framework/src/Illuminate/View/Middleware/ShareErrorsFromSession.php(49): Illuminate\\Routing\\Pipeline->Illuminate\\Routing\\{closure}(Object(Illuminate\\Http\\Request))
#37 /home/adminlsp/appdir/vendor/laravel/framework/src/Illuminate/Pipeline/Pipeline.php(163): Illuminate\\View\\Middleware\\ShareErrorsFromSession->handle(Object(Illuminate\\Http\\Request), Object(Closure))
#38 /home/adminlsp/appdir/vendor/laravel/framework/src/Illuminate/Routing/Pipeline.php(53): Illuminate\\Pipeline\\Pipeline->Illuminate\\Pipeline\\{closure}(Object(Illuminate\\Http\\Request))
#39 /home/adminlsp/appdir/vendor/laravel/framework/src/Illuminate/Session/Middleware/StartSession.php(56): Illuminate\\Routing\\Pipeline->Illuminate\\Routing\\{closure}(Object(Illuminate\\Http\\Request))
#40 /home/adminlsp/appdir/vendor/laravel/framework/src/Illuminate/Pipeline/Pipeline.php(163): Illuminate\\Session\\Middleware\\StartSession->handle(Object(Illuminate\\Http\\Request), Object(Closure))
#41 /home/adminlsp/appdir/vendor/laravel/framework/src/Illuminate/Routing/Pipeline.php(53): Illuminate\\Pipeline\\Pipeline->Illuminate\\Pipeline\\{closure}(Object(Illuminate\\Http\\Request))
#42 /home/adminlsp/appdir/vendor/laravel/framework/src/Illuminate/Cookie/Middleware/AddQueuedCookiesToResponse.php(37): Illuminate\\Routing\\Pipeline->Illuminate\\Routing\\{closure}(Object(Illuminate\\Http\\Request))
#43 /home/adminlsp/appdir/vendor/laravel/framework/src/Illuminate/Pipeline/Pipeline.php(163): Illuminate\\Cookie\\Middleware\\AddQueuedCookiesToResponse->handle(Object(Illuminate\\Http\\Request), Object(Closure))
#44 /home/adminlsp/appdir/vendor/laravel/framework/src/Illuminate/Routing/Pipeline.php(53): Illuminate\\Pipeline\\Pipeline->Illuminate\\Pipeline\\{closure}(Object(Illuminate\\Http\\Request))
#45 /home/adminlsp/appdir/vendor/laravel/framework/src/Illuminate/Cookie/Middleware/EncryptCookies.php(66): Illuminate\\Routing\\Pipeline->Illuminate\\Routing\\{closure}(Object(Illuminate\\Http\\Request))
#46 /home/adminlsp/appdir/vendor/laravel/framework/src/Illuminate/Pipeline/Pipeline.php(163): Illuminate\\Cookie\\Middleware\\EncryptCookies->handle(Object(Illuminate\\Http\\Request), Object(Closure))
#47 /home/adminlsp/appdir/vendor/laravel/framework/src/Illuminate/Routing/Pipeline.php(53): Illuminate\\Pipeline\\Pipeline->Illuminate\\Pipeline\\{closure}(Object(Illuminate\\Http\\Request))
#48 /home/adminlsp/appdir/vendor/laravel/framework/src/Illuminate/Pipeline/Pipeline.php(104): Illuminate\\Routing\\Pipeline->Illuminate\\Routing\\{closure}(Object(Illuminate\\Http\\Request))
#49 /home/adminlsp/appdir/vendor/laravel/framework/src/Illuminate/Routing/Router.php(682): Illuminate\\Pipeline\\Pipeline->then(Object(Closure))
#50 /home/adminlsp/appdir/vendor/laravel/framework/src/Illuminate/Routing/Router.php(657): Illuminate\\Routing\\Router->runRouteWithinStack(Object(Illuminate\\Routing\\Route), Object(Illuminate\\Http\\Request))
#51 /home/adminlsp/appdir/vendor/laravel/framework/src/Illuminate/Routing/Router.php(623): Illuminate\\Routing\\Router->runRoute(Object(Illuminate\\Http\\Request), Object(Illuminate\\Routing\\Route))
#52 /home/adminlsp/appdir/vendor/laravel/framework/src/Illuminate/Routing/Router.php(612): Illuminate\\Routing\\Router->dispatchToRoute(Object(Illuminate\\Http\\Request))
#53 /home/adminlsp/appdir/vendor/laravel/framework/src/Illuminate/Foundation/Http/Kernel.php(176): Illuminate\\Routing\\Router->dispatch(Object(Illuminate\\Http\\Request))
#54 /home/adminlsp/appdir/vendor/laravel/framework/src/Illuminate/Routing/Pipeline.php(30): Illuminate\\Foundation\\Http\\Kernel->Illuminate\\Foundation\\Http\\{closure}(Object(Illuminate\\Http\\Request))
#55 /home/adminlsp/appdir/vendor/fideloper/proxy/src/TrustProxies.php(57): Illuminate\\Routing\\Pipeline->Illuminate\\Routing\\{closure}(Object(Illuminate\\Http\\Request))
#56 /home/adminlsp/appdir/vendor/laravel/framework/src/Illuminate/Pipeline/Pipeline.php(163): Fideloper\\Proxy\\TrustProxies->handle(Object(Illuminate\\Http\\Request), Object(Closure))
#57 /home/adminlsp/appdir/vendor/laravel/framework/src/Illuminate/Routing/Pipeline.php(53): Illuminate\\Pipeline\\Pipeline->Illuminate\\Pipeline\\{closure}(Object(Illuminate\\Http\\Request))
#58 /home/adminlsp/appdir/vendor/laravel/framework/src/Illuminate/Foundation/Http/Middleware/TransformsRequest.php(21): Illuminate\\Routing\\Pipeline->Illuminate\\Routing\\{closure}(Object(Illuminate\\Http\\Request))
#59 /home/adminlsp/appdir/vendor/laravel/framework/src/Illuminate/Pipeline/Pipeline.php(163): Illuminate\\Foundation\\Http\\Middleware\\TransformsRequest->handle(Object(Illuminate\\Http\\Request), Object(Closure))
#60 /home/adminlsp/appdir/vendor/laravel/framework/src/Illuminate/Routing/Pipeline.php(53): Illuminate\\Pipeline\\Pipeline->Illuminate\\Pipeline\\{closure}(Object(Illuminate\\Http\\Request))
#61 /home/adminlsp/appdir/vendor/laravel/framework/src/Illuminate/Foundation/Http/Middleware/TransformsRequest.php(21): Illuminate\\Routing\\Pipeline->Illuminate\\Routing\\{closure}(Object(Illuminate\\Http\\Request))
#62 /home/adminlsp/appdir/vendor/laravel/framework/src/Illuminate/Pipeline/Pipeline.php(163): Illuminate\\Foundation\\Http\\Middleware\\TransformsRequest->handle(Object(Illuminate\\Http\\Request), Object(Closure))
#63 /home/adminlsp/appdir/vendor/laravel/framework/src/Illuminate/Routing/Pipeline.php(53): Illuminate\\Pipeline\\Pipeline->Illuminate\\Pipeline\\{closure}(Object(Illuminate\\Http\\Request))
#64 /home/adminlsp/appdir/vendor/laravel/framework/src/Illuminate/Foundation/Http/Middleware/ValidatePostSize.php(27): Illuminate\\Routing\\Pipeline->Illuminate\\Routing\\{closure}(Object(Illuminate\\Http\\Request))
#65 /home/adminlsp/appdir/vendor/laravel/framework/src/Illuminate/Pipeline/Pipeline.php(163): Illuminate\\Foundation\\Http\\Middleware\\ValidatePostSize->handle(Object(Illuminate\\Http\\Request), Object(Closure))
#66 /home/adminlsp/appdir/vendor/laravel/framework/src/Illuminate/Routing/Pipeline.php(53): Illuminate\\Pipeline\\Pipeline->Illuminate\\Pipeline\\{closure}(Object(Illuminate\\Http\\Request))
#67 /home/adminlsp/appdir/vendor/laravel/framework/src/Illuminate/Foundation/Http/Middleware/CheckForMaintenanceMode.php(62): Illuminate\\Routing\\Pipeline->Illuminate\\Routing\\{closure}(Object(Illuminate\\Http\\Request))
#68 /home/adminlsp/appdir/vendor/laravel/framework/src/Illuminate/Pipeline/Pipeline.php(163): Illuminate\\Foundation\\Http\\Middleware\\CheckForMaintenanceMode->handle(Object(Illuminate\\Http\\Request), Object(Closure))
#69 /home/adminlsp/appdir/vendor/laravel/framework/src/Illuminate/Routing/Pipeline.php(53): Illuminate\\Pipeline\\Pipeline->Illuminate\\Pipeline\\{closure}(Object(Illuminate\\Http\\Request))
#70 /home/adminlsp/appdir/vendor/laravel/framework/src/Illuminate/Pipeline/Pipeline.php(104): Illuminate\\Routing\\Pipeline->Illuminate\\Routing\\{closure}(Object(Illuminate\\Http\\Request))
#71 /home/adminlsp/appdir/vendor/laravel/framework/src/Illuminate/Foundation/Http/Kernel.php(151): Illuminate\\Pipeline\\Pipeline->then(Object(Closure))
#72 /home/adminlsp/appdir/vendor/laravel/framework/src/Illuminate/Foundation/Http/Kernel.php(116): Illuminate\\Foundation\\Http\\Kernel->sendRequestThroughRouter(Object(Illuminate\\Http\\Request))
#73 /home/adminlsp/appdir/public/index.php(55): Illuminate\\Foundation\\Http\\Kernel->handle(Object(Illuminate\\Http\\Request))
#74 /home/adminlsp/appdir/server.php(21): require_once('/home/adminlsp/...')
#75 {main}
"} 
[2021-06-17 04:41:59] local.ERROR: Failed to authenticate on SMTP server with username "lsp@polije.ac.id" using 3 possible authenticators. Authenticator LOGIN returned Expected response code 235 but got code "534", with message "534-5.7.9 Application-specific password required. Learn more at
534 5.7.9  https://support.google.com/mail/?p=InvalidSecondFactor l124sm180515pfd.26 - gsmtp
". Authenticator PLAIN returned Expected response code 235 but got code "534", with message "534-5.7.9 Application-specific password required. Learn more at
534 5.7.9  https://support.google.com/mail/?p=InvalidSecondFactor l124sm180515pfd.26 - gsmtp
". Authenticator XOAUTH2 returned Expected response code 250 but got code "535", with message "535-5.7.8 Username and Password not accepted. Learn more at
535 5.7.8  https://support.google.com/mail/?p=BadCredentials l124sm180515pfd.26 - gsmtp
". {"exception":"[object] (Swift_TransportException(code: 0): Failed to authenticate on SMTP server with username \"lsp@polije.ac.id\" using 3 possible authenticators. Authenticator LOGIN returned Expected response code 235 but got code \"534\", with message \"534-5.7.9 Application-specific password required. Learn more at
534 5.7.9  https://support.google.com/mail/?p=InvalidSecondFactor l124sm180515pfd.26 - gsmtp
\". Authenticator PLAIN returned Expected response code 235 but got code \"534\", with message \"534-5.7.9 Application-specific password required. Learn more at
534 5.7.9  https://support.google.com/mail/?p=InvalidSecondFactor l124sm180515pfd.26 - gsmtp
\". Authenticator XOAUTH2 returned Expected response code 250 but got code \"535\", with message \"535-5.7.8 Username and Password not accepted. Learn more at
535 5.7.8  https://support.google.com/mail/?p=BadCredentials l124sm180515pfd.26 - gsmtp
\". at /home/adminlsp/appdir/vendor/swiftmailer/swiftmailer/lib/classes/Swift/Transport/Esmtp/AuthHandler.php:191)
[stacktrace]
#0 /home/adminlsp/appdir/vendor/swiftmailer/swiftmailer/lib/classes/Swift/Transport/EsmtpTransport.php(371): Swift_Transport_Esmtp_AuthHandler->afterEhlo(Object(Swift_SmtpTransport))
#1 /home/adminlsp/appdir/vendor/swiftmailer/swiftmailer/lib/classes/Swift/Transport/AbstractSmtpTransport.php(148): Swift_Transport_EsmtpTransport->doHeloCommand()
#2 /home/adminlsp/appdir/vendor/swiftmailer/swiftmailer/lib/classes/Swift/Mailer.php(65): Swift_Transport_AbstractSmtpTransport->start()
#3 /home/adminlsp/appdir/vendor/laravel/framework/src/Illuminate/Mail/Mailer.php(484): Swift_Mailer->send(Object(Swift_Message), Array)
#4 /home/adminlsp/appdir/vendor/laravel/framework/src/Illuminate/Mail/Mailer.php(259): Illuminate\\Mail\\Mailer->sendSwiftMessage(Object(Swift_Message))
#5 /home/adminlsp/appdir/vendor/laravel/framework/src/Illuminate/Mail/Mailable.php(159): Illuminate\\Mail\\Mailer->send('auth.mail', Array, Object(Closure))
#6 /home/adminlsp/appdir/vendor/laravel/framework/src/Illuminate/Support/Traits/Localizable.php(19): Illuminate\\Mail\\Mailable->Illuminate\\Mail\\{closure}()
#7 /home/adminlsp/appdir/vendor/laravel/framework/src/Illuminate/Mail/Mailable.php(160): Illuminate\\Mail\\Mailable->withLocale(NULL, Object(Closure))
#8 /home/adminlsp/appdir/vendor/laravel/framework/src/Illuminate/Mail/Mailer.php(275): Illuminate\\Mail\\Mailable->send(Object(Illuminate\\Mail\\Mailer))
#9 /home/adminlsp/appdir/vendor/laravel/framework/src/Illuminate/Mail/Mailer.php(229): Illuminate\\Mail\\Mailer->sendMailable(Object(App\\Mail\\RegisterMail))
#10 /home/adminlsp/appdir/vendor/laravel/framework/src/Illuminate/Mail/PendingMail.php(127): Illuminate\\Mail\\Mailer->send(Object(App\\Mail\\RegisterMail))
#11 /home/adminlsp/appdir/app/Listeners/RegisteredListener.php(30): Illuminate\\Mail\\PendingMail->send(Object(App\\Mail\\RegisterMail))
#12 [internal function]: App\\Listeners\\RegisteredListener->handle(Object(Illuminate\\Auth\\Events\\Registered))
#13 /home/adminlsp/appdir/vendor/laravel/framework/src/Illuminate/Events/Dispatcher.php(366): call_user_func_array(Array, Array)
#14 /home/adminlsp/appdir/vendor/laravel/framework/src/Illuminate/Events/Dispatcher.php(196): Illuminate\\Events\\Dispatcher->Illuminate\\Events\\{closure}('Illuminate\\\\Auth...', Array)
#15 /home/adminlsp/appdir/vendor/laravel/framework/src/Illuminate/Foundation/helpers.php(482): Illuminate\\Events\\Dispatcher->dispatch('Illuminate\\\\Auth...')
#16 /home/adminlsp/appdir/vendor/laravel/framework/src/Illuminate/Foundation/Auth/RegistersUsers.php(34): event(Object(Illuminate\\Auth\\Events\\Registered))
#17 [internal function]: App\\Http\\Controllers\\Auth\\RegisterController->register(Object(Illuminate\\Http\\Request))
#18 /home/adminlsp/appdir/vendor/laravel/framework/src/Illuminate/Routing/Controller.php(54): call_user_func_array(Array, Array)
#19 /home/adminlsp/appdir/vendor/laravel/framework/src/Illuminate/Routing/ControllerDispatcher.php(45): Illuminate\\Routing\\Controller->callAction('register', Array)
#20 /home/adminlsp/appdir/vendor/laravel/framework/src/Illuminate/Routing/Route.php(219): Illuminate\\Routing\\ControllerDispatcher->dispatch(Object(Illuminate\\Routing\\Route), Object(App\\Http\\Controllers\\Auth\\RegisterController), 'register')
#21 /home/adminlsp/appdir/vendor/laravel/framework/src/Illuminate/Routing/Route.php(176): Illuminate\\Routing\\Route->runController()
#22 /home/adminlsp/appdir/vendor/laravel/framework/src/Illuminate/Routing/Router.php(680): Illuminate\\Routing\\Route->run()
#23 /home/adminlsp/appdir/vendor/laravel/framework/src/Illuminate/Routing/Pipeline.php(30): Illuminate\\Routing\\Router->Illuminate\\Routing\\{closure}(Object(Illuminate\\Http\\Request))
#24 /home/adminlsp/appdir/app/Http/Middleware/RedirectIfAuthenticated.php(24): Illuminate\\Routing\\Pipeline->Illuminate\\Routing\\{closure}(Object(Illuminate\\Http\\Request))
#25 /home/adminlsp/appdir/vendor/laravel/framework/src/Illuminate/Pipeline/Pipeline.php(163): App\\Http\\Middleware\\RedirectIfAuthenticated->handle(Object(Illuminate\\Http\\Request), Object(Closure))
#26 /home/adminlsp/appdir/vendor/laravel/framework/src/Illuminate/Routing/Pipeline.php(53): Illuminate\\Pipeline\\Pipeline->Illuminate\\Pipeline\\{closure}(Object(Illuminate\\Http\\Request))
#27 /home/adminlsp/appdir/vendor/laravel/framework/src/Illuminate/Routing/Middleware/SubstituteBindings.php(41): Illuminate\\Routing\\Pipeline->Illuminate\\Routing\\{closure}(Object(Illuminate\\Http\\Request))
#28 /home/adminlsp/appdir/vendor/laravel/framework/src/Illuminate/Pipeline/Pipeline.php(163): Illuminate\\Routing\\Middleware\\SubstituteBindings->handle(Object(Illuminate\\Http\\Request), Object(Closure))
#29 /home/adminlsp/appdir/vendor/laravel/framework/src/Illuminate/Routing/Pipeline.php(53): Illuminate\\Pipeline\\Pipeline->Illuminate\\Pipeline\\{closure}(Object(Illuminate\\Http\\Request))
#30 /home/adminlsp/appdir/vendor/laravel/framework/src/Illuminate/Foundation/Http/Middleware/VerifyCsrfToken.php(75): Illuminate\\Routing\\Pipeline->Illuminate\\Routing\\{closure}(Object(Illuminate\\Http\\Request))
#31 /home/adminlsp/appdir/vendor/laravel/framework/src/Illuminate/Pipeline/Pipeline.php(163): Illuminate\\Foundation\\Http\\Middleware\\VerifyCsrfToken->handle(Object(Illuminate\\Http\\Request), Object(Closure))
#32 /home/adminlsp/appdir/vendor/laravel/framework/src/Illuminate/Routing/Pipeline.php(53): Illuminate\\Pipeline\\Pipeline->Illuminate\\Pipeline\\{closure}(Object(Illuminate\\Http\\Request))
#33 /home/adminlsp/appdir/vendor/laravel/framework/src/Illuminate/Session/Middleware/AuthenticateSession.php(39): Illuminate\\Routing\\Pipeline->Illuminate\\Routing\\{closure}(Object(Illuminate\\Http\\Request))
#34 /home/adminlsp/appdir/vendor/laravel/framework/src/Illuminate/Pipeline/Pipeline.php(163): Illuminate\\Session\\Middleware\\AuthenticateSession->handle(Object(Illuminate\\Http\\Request), Object(Closure))
#35 /home/adminlsp/appdir/vendor/laravel/framework/src/Illuminate/Routing/Pipeline.php(53): Illuminate\\Pipeline\\Pipeline->Illuminate\\Pipeline\\{closure}(Object(Illuminate\\Http\\Request))
#36 /home/adminlsp/appdir/vendor/laravel/framework/src/Illuminate/View/Middleware/ShareErrorsFromSession.php(49): Illuminate\\Routing\\Pipeline->Illuminate\\Routing\\{closure}(Object(Illuminate\\Http\\Request))
#37 /home/adminlsp/appdir/vendor/laravel/framework/src/Illuminate/Pipeline/Pipeline.php(163): Illuminate\\View\\Middleware\\ShareErrorsFromSession->handle(Object(Illuminate\\Http\\Request), Object(Closure))
#38 /home/adminlsp/appdir/vendor/laravel/framework/src/Illuminate/Routing/Pipeline.php(53): Illuminate\\Pipeline\\Pipeline->Illuminate\\Pipeline\\{closure}(Object(Illuminate\\Http\\Request))
#39 /home/adminlsp/appdir/vendor/laravel/framework/src/Illuminate/Session/Middleware/StartSession.php(56): Illuminate\\Routing\\Pipeline->Illuminate\\Routing\\{closure}(Object(Illuminate\\Http\\Request))
#40 /home/adminlsp/appdir/vendor/laravel/framework/src/Illuminate/Pipeline/Pipeline.php(163): Illuminate\\Session\\Middleware\\StartSession->handle(Object(Illuminate\\Http\\Request), Object(Closure))
#41 /home/adminlsp/appdir/vendor/laravel/framework/src/Illuminate/Routing/Pipeline.php(53): Illuminate\\Pipeline\\Pipeline->Illuminate\\Pipeline\\{closure}(Object(Illuminate\\Http\\Request))
#42 /home/adminlsp/appdir/vendor/laravel/framework/src/Illuminate/Cookie/Middleware/AddQueuedCookiesToResponse.php(37): Illuminate\\Routing\\Pipeline->Illuminate\\Routing\\{closure}(Object(Illuminate\\Http\\Request))
#43 /home/adminlsp/appdir/vendor/laravel/framework/src/Illuminate/Pipeline/Pipeline.php(163): Illuminate\\Cookie\\Middleware\\AddQueuedCookiesToResponse->handle(Object(Illuminate\\Http\\Request), Object(Closure))
#44 /home/adminlsp/appdir/vendor/laravel/framework/src/Illuminate/Routing/Pipeline.php(53): Illuminate\\Pipeline\\Pipeline->Illuminate\\Pipeline\\{closure}(Object(Illuminate\\Http\\Request))
#45 /home/adminlsp/appdir/vendor/laravel/framework/src/Illuminate/Cookie/Middleware/EncryptCookies.php(66): Illuminate\\Routing\\Pipeline->Illuminate\\Routing\\{closure}(Object(Illuminate\\Http\\Request))
#46 /home/adminlsp/appdir/vendor/laravel/framework/src/Illuminate/Pipeline/Pipeline.php(163): Illuminate\\Cookie\\Middleware\\EncryptCookies->handle(Object(Illuminate\\Http\\Request), Object(Closure))
#47 /home/adminlsp/appdir/vendor/laravel/framework/src/Illuminate/Routing/Pipeline.php(53): Illuminate\\Pipeline\\Pipeline->Illuminate\\Pipeline\\{closure}(Object(Illuminate\\Http\\Request))
#48 /home/adminlsp/appdir/vendor/laravel/framework/src/Illuminate/Pipeline/Pipeline.php(104): Illuminate\\Routing\\Pipeline->Illuminate\\Routing\\{closure}(Object(Illuminate\\Http\\Request))
#49 /home/adminlsp/appdir/vendor/laravel/framework/src/Illuminate/Routing/Router.php(682): Illuminate\\Pipeline\\Pipeline->then(Object(Closure))
#50 /home/adminlsp/appdir/vendor/laravel/framework/src/Illuminate/Routing/Router.php(657): Illuminate\\Routing\\Router->runRouteWithinStack(Object(Illuminate\\Routing\\Route), Object(Illuminate\\Http\\Request))
#51 /home/adminlsp/appdir/vendor/laravel/framework/src/Illuminate/Routing/Router.php(623): Illuminate\\Routing\\Router->runRoute(Object(Illuminate\\Http\\Request), Object(Illuminate\\Routing\\Route))
#52 /home/adminlsp/appdir/vendor/laravel/framework/src/Illuminate/Routing/Router.php(612): Illuminate\\Routing\\Router->dispatchToRoute(Object(Illuminate\\Http\\Request))
#53 /home/adminlsp/appdir/vendor/laravel/framework/src/Illuminate/Foundation/Http/Kernel.php(176): Illuminate\\Routing\\Router->dispatch(Object(Illuminate\\Http\\Request))
#54 /home/adminlsp/appdir/vendor/laravel/framework/src/Illuminate/Routing/Pipeline.php(30): Illuminate\\Foundation\\Http\\Kernel->Illuminate\\Foundation\\Http\\{closure}(Object(Illuminate\\Http\\Request))
#55 /home/adminlsp/appdir/vendor/fideloper/proxy/src/TrustProxies.php(57): Illuminate\\Routing\\Pipeline->Illuminate\\Routing\\{closure}(Object(Illuminate\\Http\\Request))
#56 /home/adminlsp/appdir/vendor/laravel/framework/src/Illuminate/Pipeline/Pipeline.php(163): Fideloper\\Proxy\\TrustProxies->handle(Object(Illuminate\\Http\\Request), Object(Closure))
#57 /home/adminlsp/appdir/vendor/laravel/framework/src/Illuminate/Routing/Pipeline.php(53): Illuminate\\Pipeline\\Pipeline->Illuminate\\Pipeline\\{closure}(Object(Illuminate\\Http\\Request))
#58 /home/adminlsp/appdir/vendor/laravel/framework/src/Illuminate/Foundation/Http/Middleware/TransformsRequest.php(21): Illuminate\\Routing\\Pipeline->Illuminate\\Routing\\{closure}(Object(Illuminate\\Http\\Request))
#59 /home/adminlsp/appdir/vendor/laravel/framework/src/Illuminate/Pipeline/Pipeline.php(163): Illuminate\\Foundation\\Http\\Middleware\\TransformsRequest->handle(Object(Illuminate\\Http\\Request), Object(Closure))
#60 /home/adminlsp/appdir/vendor/laravel/framework/src/Illuminate/Routing/Pipeline.php(53): Illuminate\\Pipeline\\Pipeline->Illuminate\\Pipeline\\{closure}(Object(Illuminate\\Http\\Request))
#61 /home/adminlsp/appdir/vendor/laravel/framework/src/Illuminate/Foundation/Http/Middleware/TransformsRequest.php(21): Illuminate\\Routing\\Pipeline->Illuminate\\Routing\\{closure}(Object(Illuminate\\Http\\Request))
#62 /home/adminlsp/appdir/vendor/laravel/framework/src/Illuminate/Pipeline/Pipeline.php(163): Illuminate\\Foundation\\Http\\Middleware\\TransformsRequest->handle(Object(Illuminate\\Http\\Request), Object(Closure))
#63 /home/adminlsp/appdir/vendor/laravel/framework/src/Illuminate/Routing/Pipeline.php(53): Illuminate\\Pipeline\\Pipeline->Illuminate\\Pipeline\\{closure}(Object(Illuminate\\Http\\Request))
#64 /home/adminlsp/appdir/vendor/laravel/framework/src/Illuminate/Foundation/Http/Middleware/ValidatePostSize.php(27): Illuminate\\Routing\\Pipeline->Illuminate\\Routing\\{closure}(Object(Illuminate\\Http\\Request))
#65 /home/adminlsp/appdir/vendor/laravel/framework/src/Illuminate/Pipeline/Pipeline.php(163): Illuminate\\Foundation\\Http\\Middleware\\ValidatePostSize->handle(Object(Illuminate\\Http\\Request), Object(Closure))
#66 /home/adminlsp/appdir/vendor/laravel/framework/src/Illuminate/Routing/Pipeline.php(53): Illuminate\\Pipeline\\Pipeline->Illuminate\\Pipeline\\{closure}(Object(Illuminate\\Http\\Request))
#67 /home/adminlsp/appdir/vendor/laravel/framework/src/Illuminate/Foundation/Http/Middleware/CheckForMaintenanceMode.php(62): Illuminate\\Routing\\Pipeline->Illuminate\\Routing\\{closure}(Object(Illuminate\\Http\\Request))
#68 /home/adminlsp/appdir/vendor/laravel/framework/src/Illuminate/Pipeline/Pipeline.php(163): Illuminate\\Foundation\\Http\\Middleware\\CheckForMaintenanceMode->handle(Object(Illuminate\\Http\\Request), Object(Closure))
#69 /home/adminlsp/appdir/vendor/laravel/framework/src/Illuminate/Routing/Pipeline.php(53): Illuminate\\Pipeline\\Pipeline->Illuminate\\Pipeline\\{closure}(Object(Illuminate\\Http\\Request))
#70 /home/adminlsp/appdir/vendor/laravel/framework/src/Illuminate/Pipeline/Pipeline.php(104): Illuminate\\Routing\\Pipeline->Illuminate\\Routing\\{closure}(Object(Illuminate\\Http\\Request))
#71 /home/adminlsp/appdir/vendor/laravel/framework/src/Illuminate/Foundation/Http/Kernel.php(151): Illuminate\\Pipeline\\Pipeline->then(Object(Closure))
#72 /home/adminlsp/appdir/vendor/laravel/framework/src/Illuminate/Foundation/Http/Kernel.php(116): Illuminate\\Foundation\\Http\\Kernel->sendRequestThroughRouter(Object(Illuminate\\Http\\Request))
#73 /home/adminlsp/appdir/public/index.php(55): Illuminate\\Foundation\\Http\\Kernel->handle(Object(Illuminate\\Http\\Request))
#74 /home/adminlsp/appdir/server.php(21): require_once('/home/adminlsp/...')
#75 {main}
"} 
[2021-06-17 04:42:35] local.ERROR: Failed to authenticate on SMTP server with username "lsp@polije.ac.id" using 3 possible authenticators. Authenticator LOGIN returned Expected response code 235 but got code "534", with message "534-5.7.9 Application-specific password required. Learn more at
534 5.7.9  https://support.google.com/mail/?p=InvalidSecondFactor v6sm4140809pgk.33 - gsmtp
". Authenticator PLAIN returned Expected response code 235 but got code "534", with message "534-5.7.9 Application-specific password required. Learn more at
534 5.7.9  https://support.google.com/mail/?p=InvalidSecondFactor v6sm4140809pgk.33 - gsmtp
". Authenticator XOAUTH2 returned Expected response code 250 but got code "535", with message "535-5.7.8 Username and Password not accepted. Learn more at
535 5.7.8  https://support.google.com/mail/?p=BadCredentials v6sm4140809pgk.33 - gsmtp
". {"exception":"[object] (Swift_TransportException(code: 0): Failed to authenticate on SMTP server with username \"lsp@polije.ac.id\" using 3 possible authenticators. Authenticator LOGIN returned Expected response code 235 but got code \"534\", with message \"534-5.7.9 Application-specific password required. Learn more at
534 5.7.9  https://support.google.com/mail/?p=InvalidSecondFactor v6sm4140809pgk.33 - gsmtp
\". Authenticator PLAIN returned Expected response code 235 but got code \"534\", with message \"534-5.7.9 Application-specific password required. Learn more at
534 5.7.9  https://support.google.com/mail/?p=InvalidSecondFactor v6sm4140809pgk.33 - gsmtp
\". Authenticator XOAUTH2 returned Expected response code 250 but got code \"535\", with message \"535-5.7.8 Username and Password not accepted. Learn more at
535 5.7.8  https://support.google.com/mail/?p=BadCredentials v6sm4140809pgk.33 - gsmtp
\". at /home/adminlsp/appdir/vendor/swiftmailer/swiftmailer/lib/classes/Swift/Transport/Esmtp/AuthHandler.php:191)
[stacktrace]
#0 /home/adminlsp/appdir/vendor/swiftmailer/swiftmailer/lib/classes/Swift/Transport/EsmtpTransport.php(371): Swift_Transport_Esmtp_AuthHandler->afterEhlo(Object(Swift_SmtpTransport))
#1 /home/adminlsp/appdir/vendor/swiftmailer/swiftmailer/lib/classes/Swift/Transport/AbstractSmtpTransport.php(148): Swift_Transport_EsmtpTransport->doHeloCommand()
#2 /home/adminlsp/appdir/vendor/swiftmailer/swiftmailer/lib/classes/Swift/Mailer.php(65): Swift_Transport_AbstractSmtpTransport->start()
#3 /home/adminlsp/appdir/vendor/laravel/framework/src/Illuminate/Mail/Mailer.php(484): Swift_Mailer->send(Object(Swift_Message), Array)
#4 /home/adminlsp/appdir/vendor/laravel/framework/src/Illuminate/Mail/Mailer.php(259): Illuminate\\Mail\\Mailer->sendSwiftMessage(Object(Swift_Message))
#5 /home/adminlsp/appdir/vendor/laravel/framework/src/Illuminate/Mail/Mailable.php(159): Illuminate\\Mail\\Mailer->send('auth.mail', Array, Object(Closure))
#6 /home/adminlsp/appdir/vendor/laravel/framework/src/Illuminate/Support/Traits/Localizable.php(19): Illuminate\\Mail\\Mailable->Illuminate\\Mail\\{closure}()
#7 /home/adminlsp/appdir/vendor/laravel/framework/src/Illuminate/Mail/Mailable.php(160): Illuminate\\Mail\\Mailable->withLocale(NULL, Object(Closure))
#8 /home/adminlsp/appdir/vendor/laravel/framework/src/Illuminate/Mail/Mailer.php(275): Illuminate\\Mail\\Mailable->send(Object(Illuminate\\Mail\\Mailer))
#9 /home/adminlsp/appdir/vendor/laravel/framework/src/Illuminate/Mail/Mailer.php(229): Illuminate\\Mail\\Mailer->sendMailable(Object(App\\Mail\\RegisterMail))
#10 /home/adminlsp/appdir/vendor/laravel/framework/src/Illuminate/Mail/PendingMail.php(127): Illuminate\\Mail\\Mailer->send(Object(App\\Mail\\RegisterMail))
#11 /home/adminlsp/appdir/app/Listeners/RegisteredListener.php(30): Illuminate\\Mail\\PendingMail->send(Object(App\\Mail\\RegisterMail))
#12 [internal function]: App\\Listeners\\RegisteredListener->handle(Object(Illuminate\\Auth\\Events\\Registered))
#13 /home/adminlsp/appdir/vendor/laravel/framework/src/Illuminate/Events/Dispatcher.php(366): call_user_func_array(Array, Array)
#14 /home/adminlsp/appdir/vendor/laravel/framework/src/Illuminate/Events/Dispatcher.php(196): Illuminate\\Events\\Dispatcher->Illuminate\\Events\\{closure}('Illuminate\\\\Auth...', Array)
#15 /home/adminlsp/appdir/vendor/laravel/framework/src/Illuminate/Foundation/helpers.php(482): Illuminate\\Events\\Dispatcher->dispatch('Illuminate\\\\Auth...')
#16 /home/adminlsp/appdir/vendor/laravel/framework/src/Illuminate/Foundation/Auth/RegistersUsers.php(34): event(Object(Illuminate\\Auth\\Events\\Registered))
#17 [internal function]: App\\Http\\Controllers\\Auth\\RegisterController->register(Object(Illuminate\\Http\\Request))
#18 /home/adminlsp/appdir/vendor/laravel/framework/src/Illuminate/Routing/Controller.php(54): call_user_func_array(Array, Array)
#19 /home/adminlsp/appdir/vendor/laravel/framework/src/Illuminate/Routing/ControllerDispatcher.php(45): Illuminate\\Routing\\Controller->callAction('register', Array)
#20 /home/adminlsp/appdir/vendor/laravel/framework/src/Illuminate/Routing/Route.php(219): Illuminate\\Routing\\ControllerDispatcher->dispatch(Object(Illuminate\\Routing\\Route), Object(App\\Http\\Controllers\\Auth\\RegisterController), 'register')
#21 /home/adminlsp/appdir/vendor/laravel/framework/src/Illuminate/Routing/Route.php(176): Illuminate\\Routing\\Route->runController()
#22 /home/adminlsp/appdir/vendor/laravel/framework/src/Illuminate/Routing/Router.php(680): Illuminate\\Routing\\Route->run()
#23 /home/adminlsp/appdir/vendor/laravel/framework/src/Illuminate/Routing/Pipeline.php(30): Illuminate\\Routing\\Router->Illuminate\\Routing\\{closure}(Object(Illuminate\\Http\\Request))
#24 /home/adminlsp/appdir/app/Http/Middleware/RedirectIfAuthenticated.php(24): Illuminate\\Routing\\Pipeline->Illuminate\\Routing\\{closure}(Object(Illuminate\\Http\\Request))
#25 /home/adminlsp/appdir/vendor/laravel/framework/src/Illuminate/Pipeline/Pipeline.php(163): App\\Http\\Middleware\\RedirectIfAuthenticated->handle(Object(Illuminate\\Http\\Request), Object(Closure))
#26 /home/adminlsp/appdir/vendor/laravel/framework/src/Illuminate/Routing/Pipeline.php(53): Illuminate\\Pipeline\\Pipeline->Illuminate\\Pipeline\\{closure}(Object(Illuminate\\Http\\Request))
#27 /home/adminlsp/appdir/vendor/laravel/framework/src/Illuminate/Routing/Middleware/SubstituteBindings.php(41): Illuminate\\Routing\\Pipeline->Illuminate\\Routing\\{closure}(Object(Illuminate\\Http\\Request))
#28 /home/adminlsp/appdir/vendor/laravel/framework/src/Illuminate/Pipeline/Pipeline.php(163): Illuminate\\Routing\\Middleware\\SubstituteBindings->handle(Object(Illuminate\\Http\\Request), Object(Closure))
#29 /home/adminlsp/appdir/vendor/laravel/framework/src/Illuminate/Routing/Pipeline.php(53): Illuminate\\Pipeline\\Pipeline->Illuminate\\Pipeline\\{closure}(Object(Illuminate\\Http\\Request))
#30 /home/adminlsp/appdir/vendor/laravel/framework/src/Illuminate/Foundation/Http/Middleware/VerifyCsrfToken.php(75): Illuminate\\Routing\\Pipeline->Illuminate\\Routing\\{closure}(Object(Illuminate\\Http\\Request))
#31 /home/adminlsp/appdir/vendor/laravel/framework/src/Illuminate/Pipeline/Pipeline.php(163): Illuminate\\Foundation\\Http\\Middleware\\VerifyCsrfToken->handle(Object(Illuminate\\Http\\Request), Object(Closure))
#32 /home/adminlsp/appdir/vendor/laravel/framework/src/Illuminate/Routing/Pipeline.php(53): Illuminate\\Pipeline\\Pipeline->Illuminate\\Pipeline\\{closure}(Object(Illuminate\\Http\\Request))
#33 /home/adminlsp/appdir/vendor/laravel/framework/src/Illuminate/Session/Middleware/AuthenticateSession.php(39): Illuminate\\Routing\\Pipeline->Illuminate\\Routing\\{closure}(Object(Illuminate\\Http\\Request))
#34 /home/adminlsp/appdir/vendor/laravel/framework/src/Illuminate/Pipeline/Pipeline.php(163): Illuminate\\Session\\Middleware\\AuthenticateSession->handle(Object(Illuminate\\Http\\Request), Object(Closure))
#35 /home/adminlsp/appdir/vendor/laravel/framework/src/Illuminate/Routing/Pipeline.php(53): Illuminate\\Pipeline\\Pipeline->Illuminate\\Pipeline\\{closure}(Object(Illuminate\\Http\\Request))
#36 /home/adminlsp/appdir/vendor/laravel/framework/src/Illuminate/View/Middleware/ShareErrorsFromSession.php(49): Illuminate\\Routing\\Pipeline->Illuminate\\Routing\\{closure}(Object(Illuminate\\Http\\Request))
#37 /home/adminlsp/appdir/vendor/laravel/framework/src/Illuminate/Pipeline/Pipeline.php(163): Illuminate\\View\\Middleware\\ShareErrorsFromSession->handle(Object(Illuminate\\Http\\Request), Object(Closure))
#38 /home/adminlsp/appdir/vendor/laravel/framework/src/Illuminate/Routing/Pipeline.php(53): Illuminate\\Pipeline\\Pipeline->Illuminate\\Pipeline\\{closure}(Object(Illuminate\\Http\\Request))
#39 /home/adminlsp/appdir/vendor/laravel/framework/src/Illuminate/Session/Middleware/StartSession.php(56): Illuminate\\Routing\\Pipeline->Illuminate\\Routing\\{closure}(Object(Illuminate\\Http\\Request))
#40 /home/adminlsp/appdir/vendor/laravel/framework/src/Illuminate/Pipeline/Pipeline.php(163): Illuminate\\Session\\Middleware\\StartSession->handle(Object(Illuminate\\Http\\Request), Object(Closure))
#41 /home/adminlsp/appdir/vendor/laravel/framework/src/Illuminate/Routing/Pipeline.php(53): Illuminate\\Pipeline\\Pipeline->Illuminate\\Pipeline\\{closure}(Object(Illuminate\\Http\\Request))
#42 /home/adminlsp/appdir/vendor/laravel/framework/src/Illuminate/Cookie/Middleware/AddQueuedCookiesToResponse.php(37): Illuminate\\Routing\\Pipeline->Illuminate\\Routing\\{closure}(Object(Illuminate\\Http\\Request))
#43 /home/adminlsp/appdir/vendor/laravel/framework/src/Illuminate/Pipeline/Pipeline.php(163): Illuminate\\Cookie\\Middleware\\AddQueuedCookiesToResponse->handle(Object(Illuminate\\Http\\Request), Object(Closure))
#44 /home/adminlsp/appdir/vendor/laravel/framework/src/Illuminate/Routing/Pipeline.php(53): Illuminate\\Pipeline\\Pipeline->Illuminate\\Pipeline\\{closure}(Object(Illuminate\\Http\\Request))
#45 /home/adminlsp/appdir/vendor/laravel/framework/src/Illuminate/Cookie/Middleware/EncryptCookies.php(66): Illuminate\\Routing\\Pipeline->Illuminate\\Routing\\{closure}(Object(Illuminate\\Http\\Request))
#46 /home/adminlsp/appdir/vendor/laravel/framework/src/Illuminate/Pipeline/Pipeline.php(163): Illuminate\\Cookie\\Middleware\\EncryptCookies->handle(Object(Illuminate\\Http\\Request), Object(Closure))
#47 /home/adminlsp/appdir/vendor/laravel/framework/src/Illuminate/Routing/Pipeline.php(53): Illuminate\\Pipeline\\Pipeline->Illuminate\\Pipeline\\{closure}(Object(Illuminate\\Http\\Request))
#48 /home/adminlsp/appdir/vendor/laravel/framework/src/Illuminate/Pipeline/Pipeline.php(104): Illuminate\\Routing\\Pipeline->Illuminate\\Routing\\{closure}(Object(Illuminate\\Http\\Request))
#49 /home/adminlsp/appdir/vendor/laravel/framework/src/Illuminate/Routing/Router.php(682): Illuminate\\Pipeline\\Pipeline->then(Object(Closure))
#50 /home/adminlsp/appdir/vendor/laravel/framework/src/Illuminate/Routing/Router.php(657): Illuminate\\Routing\\Router->runRouteWithinStack(Object(Illuminate\\Routing\\Route), Object(Illuminate\\Http\\Request))
#51 /home/adminlsp/appdir/vendor/laravel/framework/src/Illuminate/Routing/Router.php(623): Illuminate\\Routing\\Router->runRoute(Object(Illuminate\\Http\\Request), Object(Illuminate\\Routing\\Route))
#52 /home/adminlsp/appdir/vendor/laravel/framework/src/Illuminate/Routing/Router.php(612): Illuminate\\Routing\\Router->dispatchToRoute(Object(Illuminate\\Http\\Request))
#53 /home/adminlsp/appdir/vendor/laravel/framework/src/Illuminate/Foundation/Http/Kernel.php(176): Illuminate\\Routing\\Router->dispatch(Object(Illuminate\\Http\\Request))
#54 /home/adminlsp/appdir/vendor/laravel/framework/src/Illuminate/Routing/Pipeline.php(30): Illuminate\\Foundation\\Http\\Kernel->Illuminate\\Foundation\\Http\\{closure}(Object(Illuminate\\Http\\Request))
#55 /home/adminlsp/appdir/vendor/fideloper/proxy/src/TrustProxies.php(57): Illuminate\\Routing\\Pipeline->Illuminate\\Routing\\{closure}(Object(Illuminate\\Http\\Request))
#56 /home/adminlsp/appdir/vendor/laravel/framework/src/Illuminate/Pipeline/Pipeline.php(163): Fideloper\\Proxy\\TrustProxies->handle(Object(Illuminate\\Http\\Request), Object(Closure))
#57 /home/adminlsp/appdir/vendor/laravel/framework/src/Illuminate/Routing/Pipeline.php(53): Illuminate\\Pipeline\\Pipeline->Illuminate\\Pipeline\\{closure}(Object(Illuminate\\Http\\Request))
#58 /home/adminlsp/appdir/vendor/laravel/framework/src/Illuminate/Foundation/Http/Middleware/TransformsRequest.php(21): Illuminate\\Routing\\Pipeline->Illuminate\\Routing\\{closure}(Object(Illuminate\\Http\\Request))
#59 /home/adminlsp/appdir/vendor/laravel/framework/src/Illuminate/Pipeline/Pipeline.php(163): Illuminate\\Foundation\\Http\\Middleware\\TransformsRequest->handle(Object(Illuminate\\Http\\Request), Object(Closure))
#60 /home/adminlsp/appdir/vendor/laravel/framework/src/Illuminate/Routing/Pipeline.php(53): Illuminate\\Pipeline\\Pipeline->Illuminate\\Pipeline\\{closure}(Object(Illuminate\\Http\\Request))
#61 /home/adminlsp/appdir/vendor/laravel/framework/src/Illuminate/Foundation/Http/Middleware/TransformsRequest.php(21): Illuminate\\Routing\\Pipeline->Illuminate\\Routing\\{closure}(Object(Illuminate\\Http\\Request))
#62 /home/adminlsp/appdir/vendor/laravel/framework/src/Illuminate/Pipeline/Pipeline.php(163): Illuminate\\Foundation\\Http\\Middleware\\TransformsRequest->handle(Object(Illuminate\\Http\\Request), Object(Closure))
#63 /home/adminlsp/appdir/vendor/laravel/framework/src/Illuminate/Routing/Pipeline.php(53): Illuminate\\Pipeline\\Pipeline->Illuminate\\Pipeline\\{closure}(Object(Illuminate\\Http\\Request))
#64 /home/adminlsp/appdir/vendor/laravel/framework/src/Illuminate/Foundation/Http/Middleware/ValidatePostSize.php(27): Illuminate\\Routing\\Pipeline->Illuminate\\Routing\\{closure}(Object(Illuminate\\Http\\Request))
#65 /home/adminlsp/appdir/vendor/laravel/framework/src/Illuminate/Pipeline/Pipeline.php(163): Illuminate\\Foundation\\Http\\Middleware\\ValidatePostSize->handle(Object(Illuminate\\Http\\Request), Object(Closure))
#66 /home/adminlsp/appdir/vendor/laravel/framework/src/Illuminate/Routing/Pipeline.php(53): Illuminate\\Pipeline\\Pipeline->Illuminate\\Pipeline\\{closure}(Object(Illuminate\\Http\\Request))
#67 /home/adminlsp/appdir/vendor/laravel/framework/src/Illuminate/Foundation/Http/Middleware/CheckForMaintenanceMode.php(62): Illuminate\\Routing\\Pipeline->Illuminate\\Routing\\{closure}(Object(Illuminate\\Http\\Request))
#68 /home/adminlsp/appdir/vendor/laravel/framework/src/Illuminate/Pipeline/Pipeline.php(163): Illuminate\\Foundation\\Http\\Middleware\\CheckForMaintenanceMode->handle(Object(Illuminate\\Http\\Request), Object(Closure))
#69 /home/adminlsp/appdir/vendor/laravel/framework/src/Illuminate/Routing/Pipeline.php(53): Illuminate\\Pipeline\\Pipeline->Illuminate\\Pipeline\\{closure}(Object(Illuminate\\Http\\Request))
#70 /home/adminlsp/appdir/vendor/laravel/framework/src/Illuminate/Pipeline/Pipeline.php(104): Illuminate\\Routing\\Pipeline->Illuminate\\Routing\\{closure}(Object(Illuminate\\Http\\Request))
#71 /home/adminlsp/appdir/vendor/laravel/framework/src/Illuminate/Foundation/Http/Kernel.php(151): Illuminate\\Pipeline\\Pipeline->then(Object(Closure))
#72 /home/adminlsp/appdir/vendor/laravel/framework/src/Illuminate/Foundation/Http/Kernel.php(116): Illuminate\\Foundation\\Http\\Kernel->sendRequestThroughRouter(Object(Illuminate\\Http\\Request))
#73 /home/adminlsp/appdir/public/index.php(55): Illuminate\\Foundation\\Http\\Kernel->handle(Object(Illuminate\\Http\\Request))
#74 /home/adminlsp/appdir/server.php(21): require_once('/home/adminlsp/...')
#75 {main}
"} 
[2021-06-17 04:43:23] local.ERROR: Failed to authenticate on SMTP server with username "lsp@polije.ac.id" using 3 possible authenticators. Authenticator LOGIN returned Expected response code 235 but got code "534", with message "534-5.7.9 Application-specific password required. Learn more at
534 5.7.9  https://support.google.com/mail/?p=InvalidSecondFactor z18sm3646244pfn.37 - gsmtp
". Authenticator PLAIN returned Expected response code 235 but got code "534", with message "534-5.7.9 Application-specific password required. Learn more at
534 5.7.9  https://support.google.com/mail/?p=InvalidSecondFactor z18sm3646244pfn.37 - gsmtp
". Authenticator XOAUTH2 returned Expected response code 250 but got code "535", with message "535-5.7.8 Username and Password not accepted. Learn more at
535 5.7.8  https://support.google.com/mail/?p=BadCredentials z18sm3646244pfn.37 - gsmtp
". {"exception":"[object] (Swift_TransportException(code: 0): Failed to authenticate on SMTP server with username \"lsp@polije.ac.id\" using 3 possible authenticators. Authenticator LOGIN returned Expected response code 235 but got code \"534\", with message \"534-5.7.9 Application-specific password required. Learn more at
534 5.7.9  https://support.google.com/mail/?p=InvalidSecondFactor z18sm3646244pfn.37 - gsmtp
\". Authenticator PLAIN returned Expected response code 235 but got code \"534\", with message \"534-5.7.9 Application-specific password required. Learn more at
534 5.7.9  https://support.google.com/mail/?p=InvalidSecondFactor z18sm3646244pfn.37 - gsmtp
\". Authenticator XOAUTH2 returned Expected response code 250 but got code \"535\", with message \"535-5.7.8 Username and Password not accepted. Learn more at
535 5.7.8  https://support.google.com/mail/?p=BadCredentials z18sm3646244pfn.37 - gsmtp
\". at /home/adminlsp/appdir/vendor/swiftmailer/swiftmailer/lib/classes/Swift/Transport/Esmtp/AuthHandler.php:191)
[stacktrace]
#0 /home/adminlsp/appdir/vendor/swiftmailer/swiftmailer/lib/classes/Swift/Transport/EsmtpTransport.php(371): Swift_Transport_Esmtp_AuthHandler->afterEhlo(Object(Swift_SmtpTransport))
#1 /home/adminlsp/appdir/vendor/swiftmailer/swiftmailer/lib/classes/Swift/Transport/AbstractSmtpTransport.php(148): Swift_Transport_EsmtpTransport->doHeloCommand()
#2 /home/adminlsp/appdir/vendor/swiftmailer/swiftmailer/lib/classes/Swift/Mailer.php(65): Swift_Transport_AbstractSmtpTransport->start()
#3 /home/adminlsp/appdir/vendor/laravel/framework/src/Illuminate/Mail/Mailer.php(484): Swift_Mailer->send(Object(Swift_Message), Array)
#4 /home/adminlsp/appdir/vendor/laravel/framework/src/Illuminate/Mail/Mailer.php(259): Illuminate\\Mail\\Mailer->sendSwiftMessage(Object(Swift_Message))
#5 /home/adminlsp/appdir/vendor/laravel/framework/src/Illuminate/Mail/Mailable.php(159): Illuminate\\Mail\\Mailer->send('auth.mail', Array, Object(Closure))
#6 /home/adminlsp/appdir/vendor/laravel/framework/src/Illuminate/Support/Traits/Localizable.php(19): Illuminate\\Mail\\Mailable->Illuminate\\Mail\\{closure}()
#7 /home/adminlsp/appdir/vendor/laravel/framework/src/Illuminate/Mail/Mailable.php(160): Illuminate\\Mail\\Mailable->withLocale(NULL, Object(Closure))
#8 /home/adminlsp/appdir/vendor/laravel/framework/src/Illuminate/Mail/Mailer.php(275): Illuminate\\Mail\\Mailable->send(Object(Illuminate\\Mail\\Mailer))
#9 /home/adminlsp/appdir/vendor/laravel/framework/src/Illuminate/Mail/Mailer.php(229): Illuminate\\Mail\\Mailer->sendMailable(Object(App\\Mail\\RegisterMail))
#10 /home/adminlsp/appdir/vendor/laravel/framework/src/Illuminate/Mail/PendingMail.php(127): Illuminate\\Mail\\Mailer->send(Object(App\\Mail\\RegisterMail))
#11 /home/adminlsp/appdir/app/Listeners/RegisteredListener.php(30): Illuminate\\Mail\\PendingMail->send(Object(App\\Mail\\RegisterMail))
#12 [internal function]: App\\Listeners\\RegisteredListener->handle(Object(Illuminate\\Auth\\Events\\Registered))
#13 /home/adminlsp/appdir/vendor/laravel/framework/src/Illuminate/Events/Dispatcher.php(366): call_user_func_array(Array, Array)
#14 /home/adminlsp/appdir/vendor/laravel/framework/src/Illuminate/Events/Dispatcher.php(196): Illuminate\\Events\\Dispatcher->Illuminate\\Events\\{closure}('Illuminate\\\\Auth...', Array)
#15 /home/adminlsp/appdir/vendor/laravel/framework/src/Illuminate/Foundation/helpers.php(482): Illuminate\\Events\\Dispatcher->dispatch('Illuminate\\\\Auth...')
#16 /home/adminlsp/appdir/vendor/laravel/framework/src/Illuminate/Foundation/Auth/RegistersUsers.php(34): event(Object(Illuminate\\Auth\\Events\\Registered))
#17 [internal function]: App\\Http\\Controllers\\Auth\\RegisterController->register(Object(Illuminate\\Http\\Request))
#18 /home/adminlsp/appdir/vendor/laravel/framework/src/Illuminate/Routing/Controller.php(54): call_user_func_array(Array, Array)
#19 /home/adminlsp/appdir/vendor/laravel/framework/src/Illuminate/Routing/ControllerDispatcher.php(45): Illuminate\\Routing\\Controller->callAction('register', Array)
#20 /home/adminlsp/appdir/vendor/laravel/framework/src/Illuminate/Routing/Route.php(219): Illuminate\\Routing\\ControllerDispatcher->dispatch(Object(Illuminate\\Routing\\Route), Object(App\\Http\\Controllers\\Auth\\RegisterController), 'register')
#21 /home/adminlsp/appdir/vendor/laravel/framework/src/Illuminate/Routing/Route.php(176): Illuminate\\Routing\\Route->runController()
#22 /home/adminlsp/appdir/vendor/laravel/framework/src/Illuminate/Routing/Router.php(680): Illuminate\\Routing\\Route->run()
#23 /home/adminlsp/appdir/vendor/laravel/framework/src/Illuminate/Routing/Pipeline.php(30): Illuminate\\Routing\\Router->Illuminate\\Routing\\{closure}(Object(Illuminate\\Http\\Request))
#24 /home/adminlsp/appdir/app/Http/Middleware/RedirectIfAuthenticated.php(24): Illuminate\\Routing\\Pipeline->Illuminate\\Routing\\{closure}(Object(Illuminate\\Http\\Request))
#25 /home/adminlsp/appdir/vendor/laravel/framework/src/Illuminate/Pipeline/Pipeline.php(163): App\\Http\\Middleware\\RedirectIfAuthenticated->handle(Object(Illuminate\\Http\\Request), Object(Closure))
#26 /home/adminlsp/appdir/vendor/laravel/framework/src/Illuminate/Routing/Pipeline.php(53): Illuminate\\Pipeline\\Pipeline->Illuminate\\Pipeline\\{closure}(Object(Illuminate\\Http\\Request))
#27 /home/adminlsp/appdir/vendor/laravel/framework/src/Illuminate/Routing/Middleware/SubstituteBindings.php(41): Illuminate\\Routing\\Pipeline->Illuminate\\Routing\\{closure}(Object(Illuminate\\Http\\Request))
#28 /home/adminlsp/appdir/vendor/laravel/framework/src/Illuminate/Pipeline/Pipeline.php(163): Illuminate\\Routing\\Middleware\\SubstituteBindings->handle(Object(Illuminate\\Http\\Request), Object(Closure))
#29 /home/adminlsp/appdir/vendor/laravel/framework/src/Illuminate/Routing/Pipeline.php(53): Illuminate\\Pipeline\\Pipeline->Illuminate\\Pipeline\\{closure}(Object(Illuminate\\Http\\Request))
#30 /home/adminlsp/appdir/vendor/laravel/framework/src/Illuminate/Foundation/Http/Middleware/VerifyCsrfToken.php(75): Illuminate\\Routing\\Pipeline->Illuminate\\Routing\\{closure}(Object(Illuminate\\Http\\Request))
#31 /home/adminlsp/appdir/vendor/laravel/framework/src/Illuminate/Pipeline/Pipeline.php(163): Illuminate\\Foundation\\Http\\Middleware\\VerifyCsrfToken->handle(Object(Illuminate\\Http\\Request), Object(Closure))
#32 /home/adminlsp/appdir/vendor/laravel/framework/src/Illuminate/Routing/Pipeline.php(53): Illuminate\\Pipeline\\Pipeline->Illuminate\\Pipeline\\{closure}(Object(Illuminate\\Http\\Request))
#33 /home/adminlsp/appdir/vendor/laravel/framework/src/Illuminate/Session/Middleware/AuthenticateSession.php(39): Illuminate\\Routing\\Pipeline->Illuminate\\Routing\\{closure}(Object(Illuminate\\Http\\Request))
#34 /home/adminlsp/appdir/vendor/laravel/framework/src/Illuminate/Pipeline/Pipeline.php(163): Illuminate\\Session\\Middleware\\AuthenticateSession->handle(Object(Illuminate\\Http\\Request), Object(Closure))
#35 /home/adminlsp/appdir/vendor/laravel/framework/src/Illuminate/Routing/Pipeline.php(53): Illuminate\\Pipeline\\Pipeline->Illuminate\\Pipeline\\{closure}(Object(Illuminate\\Http\\Request))
#36 /home/adminlsp/appdir/vendor/laravel/framework/src/Illuminate/View/Middleware/ShareErrorsFromSession.php(49): Illuminate\\Routing\\Pipeline->Illuminate\\Routing\\{closure}(Object(Illuminate\\Http\\Request))
#37 /home/adminlsp/appdir/vendor/laravel/framework/src/Illuminate/Pipeline/Pipeline.php(163): Illuminate\\View\\Middleware\\ShareErrorsFromSession->handle(Object(Illuminate\\Http\\Request), Object(Closure))
#38 /home/adminlsp/appdir/vendor/laravel/framework/src/Illuminate/Routing/Pipeline.php(53): Illuminate\\Pipeline\\Pipeline->Illuminate\\Pipeline\\{closure}(Object(Illuminate\\Http\\Request))
#39 /home/adminlsp/appdir/vendor/laravel/framework/src/Illuminate/Session/Middleware/StartSession.php(56): Illuminate\\Routing\\Pipeline->Illuminate\\Routing\\{closure}(Object(Illuminate\\Http\\Request))
#40 /home/adminlsp/appdir/vendor/laravel/framework/src/Illuminate/Pipeline/Pipeline.php(163): Illuminate\\Session\\Middleware\\StartSession->handle(Object(Illuminate\\Http\\Request), Object(Closure))
#41 /home/adminlsp/appdir/vendor/laravel/framework/src/Illuminate/Routing/Pipeline.php(53): Illuminate\\Pipeline\\Pipeline->Illuminate\\Pipeline\\{closure}(Object(Illuminate\\Http\\Request))
#42 /home/adminlsp/appdir/vendor/laravel/framework/src/Illuminate/Cookie/Middleware/AddQueuedCookiesToResponse.php(37): Illuminate\\Routing\\Pipeline->Illuminate\\Routing\\{closure}(Object(Illuminate\\Http\\Request))
#43 /home/adminlsp/appdir/vendor/laravel/framework/src/Illuminate/Pipeline/Pipeline.php(163): Illuminate\\Cookie\\Middleware\\AddQueuedCookiesToResponse->handle(Object(Illuminate\\Http\\Request), Object(Closure))
#44 /home/adminlsp/appdir/vendor/laravel/framework/src/Illuminate/Routing/Pipeline.php(53): Illuminate\\Pipeline\\Pipeline->Illuminate\\Pipeline\\{closure}(Object(Illuminate\\Http\\Request))
#45 /home/adminlsp/appdir/vendor/laravel/framework/src/Illuminate/Cookie/Middleware/EncryptCookies.php(66): Illuminate\\Routing\\Pipeline->Illuminate\\Routing\\{closure}(Object(Illuminate\\Http\\Request))
#46 /home/adminlsp/appdir/vendor/laravel/framework/src/Illuminate/Pipeline/Pipeline.php(163): Illuminate\\Cookie\\Middleware\\EncryptCookies->handle(Object(Illuminate\\Http\\Request), Object(Closure))
#47 /home/adminlsp/appdir/vendor/laravel/framework/src/Illuminate/Routing/Pipeline.php(53): Illuminate\\Pipeline\\Pipeline->Illuminate\\Pipeline\\{closure}(Object(Illuminate\\Http\\Request))
#48 /home/adminlsp/appdir/vendor/laravel/framework/src/Illuminate/Pipeline/Pipeline.php(104): Illuminate\\Routing\\Pipeline->Illuminate\\Routing\\{closure}(Object(Illuminate\\Http\\Request))
#49 /home/adminlsp/appdir/vendor/laravel/framework/src/Illuminate/Routing/Router.php(682): Illuminate\\Pipeline\\Pipeline->then(Object(Closure))
#50 /home/adminlsp/appdir/vendor/laravel/framework/src/Illuminate/Routing/Router.php(657): Illuminate\\Routing\\Router->runRouteWithinStack(Object(Illuminate\\Routing\\Route), Object(Illuminate\\Http\\Request))
#51 /home/adminlsp/appdir/vendor/laravel/framework/src/Illuminate/Routing/Router.php(623): Illuminate\\Routing\\Router->runRoute(Object(Illuminate\\Http\\Request), Object(Illuminate\\Routing\\Route))
#52 /home/adminlsp/appdir/vendor/laravel/framework/src/Illuminate/Routing/Router.php(612): Illuminate\\Routing\\Router->dispatchToRoute(Object(Illuminate\\Http\\Request))
#53 /home/adminlsp/appdir/vendor/laravel/framework/src/Illuminate/Foundation/Http/Kernel.php(176): Illuminate\\Routing\\Router->dispatch(Object(Illuminate\\Http\\Request))
#54 /home/adminlsp/appdir/vendor/laravel/framework/src/Illuminate/Routing/Pipeline.php(30): Illuminate\\Foundation\\Http\\Kernel->Illuminate\\Foundation\\Http\\{closure}(Object(Illuminate\\Http\\Request))
#55 /home/adminlsp/appdir/vendor/fideloper/proxy/src/TrustProxies.php(57): Illuminate\\Routing\\Pipeline->Illuminate\\Routing\\{closure}(Object(Illuminate\\Http\\Request))
#56 /home/adminlsp/appdir/vendor/laravel/framework/src/Illuminate/Pipeline/Pipeline.php(163): Fideloper\\Proxy\\TrustProxies->handle(Object(Illuminate\\Http\\Request), Object(Closure))
#57 /home/adminlsp/appdir/vendor/laravel/framework/src/Illuminate/Routing/Pipeline.php(53): Illuminate\\Pipeline\\Pipeline->Illuminate\\Pipeline\\{closure}(Object(Illuminate\\Http\\Request))
#58 /home/adminlsp/appdir/vendor/laravel/framework/src/Illuminate/Foundation/Http/Middleware/TransformsRequest.php(21): Illuminate\\Routing\\Pipeline->Illuminate\\Routing\\{closure}(Object(Illuminate\\Http\\Request))
#59 /home/adminlsp/appdir/vendor/laravel/framework/src/Illuminate/Pipeline/Pipeline.php(163): Illuminate\\Foundation\\Http\\Middleware\\TransformsRequest->handle(Object(Illuminate\\Http\\Request), Object(Closure))
#60 /home/adminlsp/appdir/vendor/laravel/framework/src/Illuminate/Routing/Pipeline.php(53): Illuminate\\Pipeline\\Pipeline->Illuminate\\Pipeline\\{closure}(Object(Illuminate\\Http\\Request))
#61 /home/adminlsp/appdir/vendor/laravel/framework/src/Illuminate/Foundation/Http/Middleware/TransformsRequest.php(21): Illuminate\\Routing\\Pipeline->Illuminate\\Routing\\{closure}(Object(Illuminate\\Http\\Request))
#62 /home/adminlsp/appdir/vendor/laravel/framework/src/Illuminate/Pipeline/Pipeline.php(163): Illuminate\\Foundation\\Http\\Middleware\\TransformsRequest->handle(Object(Illuminate\\Http\\Request), Object(Closure))
#63 /home/adminlsp/appdir/vendor/laravel/framework/src/Illuminate/Routing/Pipeline.php(53): Illuminate\\Pipeline\\Pipeline->Illuminate\\Pipeline\\{closure}(Object(Illuminate\\Http\\Request))
#64 /home/adminlsp/appdir/vendor/laravel/framework/src/Illuminate/Foundation/Http/Middleware/ValidatePostSize.php(27): Illuminate\\Routing\\Pipeline->Illuminate\\Routing\\{closure}(Object(Illuminate\\Http\\Request))
#65 /home/adminlsp/appdir/vendor/laravel/framework/src/Illuminate/Pipeline/Pipeline.php(163): Illuminate\\Foundation\\Http\\Middleware\\ValidatePostSize->handle(Object(Illuminate\\Http\\Request), Object(Closure))
#66 /home/adminlsp/appdir/vendor/laravel/framework/src/Illuminate/Routing/Pipeline.php(53): Illuminate\\Pipeline\\Pipeline->Illuminate\\Pipeline\\{closure}(Object(Illuminate\\Http\\Request))
#67 /home/adminlsp/appdir/vendor/laravel/framework/src/Illuminate/Foundation/Http/Middleware/CheckForMaintenanceMode.php(62): Illuminate\\Routing\\Pipeline->Illuminate\\Routing\\{closure}(Object(Illuminate\\Http\\Request))
#68 /home/adminlsp/appdir/vendor/laravel/framework/src/Illuminate/Pipeline/Pipeline.php(163): Illuminate\\Foundation\\Http\\Middleware\\CheckForMaintenanceMode->handle(Object(Illuminate\\Http\\Request), Object(Closure))
#69 /home/adminlsp/appdir/vendor/laravel/framework/src/Illuminate/Routing/Pipeline.php(53): Illuminate\\Pipeline\\Pipeline->Illuminate\\Pipeline\\{closure}(Object(Illuminate\\Http\\Request))
#70 /home/adminlsp/appdir/vendor/laravel/framework/src/Illuminate/Pipeline/Pipeline.php(104): Illuminate\\Routing\\Pipeline->Illuminate\\Routing\\{closure}(Object(Illuminate\\Http\\Request))
#71 /home/adminlsp/appdir/vendor/laravel/framework/src/Illuminate/Foundation/Http/Kernel.php(151): Illuminate\\Pipeline\\Pipeline->then(Object(Closure))
#72 /home/adminlsp/appdir/vendor/laravel/framework/src/Illuminate/Foundation/Http/Kernel.php(116): Illuminate\\Foundation\\Http\\Kernel->sendRequestThroughRouter(Object(Illuminate\\Http\\Request))
#73 /home/adminlsp/appdir/public/index.php(55): Illuminate\\Foundation\\Http\\Kernel->handle(Object(Illuminate\\Http\\Request))
#74 /home/adminlsp/appdir/server.php(21): require_once('/home/adminlsp/...')
#75 {main}
"} 
[2021-06-17 04:46:43] local.ERROR: Failed to authenticate on SMTP server with username "lsp@polije.ac.id" using 3 possible authenticators. Authenticator LOGIN returned Expected response code 235 but got code "534", with message "534-5.7.9 Application-specific password required. Learn more at
534 5.7.9  https://support.google.com/mail/?p=InvalidSecondFactor j15sm3599971pjn.28 - gsmtp
". Authenticator PLAIN returned Expected response code 235 but got code "534", with message "534-5.7.9 Application-specific password required. Learn more at
534 5.7.9  https://support.google.com/mail/?p=InvalidSecondFactor j15sm3599971pjn.28 - gsmtp
". Authenticator XOAUTH2 returned Expected response code 250 but got code "535", with message "535-5.7.8 Username and Password not accepted. Learn more at
535 5.7.8  https://support.google.com/mail/?p=BadCredentials j15sm3599971pjn.28 - gsmtp
". {"exception":"[object] (Swift_TransportException(code: 0): Failed to authenticate on SMTP server with username \"lsp@polije.ac.id\" using 3 possible authenticators. Authenticator LOGIN returned Expected response code 235 but got code \"534\", with message \"534-5.7.9 Application-specific password required. Learn more at
534 5.7.9  https://support.google.com/mail/?p=InvalidSecondFactor j15sm3599971pjn.28 - gsmtp
\". Authenticator PLAIN returned Expected response code 235 but got code \"534\", with message \"534-5.7.9 Application-specific password required. Learn more at
534 5.7.9  https://support.google.com/mail/?p=InvalidSecondFactor j15sm3599971pjn.28 - gsmtp
\". Authenticator XOAUTH2 returned Expected response code 250 but got code \"535\", with message \"535-5.7.8 Username and Password not accepted. Learn more at
535 5.7.8  https://support.google.com/mail/?p=BadCredentials j15sm3599971pjn.28 - gsmtp
\". at /home/adminlsp/appdir/vendor/swiftmailer/swiftmailer/lib/classes/Swift/Transport/Esmtp/AuthHandler.php:191)
[stacktrace]
#0 /home/adminlsp/appdir/vendor/swiftmailer/swiftmailer/lib/classes/Swift/Transport/EsmtpTransport.php(371): Swift_Transport_Esmtp_AuthHandler->afterEhlo(Object(Swift_SmtpTransport))
#1 /home/adminlsp/appdir/vendor/swiftmailer/swiftmailer/lib/classes/Swift/Transport/AbstractSmtpTransport.php(148): Swift_Transport_EsmtpTransport->doHeloCommand()
#2 /home/adminlsp/appdir/vendor/swiftmailer/swiftmailer/lib/classes/Swift/Mailer.php(65): Swift_Transport_AbstractSmtpTransport->start()
#3 /home/adminlsp/appdir/vendor/laravel/framework/src/Illuminate/Mail/Mailer.php(484): Swift_Mailer->send(Object(Swift_Message), Array)
#4 /home/adminlsp/appdir/vendor/laravel/framework/src/Illuminate/Mail/Mailer.php(259): Illuminate\\Mail\\Mailer->sendSwiftMessage(Object(Swift_Message))
#5 /home/adminlsp/appdir/vendor/laravel/framework/src/Illuminate/Mail/Mailable.php(159): Illuminate\\Mail\\Mailer->send('auth.mail', Array, Object(Closure))
#6 /home/adminlsp/appdir/vendor/laravel/framework/src/Illuminate/Support/Traits/Localizable.php(19): Illuminate\\Mail\\Mailable->Illuminate\\Mail\\{closure}()
#7 /home/adminlsp/appdir/vendor/laravel/framework/src/Illuminate/Mail/Mailable.php(160): Illuminate\\Mail\\Mailable->withLocale(NULL, Object(Closure))
#8 /home/adminlsp/appdir/vendor/laravel/framework/src/Illuminate/Mail/Mailer.php(275): Illuminate\\Mail\\Mailable->send(Object(Illuminate\\Mail\\Mailer))
#9 /home/adminlsp/appdir/vendor/laravel/framework/src/Illuminate/Mail/Mailer.php(229): Illuminate\\Mail\\Mailer->sendMailable(Object(App\\Mail\\RegisterMail))
#10 /home/adminlsp/appdir/vendor/laravel/framework/src/Illuminate/Mail/PendingMail.php(127): Illuminate\\Mail\\Mailer->send(Object(App\\Mail\\RegisterMail))
#11 /home/adminlsp/appdir/app/Listeners/RegisteredListener.php(30): Illuminate\\Mail\\PendingMail->send(Object(App\\Mail\\RegisterMail))
#12 [internal function]: App\\Listeners\\RegisteredListener->handle(Object(Illuminate\\Auth\\Events\\Registered))
#13 /home/adminlsp/appdir/vendor/laravel/framework/src/Illuminate/Events/Dispatcher.php(366): call_user_func_array(Array, Array)
#14 /home/adminlsp/appdir/vendor/laravel/framework/src/Illuminate/Events/Dispatcher.php(196): Illuminate\\Events\\Dispatcher->Illuminate\\Events\\{closure}('Illuminate\\\\Auth...', Array)
#15 /home/adminlsp/appdir/vendor/laravel/framework/src/Illuminate/Foundation/helpers.php(482): Illuminate\\Events\\Dispatcher->dispatch('Illuminate\\\\Auth...')
#16 /home/adminlsp/appdir/vendor/laravel/framework/src/Illuminate/Foundation/Auth/RegistersUsers.php(34): event(Object(Illuminate\\Auth\\Events\\Registered))
#17 [internal function]: App\\Http\\Controllers\\Auth\\RegisterController->register(Object(Illuminate\\Http\\Request))
#18 /home/adminlsp/appdir/vendor/laravel/framework/src/Illuminate/Routing/Controller.php(54): call_user_func_array(Array, Array)
#19 /home/adminlsp/appdir/vendor/laravel/framework/src/Illuminate/Routing/ControllerDispatcher.php(45): Illuminate\\Routing\\Controller->callAction('register', Array)
#20 /home/adminlsp/appdir/vendor/laravel/framework/src/Illuminate/Routing/Route.php(219): Illuminate\\Routing\\ControllerDispatcher->dispatch(Object(Illuminate\\Routing\\Route), Object(App\\Http\\Controllers\\Auth\\RegisterController), 'register')
#21 /home/adminlsp/appdir/vendor/laravel/framework/src/Illuminate/Routing/Route.php(176): Illuminate\\Routing\\Route->runController()
#22 /home/adminlsp/appdir/vendor/laravel/framework/src/Illuminate/Routing/Router.php(680): Illuminate\\Routing\\Route->run()
#23 /home/adminlsp/appdir/vendor/laravel/framework/src/Illuminate/Routing/Pipeline.php(30): Illuminate\\Routing\\Router->Illuminate\\Routing\\{closure}(Object(Illuminate\\Http\\Request))
#24 /home/adminlsp/appdir/app/Http/Middleware/RedirectIfAuthenticated.php(24): Illuminate\\Routing\\Pipeline->Illuminate\\Routing\\{closure}(Object(Illuminate\\Http\\Request))
#25 /home/adminlsp/appdir/vendor/laravel/framework/src/Illuminate/Pipeline/Pipeline.php(163): App\\Http\\Middleware\\RedirectIfAuthenticated->handle(Object(Illuminate\\Http\\Request), Object(Closure))
#26 /home/adminlsp/appdir/vendor/laravel/framework/src/Illuminate/Routing/Pipeline.php(53): Illuminate\\Pipeline\\Pipeline->Illuminate\\Pipeline\\{closure}(Object(Illuminate\\Http\\Request))
#27 /home/adminlsp/appdir/vendor/laravel/framework/src/Illuminate/Routing/Middleware/SubstituteBindings.php(41): Illuminate\\Routing\\Pipeline->Illuminate\\Routing\\{closure}(Object(Illuminate\\Http\\Request))
#28 /home/adminlsp/appdir/vendor/laravel/framework/src/Illuminate/Pipeline/Pipeline.php(163): Illuminate\\Routing\\Middleware\\SubstituteBindings->handle(Object(Illuminate\\Http\\Request), Object(Closure))
#29 /home/adminlsp/appdir/vendor/laravel/framework/src/Illuminate/Routing/Pipeline.php(53): Illuminate\\Pipeline\\Pipeline->Illuminate\\Pipeline\\{closure}(Object(Illuminate\\Http\\Request))
#30 /home/adminlsp/appdir/vendor/laravel/framework/src/Illuminate/Foundation/Http/Middleware/VerifyCsrfToken.php(75): Illuminate\\Routing\\Pipeline->Illuminate\\Routing\\{closure}(Object(Illuminate\\Http\\Request))
#31 /home/adminlsp/appdir/vendor/laravel/framework/src/Illuminate/Pipeline/Pipeline.php(163): Illuminate\\Foundation\\Http\\Middleware\\VerifyCsrfToken->handle(Object(Illuminate\\Http\\Request), Object(Closure))
#32 /home/adminlsp/appdir/vendor/laravel/framework/src/Illuminate/Routing/Pipeline.php(53): Illuminate\\Pipeline\\Pipeline->Illuminate\\Pipeline\\{closure}(Object(Illuminate\\Http\\Request))
#33 /home/adminlsp/appdir/vendor/laravel/framework/src/Illuminate/Session/Middleware/AuthenticateSession.php(39): Illuminate\\Routing\\Pipeline->Illuminate\\Routing\\{closure}(Object(Illuminate\\Http\\Request))
#34 /home/adminlsp/appdir/vendor/laravel/framework/src/Illuminate/Pipeline/Pipeline.php(163): Illuminate\\Session\\Middleware\\AuthenticateSession->handle(Object(Illuminate\\Http\\Request), Object(Closure))
#35 /home/adminlsp/appdir/vendor/laravel/framework/src/Illuminate/Routing/Pipeline.php(53): Illuminate\\Pipeline\\Pipeline->Illuminate\\Pipeline\\{closure}(Object(Illuminate\\Http\\Request))
#36 /home/adminlsp/appdir/vendor/laravel/framework/src/Illuminate/View/Middleware/ShareErrorsFromSession.php(49): Illuminate\\Routing\\Pipeline->Illuminate\\Routing\\{closure}(Object(Illuminate\\Http\\Request))
#37 /home/adminlsp/appdir/vendor/laravel/framework/src/Illuminate/Pipeline/Pipeline.php(163): Illuminate\\View\\Middleware\\ShareErrorsFromSession->handle(Object(Illuminate\\Http\\Request), Object(Closure))
#38 /home/adminlsp/appdir/vendor/laravel/framework/src/Illuminate/Routing/Pipeline.php(53): Illuminate\\Pipeline\\Pipeline->Illuminate\\Pipeline\\{closure}(Object(Illuminate\\Http\\Request))
#39 /home/adminlsp/appdir/vendor/laravel/framework/src/Illuminate/Session/Middleware/StartSession.php(56): Illuminate\\Routing\\Pipeline->Illuminate\\Routing\\{closure}(Object(Illuminate\\Http\\Request))
#40 /home/adminlsp/appdir/vendor/laravel/framework/src/Illuminate/Pipeline/Pipeline.php(163): Illuminate\\Session\\Middleware\\StartSession->handle(Object(Illuminate\\Http\\Request), Object(Closure))
#41 /home/adminlsp/appdir/vendor/laravel/framework/src/Illuminate/Routing/Pipeline.php(53): Illuminate\\Pipeline\\Pipeline->Illuminate\\Pipeline\\{closure}(Object(Illuminate\\Http\\Request))
#42 /home/adminlsp/appdir/vendor/laravel/framework/src/Illuminate/Cookie/Middleware/AddQueuedCookiesToResponse.php(37): Illuminate\\Routing\\Pipeline->Illuminate\\Routing\\{closure}(Object(Illuminate\\Http\\Request))
#43 /home/adminlsp/appdir/vendor/laravel/framework/src/Illuminate/Pipeline/Pipeline.php(163): Illuminate\\Cookie\\Middleware\\AddQueuedCookiesToResponse->handle(Object(Illuminate\\Http\\Request), Object(Closure))
#44 /home/adminlsp/appdir/vendor/laravel/framework/src/Illuminate/Routing/Pipeline.php(53): Illuminate\\Pipeline\\Pipeline->Illuminate\\Pipeline\\{closure}(Object(Illuminate\\Http\\Request))
#45 /home/adminlsp/appdir/vendor/laravel/framework/src/Illuminate/Cookie/Middleware/EncryptCookies.php(66): Illuminate\\Routing\\Pipeline->Illuminate\\Routing\\{closure}(Object(Illuminate\\Http\\Request))
#46 /home/adminlsp/appdir/vendor/laravel/framework/src/Illuminate/Pipeline/Pipeline.php(163): Illuminate\\Cookie\\Middleware\\EncryptCookies->handle(Object(Illuminate\\Http\\Request), Object(Closure))
#47 /home/adminlsp/appdir/vendor/laravel/framework/src/Illuminate/Routing/Pipeline.php(53): Illuminate\\Pipeline\\Pipeline->Illuminate\\Pipeline\\{closure}(Object(Illuminate\\Http\\Request))
#48 /home/adminlsp/appdir/vendor/laravel/framework/src/Illuminate/Pipeline/Pipeline.php(104): Illuminate\\Routing\\Pipeline->Illuminate\\Routing\\{closure}(Object(Illuminate\\Http\\Request))
#49 /home/adminlsp/appdir/vendor/laravel/framework/src/Illuminate/Routing/Router.php(682): Illuminate\\Pipeline\\Pipeline->then(Object(Closure))
#50 /home/adminlsp/appdir/vendor/laravel/framework/src/Illuminate/Routing/Router.php(657): Illuminate\\Routing\\Router->runRouteWithinStack(Object(Illuminate\\Routing\\Route), Object(Illuminate\\Http\\Request))
#51 /home/adminlsp/appdir/vendor/laravel/framework/src/Illuminate/Routing/Router.php(623): Illuminate\\Routing\\Router->runRoute(Object(Illuminate\\Http\\Request), Object(Illuminate\\Routing\\Route))
#52 /home/adminlsp/appdir/vendor/laravel/framework/src/Illuminate/Routing/Router.php(612): Illuminate\\Routing\\Router->dispatchToRoute(Object(Illuminate\\Http\\Request))
#53 /home/adminlsp/appdir/vendor/laravel/framework/src/Illuminate/Foundation/Http/Kernel.php(176): Illuminate\\Routing\\Router->dispatch(Object(Illuminate\\Http\\Request))
#54 /home/adminlsp/appdir/vendor/laravel/framework/src/Illuminate/Routing/Pipeline.php(30): Illuminate\\Foundation\\Http\\Kernel->Illuminate\\Foundation\\Http\\{closure}(Object(Illuminate\\Http\\Request))
#55 /home/adminlsp/appdir/vendor/fideloper/proxy/src/TrustProxies.php(57): Illuminate\\Routing\\Pipeline->Illuminate\\Routing\\{closure}(Object(Illuminate\\Http\\Request))
#56 /home/adminlsp/appdir/vendor/laravel/framework/src/Illuminate/Pipeline/Pipeline.php(163): Fideloper\\Proxy\\TrustProxies->handle(Object(Illuminate\\Http\\Request), Object(Closure))
#57 /home/adminlsp/appdir/vendor/laravel/framework/src/Illuminate/Routing/Pipeline.php(53): Illuminate\\Pipeline\\Pipeline->Illuminate\\Pipeline\\{closure}(Object(Illuminate\\Http\\Request))
#58 /home/adminlsp/appdir/vendor/laravel/framework/src/Illuminate/Foundation/Http/Middleware/TransformsRequest.php(21): Illuminate\\Routing\\Pipeline->Illuminate\\Routing\\{closure}(Object(Illuminate\\Http\\Request))
#59 /home/adminlsp/appdir/vendor/laravel/framework/src/Illuminate/Pipeline/Pipeline.php(163): Illuminate\\Foundation\\Http\\Middleware\\TransformsRequest->handle(Object(Illuminate\\Http\\Request), Object(Closure))
#60 /home/adminlsp/appdir/vendor/laravel/framework/src/Illuminate/Routing/Pipeline.php(53): Illuminate\\Pipeline\\Pipeline->Illuminate\\Pipeline\\{closure}(Object(Illuminate\\Http\\Request))
#61 /home/adminlsp/appdir/vendor/laravel/framework/src/Illuminate/Foundation/Http/Middleware/TransformsRequest.php(21): Illuminate\\Routing\\Pipeline->Illuminate\\Routing\\{closure}(Object(Illuminate\\Http\\Request))
#62 /home/adminlsp/appdir/vendor/laravel/framework/src/Illuminate/Pipeline/Pipeline.php(163): Illuminate\\Foundation\\Http\\Middleware\\TransformsRequest->handle(Object(Illuminate\\Http\\Request), Object(Closure))
#63 /home/adminlsp/appdir/vendor/laravel/framework/src/Illuminate/Routing/Pipeline.php(53): Illuminate\\Pipeline\\Pipeline->Illuminate\\Pipeline\\{closure}(Object(Illuminate\\Http\\Request))
#64 /home/adminlsp/appdir/vendor/laravel/framework/src/Illuminate/Foundation/Http/Middleware/ValidatePostSize.php(27): Illuminate\\Routing\\Pipeline->Illuminate\\Routing\\{closure}(Object(Illuminate\\Http\\Request))
#65 /home/adminlsp/appdir/vendor/laravel/framework/src/Illuminate/Pipeline/Pipeline.php(163): Illuminate\\Foundation\\Http\\Middleware\\ValidatePostSize->handle(Object(Illuminate\\Http\\Request), Object(Closure))
#66 /home/adminlsp/appdir/vendor/laravel/framework/src/Illuminate/Routing/Pipeline.php(53): Illuminate\\Pipeline\\Pipeline->Illuminate\\Pipeline\\{closure}(Object(Illuminate\\Http\\Request))
#67 /home/adminlsp/appdir/vendor/laravel/framework/src/Illuminate/Foundation/Http/Middleware/CheckForMaintenanceMode.php(62): Illuminate\\Routing\\Pipeline->Illuminate\\Routing\\{closure}(Object(Illuminate\\Http\\Request))
#68 /home/adminlsp/appdir/vendor/laravel/framework/src/Illuminate/Pipeline/Pipeline.php(163): Illuminate\\Foundation\\Http\\Middleware\\CheckForMaintenanceMode->handle(Object(Illuminate\\Http\\Request), Object(Closure))
#69 /home/adminlsp/appdir/vendor/laravel/framework/src/Illuminate/Routing/Pipeline.php(53): Illuminate\\Pipeline\\Pipeline->Illuminate\\Pipeline\\{closure}(Object(Illuminate\\Http\\Request))
#70 /home/adminlsp/appdir/vendor/laravel/framework/src/Illuminate/Pipeline/Pipeline.php(104): Illuminate\\Routing\\Pipeline->Illuminate\\Routing\\{closure}(Object(Illuminate\\Http\\Request))
#71 /home/adminlsp/appdir/vendor/laravel/framework/src/Illuminate/Foundation/Http/Kernel.php(151): Illuminate\\Pipeline\\Pipeline->then(Object(Closure))
#72 /home/adminlsp/appdir/vendor/laravel/framework/src/Illuminate/Foundation/Http/Kernel.php(116): Illuminate\\Foundation\\Http\\Kernel->sendRequestThroughRouter(Object(Illuminate\\Http\\Request))
#73 /home/adminlsp/appdir/public/index.php(55): Illuminate\\Foundation\\Http\\Kernel->handle(Object(Illuminate\\Http\\Request))
#74 /home/adminlsp/appdir/server.php(21): require_once('/home/adminlsp/...')
#75 {main}
"} 
[2021-06-17 04:47:51] local.ERROR: Failed to authenticate on SMTP server with username "lsp@polije.ac.id" using 3 possible authenticators. Authenticator LOGIN returned Expected response code 235 but got code "534", with message "534-5.7.9 Application-specific password required. Learn more at
534 5.7.9  https://support.google.com/mail/?p=InvalidSecondFactor n6sm3829823pgt.7 - gsmtp
". Authenticator PLAIN returned Expected response code 235 but got code "534", with message "534-5.7.9 Application-specific password required. Learn more at
534 5.7.9  https://support.google.com/mail/?p=InvalidSecondFactor n6sm3829823pgt.7 - gsmtp
". Authenticator XOAUTH2 returned Expected response code 250 but got code "535", with message "535-5.7.8 Username and Password not accepted. Learn more at
535 5.7.8  https://support.google.com/mail/?p=BadCredentials n6sm3829823pgt.7 - gsmtp
". {"exception":"[object] (Swift_TransportException(code: 0): Failed to authenticate on SMTP server with username \"lsp@polije.ac.id\" using 3 possible authenticators. Authenticator LOGIN returned Expected response code 235 but got code \"534\", with message \"534-5.7.9 Application-specific password required. Learn more at
534 5.7.9  https://support.google.com/mail/?p=InvalidSecondFactor n6sm3829823pgt.7 - gsmtp
\". Authenticator PLAIN returned Expected response code 235 but got code \"534\", with message \"534-5.7.9 Application-specific password required. Learn more at
534 5.7.9  https://support.google.com/mail/?p=InvalidSecondFactor n6sm3829823pgt.7 - gsmtp
\". Authenticator XOAUTH2 returned Expected response code 250 but got code \"535\", with message \"535-5.7.8 Username and Password not accepted. Learn more at
535 5.7.8  https://support.google.com/mail/?p=BadCredentials n6sm3829823pgt.7 - gsmtp
\". at /home/adminlsp/appdir/vendor/swiftmailer/swiftmailer/lib/classes/Swift/Transport/Esmtp/AuthHandler.php:191)
[stacktrace]
#0 /home/adminlsp/appdir/vendor/swiftmailer/swiftmailer/lib/classes/Swift/Transport/EsmtpTransport.php(371): Swift_Transport_Esmtp_AuthHandler->afterEhlo(Object(Swift_SmtpTransport))
#1 /home/adminlsp/appdir/vendor/swiftmailer/swiftmailer/lib/classes/Swift/Transport/AbstractSmtpTransport.php(148): Swift_Transport_EsmtpTransport->doHeloCommand()
#2 /home/adminlsp/appdir/vendor/swiftmailer/swiftmailer/lib/classes/Swift/Mailer.php(65): Swift_Transport_AbstractSmtpTransport->start()
#3 /home/adminlsp/appdir/vendor/laravel/framework/src/Illuminate/Mail/Mailer.php(484): Swift_Mailer->send(Object(Swift_Message), Array)
#4 /home/adminlsp/appdir/vendor/laravel/framework/src/Illuminate/Mail/Mailer.php(259): Illuminate\\Mail\\Mailer->sendSwiftMessage(Object(Swift_Message))
#5 /home/adminlsp/appdir/vendor/laravel/framework/src/Illuminate/Mail/Mailable.php(159): Illuminate\\Mail\\Mailer->send('auth.mail', Array, Object(Closure))
#6 /home/adminlsp/appdir/vendor/laravel/framework/src/Illuminate/Support/Traits/Localizable.php(19): Illuminate\\Mail\\Mailable->Illuminate\\Mail\\{closure}()
#7 /home/adminlsp/appdir/vendor/laravel/framework/src/Illuminate/Mail/Mailable.php(160): Illuminate\\Mail\\Mailable->withLocale(NULL, Object(Closure))
#8 /home/adminlsp/appdir/vendor/laravel/framework/src/Illuminate/Mail/Mailer.php(275): Illuminate\\Mail\\Mailable->send(Object(Illuminate\\Mail\\Mailer))
#9 /home/adminlsp/appdir/vendor/laravel/framework/src/Illuminate/Mail/Mailer.php(229): Illuminate\\Mail\\Mailer->sendMailable(Object(App\\Mail\\RegisterMail))
#10 /home/adminlsp/appdir/vendor/laravel/framework/src/Illuminate/Mail/PendingMail.php(127): Illuminate\\Mail\\Mailer->send(Object(App\\Mail\\RegisterMail))
#11 /home/adminlsp/appdir/app/Listeners/RegisteredListener.php(30): Illuminate\\Mail\\PendingMail->send(Object(App\\Mail\\RegisterMail))
#12 [internal function]: App\\Listeners\\RegisteredListener->handle(Object(Illuminate\\Auth\\Events\\Registered))
#13 /home/adminlsp/appdir/vendor/laravel/framework/src/Illuminate/Events/Dispatcher.php(366): call_user_func_array(Array, Array)
#14 /home/adminlsp/appdir/vendor/laravel/framework/src/Illuminate/Events/Dispatcher.php(196): Illuminate\\Events\\Dispatcher->Illuminate\\Events\\{closure}('Illuminate\\\\Auth...', Array)
#15 /home/adminlsp/appdir/vendor/laravel/framework/src/Illuminate/Foundation/helpers.php(482): Illuminate\\Events\\Dispatcher->dispatch('Illuminate\\\\Auth...')
#16 /home/adminlsp/appdir/vendor/laravel/framework/src/Illuminate/Foundation/Auth/RegistersUsers.php(34): event(Object(Illuminate\\Auth\\Events\\Registered))
#17 [internal function]: App\\Http\\Controllers\\Auth\\RegisterController->register(Object(Illuminate\\Http\\Request))
#18 /home/adminlsp/appdir/vendor/laravel/framework/src/Illuminate/Routing/Controller.php(54): call_user_func_array(Array, Array)
#19 /home/adminlsp/appdir/vendor/laravel/framework/src/Illuminate/Routing/ControllerDispatcher.php(45): Illuminate\\Routing\\Controller->callAction('register', Array)
#20 /home/adminlsp/appdir/vendor/laravel/framework/src/Illuminate/Routing/Route.php(219): Illuminate\\Routing\\ControllerDispatcher->dispatch(Object(Illuminate\\Routing\\Route), Object(App\\Http\\Controllers\\Auth\\RegisterController), 'register')
#21 /home/adminlsp/appdir/vendor/laravel/framework/src/Illuminate/Routing/Route.php(176): Illuminate\\Routing\\Route->runController()
#22 /home/adminlsp/appdir/vendor/laravel/framework/src/Illuminate/Routing/Router.php(680): Illuminate\\Routing\\Route->run()
#23 /home/adminlsp/appdir/vendor/laravel/framework/src/Illuminate/Routing/Pipeline.php(30): Illuminate\\Routing\\Router->Illuminate\\Routing\\{closure}(Object(Illuminate\\Http\\Request))
#24 /home/adminlsp/appdir/app/Http/Middleware/RedirectIfAuthenticated.php(24): Illuminate\\Routing\\Pipeline->Illuminate\\Routing\\{closure}(Object(Illuminate\\Http\\Request))
#25 /home/adminlsp/appdir/vendor/laravel/framework/src/Illuminate/Pipeline/Pipeline.php(163): App\\Http\\Middleware\\RedirectIfAuthenticated->handle(Object(Illuminate\\Http\\Request), Object(Closure))
#26 /home/adminlsp/appdir/vendor/laravel/framework/src/Illuminate/Routing/Pipeline.php(53): Illuminate\\Pipeline\\Pipeline->Illuminate\\Pipeline\\{closure}(Object(Illuminate\\Http\\Request))
#27 /home/adminlsp/appdir/vendor/laravel/framework/src/Illuminate/Routing/Middleware/SubstituteBindings.php(41): Illuminate\\Routing\\Pipeline->Illuminate\\Routing\\{closure}(Object(Illuminate\\Http\\Request))
#28 /home/adminlsp/appdir/vendor/laravel/framework/src/Illuminate/Pipeline/Pipeline.php(163): Illuminate\\Routing\\Middleware\\SubstituteBindings->handle(Object(Illuminate\\Http\\Request), Object(Closure))
#29 /home/adminlsp/appdir/vendor/laravel/framework/src/Illuminate/Routing/Pipeline.php(53): Illuminate\\Pipeline\\Pipeline->Illuminate\\Pipeline\\{closure}(Object(Illuminate\\Http\\Request))
#30 /home/adminlsp/appdir/vendor/laravel/framework/src/Illuminate/Foundation/Http/Middleware/VerifyCsrfToken.php(75): Illuminate\\Routing\\Pipeline->Illuminate\\Routing\\{closure}(Object(Illuminate\\Http\\Request))
#31 /home/adminlsp/appdir/vendor/laravel/framework/src/Illuminate/Pipeline/Pipeline.php(163): Illuminate\\Foundation\\Http\\Middleware\\VerifyCsrfToken->handle(Object(Illuminate\\Http\\Request), Object(Closure))
#32 /home/adminlsp/appdir/vendor/laravel/framework/src/Illuminate/Routing/Pipeline.php(53): Illuminate\\Pipeline\\Pipeline->Illuminate\\Pipeline\\{closure}(Object(Illuminate\\Http\\Request))
#33 /home/adminlsp/appdir/vendor/laravel/framework/src/Illuminate/Session/Middleware/AuthenticateSession.php(39): Illuminate\\Routing\\Pipeline->Illuminate\\Routing\\{closure}(Object(Illuminate\\Http\\Request))
#34 /home/adminlsp/appdir/vendor/laravel/framework/src/Illuminate/Pipeline/Pipeline.php(163): Illuminate\\Session\\Middleware\\AuthenticateSession->handle(Object(Illuminate\\Http\\Request), Object(Closure))
#35 /home/adminlsp/appdir/vendor/laravel/framework/src/Illuminate/Routing/Pipeline.php(53): Illuminate\\Pipeline\\Pipeline->Illuminate\\Pipeline\\{closure}(Object(Illuminate\\Http\\Request))
#36 /home/adminlsp/appdir/vendor/laravel/framework/src/Illuminate/View/Middleware/ShareErrorsFromSession.php(49): Illuminate\\Routing\\Pipeline->Illuminate\\Routing\\{closure}(Object(Illuminate\\Http\\Request))
#37 /home/adminlsp/appdir/vendor/laravel/framework/src/Illuminate/Pipeline/Pipeline.php(163): Illuminate\\View\\Middleware\\ShareErrorsFromSession->handle(Object(Illuminate\\Http\\Request), Object(Closure))
#38 /home/adminlsp/appdir/vendor/laravel/framework/src/Illuminate/Routing/Pipeline.php(53): Illuminate\\Pipeline\\Pipeline->Illuminate\\Pipeline\\{closure}(Object(Illuminate\\Http\\Request))
#39 /home/adminlsp/appdir/vendor/laravel/framework/src/Illuminate/Session/Middleware/StartSession.php(56): Illuminate\\Routing\\Pipeline->Illuminate\\Routing\\{closure}(Object(Illuminate\\Http\\Request))
#40 /home/adminlsp/appdir/vendor/laravel/framework/src/Illuminate/Pipeline/Pipeline.php(163): Illuminate\\Session\\Middleware\\StartSession->handle(Object(Illuminate\\Http\\Request), Object(Closure))
#41 /home/adminlsp/appdir/vendor/laravel/framework/src/Illuminate/Routing/Pipeline.php(53): Illuminate\\Pipeline\\Pipeline->Illuminate\\Pipeline\\{closure}(Object(Illuminate\\Http\\Request))
#42 /home/adminlsp/appdir/vendor/laravel/framework/src/Illuminate/Cookie/Middleware/AddQueuedCookiesToResponse.php(37): Illuminate\\Routing\\Pipeline->Illuminate\\Routing\\{closure}(Object(Illuminate\\Http\\Request))
#43 /home/adminlsp/appdir/vendor/laravel/framework/src/Illuminate/Pipeline/Pipeline.php(163): Illuminate\\Cookie\\Middleware\\AddQueuedCookiesToResponse->handle(Object(Illuminate\\Http\\Request), Object(Closure))
#44 /home/adminlsp/appdir/vendor/laravel/framework/src/Illuminate/Routing/Pipeline.php(53): Illuminate\\Pipeline\\Pipeline->Illuminate\\Pipeline\\{closure}(Object(Illuminate\\Http\\Request))
#45 /home/adminlsp/appdir/vendor/laravel/framework/src/Illuminate/Cookie/Middleware/EncryptCookies.php(66): Illuminate\\Routing\\Pipeline->Illuminate\\Routing\\{closure}(Object(Illuminate\\Http\\Request))
#46 /home/adminlsp/appdir/vendor/laravel/framework/src/Illuminate/Pipeline/Pipeline.php(163): Illuminate\\Cookie\\Middleware\\EncryptCookies->handle(Object(Illuminate\\Http\\Request), Object(Closure))
#47 /home/adminlsp/appdir/vendor/laravel/framework/src/Illuminate/Routing/Pipeline.php(53): Illuminate\\Pipeline\\Pipeline->Illuminate\\Pipeline\\{closure}(Object(Illuminate\\Http\\Request))
#48 /home/adminlsp/appdir/vendor/laravel/framework/src/Illuminate/Pipeline/Pipeline.php(104): Illuminate\\Routing\\Pipeline->Illuminate\\Routing\\{closure}(Object(Illuminate\\Http\\Request))
#49 /home/adminlsp/appdir/vendor/laravel/framework/src/Illuminate/Routing/Router.php(682): Illuminate\\Pipeline\\Pipeline->then(Object(Closure))
#50 /home/adminlsp/appdir/vendor/laravel/framework/src/Illuminate/Routing/Router.php(657): Illuminate\\Routing\\Router->runRouteWithinStack(Object(Illuminate\\Routing\\Route), Object(Illuminate\\Http\\Request))
#51 /home/adminlsp/appdir/vendor/laravel/framework/src/Illuminate/Routing/Router.php(623): Illuminate\\Routing\\Router->runRoute(Object(Illuminate\\Http\\Request), Object(Illuminate\\Routing\\Route))
#52 /home/adminlsp/appdir/vendor/laravel/framework/src/Illuminate/Routing/Router.php(612): Illuminate\\Routing\\Router->dispatchToRoute(Object(Illuminate\\Http\\Request))
#53 /home/adminlsp/appdir/vendor/laravel/framework/src/Illuminate/Foundation/Http/Kernel.php(176): Illuminate\\Routing\\Router->dispatch(Object(Illuminate\\Http\\Request))
#54 /home/adminlsp/appdir/vendor/laravel/framework/src/Illuminate/Routing/Pipeline.php(30): Illuminate\\Foundation\\Http\\Kernel->Illuminate\\Foundation\\Http\\{closure}(Object(Illuminate\\Http\\Request))
#55 /home/adminlsp/appdir/vendor/fideloper/proxy/src/TrustProxies.php(57): Illuminate\\Routing\\Pipeline->Illuminate\\Routing\\{closure}(Object(Illuminate\\Http\\Request))
#56 /home/adminlsp/appdir/vendor/laravel/framework/src/Illuminate/Pipeline/Pipeline.php(163): Fideloper\\Proxy\\TrustProxies->handle(Object(Illuminate\\Http\\Request), Object(Closure))
#57 /home/adminlsp/appdir/vendor/laravel/framework/src/Illuminate/Routing/Pipeline.php(53): Illuminate\\Pipeline\\Pipeline->Illuminate\\Pipeline\\{closure}(Object(Illuminate\\Http\\Request))
#58 /home/adminlsp/appdir/vendor/laravel/framework/src/Illuminate/Foundation/Http/Middleware/TransformsRequest.php(21): Illuminate\\Routing\\Pipeline->Illuminate\\Routing\\{closure}(Object(Illuminate\\Http\\Request))
#59 /home/adminlsp/appdir/vendor/laravel/framework/src/Illuminate/Pipeline/Pipeline.php(163): Illuminate\\Foundation\\Http\\Middleware\\TransformsRequest->handle(Object(Illuminate\\Http\\Request), Object(Closure))
#60 /home/adminlsp/appdir/vendor/laravel/framework/src/Illuminate/Routing/Pipeline.php(53): Illuminate\\Pipeline\\Pipeline->Illuminate\\Pipeline\\{closure}(Object(Illuminate\\Http\\Request))
#61 /home/adminlsp/appdir/vendor/laravel/framework/src/Illuminate/Foundation/Http/Middleware/TransformsRequest.php(21): Illuminate\\Routing\\Pipeline->Illuminate\\Routing\\{closure}(Object(Illuminate\\Http\\Request))
#62 /home/adminlsp/appdir/vendor/laravel/framework/src/Illuminate/Pipeline/Pipeline.php(163): Illuminate\\Foundation\\Http\\Middleware\\TransformsRequest->handle(Object(Illuminate\\Http\\Request), Object(Closure))
#63 /home/adminlsp/appdir/vendor/laravel/framework/src/Illuminate/Routing/Pipeline.php(53): Illuminate\\Pipeline\\Pipeline->Illuminate\\Pipeline\\{closure}(Object(Illuminate\\Http\\Request))
#64 /home/adminlsp/appdir/vendor/laravel/framework/src/Illuminate/Foundation/Http/Middleware/ValidatePostSize.php(27): Illuminate\\Routing\\Pipeline->Illuminate\\Routing\\{closure}(Object(Illuminate\\Http\\Request))
#65 /home/adminlsp/appdir/vendor/laravel/framework/src/Illuminate/Pipeline/Pipeline.php(163): Illuminate\\Foundation\\Http\\Middleware\\ValidatePostSize->handle(Object(Illuminate\\Http\\Request), Object(Closure))
#66 /home/adminlsp/appdir/vendor/laravel/framework/src/Illuminate/Routing/Pipeline.php(53): Illuminate\\Pipeline\\Pipeline->Illuminate\\Pipeline\\{closure}(Object(Illuminate\\Http\\Request))
#67 /home/adminlsp/appdir/vendor/laravel/framework/src/Illuminate/Foundation/Http/Middleware/CheckForMaintenanceMode.php(62): Illuminate\\Routing\\Pipeline->Illuminate\\Routing\\{closure}(Object(Illuminate\\Http\\Request))
#68 /home/adminlsp/appdir/vendor/laravel/framework/src/Illuminate/Pipeline/Pipeline.php(163): Illuminate\\Foundation\\Http\\Middleware\\CheckForMaintenanceMode->handle(Object(Illuminate\\Http\\Request), Object(Closure))
#69 /home/adminlsp/appdir/vendor/laravel/framework/src/Illuminate/Routing/Pipeline.php(53): Illuminate\\Pipeline\\Pipeline->Illuminate\\Pipeline\\{closure}(Object(Illuminate\\Http\\Request))
#70 /home/adminlsp/appdir/vendor/laravel/framework/src/Illuminate/Pipeline/Pipeline.php(104): Illuminate\\Routing\\Pipeline->Illuminate\\Routing\\{closure}(Object(Illuminate\\Http\\Request))
#71 /home/adminlsp/appdir/vendor/laravel/framework/src/Illuminate/Foundation/Http/Kernel.php(151): Illuminate\\Pipeline\\Pipeline->then(Object(Closure))
#72 /home/adminlsp/appdir/vendor/laravel/framework/src/Illuminate/Foundation/Http/Kernel.php(116): Illuminate\\Foundation\\Http\\Kernel->sendRequestThroughRouter(Object(Illuminate\\Http\\Request))
#73 /home/adminlsp/appdir/public/index.php(55): Illuminate\\Foundation\\Http\\Kernel->handle(Object(Illuminate\\Http\\Request))
#74 /home/adminlsp/appdir/server.php(21): require_once('/home/adminlsp/...')
#75 {main}
"} 
[2021-06-17 04:47:59] local.ERROR: Failed to authenticate on SMTP server with username "lsp@polije.ac.id" using 3 possible authenticators. Authenticator LOGIN returned Expected response code 235 but got code "534", with message "534-5.7.9 Application-specific password required. Learn more at
534 5.7.9  https://support.google.com/mail/?p=InvalidSecondFactor a9sm3545648pfo.69 - gsmtp
". Authenticator PLAIN returned Expected response code 235 but got code "534", with message "534-5.7.9 Application-specific password required. Learn more at
534 5.7.9  https://support.google.com/mail/?p=InvalidSecondFactor a9sm3545648pfo.69 - gsmtp
". Authenticator XOAUTH2 returned Expected response code 250 but got code "535", with message "535-5.7.8 Username and Password not accepted. Learn more at
535 5.7.8  https://support.google.com/mail/?p=BadCredentials a9sm3545648pfo.69 - gsmtp
". {"exception":"[object] (Swift_TransportException(code: 0): Failed to authenticate on SMTP server with username \"lsp@polije.ac.id\" using 3 possible authenticators. Authenticator LOGIN returned Expected response code 235 but got code \"534\", with message \"534-5.7.9 Application-specific password required. Learn more at
534 5.7.9  https://support.google.com/mail/?p=InvalidSecondFactor a9sm3545648pfo.69 - gsmtp
\". Authenticator PLAIN returned Expected response code 235 but got code \"534\", with message \"534-5.7.9 Application-specific password required. Learn more at
534 5.7.9  https://support.google.com/mail/?p=InvalidSecondFactor a9sm3545648pfo.69 - gsmtp
\". Authenticator XOAUTH2 returned Expected response code 250 but got code \"535\", with message \"535-5.7.8 Username and Password not accepted. Learn more at
535 5.7.8  https://support.google.com/mail/?p=BadCredentials a9sm3545648pfo.69 - gsmtp
\". at /home/adminlsp/appdir/vendor/swiftmailer/swiftmailer/lib/classes/Swift/Transport/Esmtp/AuthHandler.php:191)
[stacktrace]
#0 /home/adminlsp/appdir/vendor/swiftmailer/swiftmailer/lib/classes/Swift/Transport/EsmtpTransport.php(371): Swift_Transport_Esmtp_AuthHandler->afterEhlo(Object(Swift_SmtpTransport))
#1 /home/adminlsp/appdir/vendor/swiftmailer/swiftmailer/lib/classes/Swift/Transport/AbstractSmtpTransport.php(148): Swift_Transport_EsmtpTransport->doHeloCommand()
#2 /home/adminlsp/appdir/vendor/swiftmailer/swiftmailer/lib/classes/Swift/Mailer.php(65): Swift_Transport_AbstractSmtpTransport->start()
#3 /home/adminlsp/appdir/vendor/laravel/framework/src/Illuminate/Mail/Mailer.php(484): Swift_Mailer->send(Object(Swift_Message), Array)
#4 /home/adminlsp/appdir/vendor/laravel/framework/src/Illuminate/Mail/Mailer.php(259): Illuminate\\Mail\\Mailer->sendSwiftMessage(Object(Swift_Message))
#5 /home/adminlsp/appdir/vendor/laravel/framework/src/Illuminate/Mail/Mailable.php(159): Illuminate\\Mail\\Mailer->send('auth.mail', Array, Object(Closure))
#6 /home/adminlsp/appdir/vendor/laravel/framework/src/Illuminate/Support/Traits/Localizable.php(19): Illuminate\\Mail\\Mailable->Illuminate\\Mail\\{closure}()
#7 /home/adminlsp/appdir/vendor/laravel/framework/src/Illuminate/Mail/Mailable.php(160): Illuminate\\Mail\\Mailable->withLocale(NULL, Object(Closure))
#8 /home/adminlsp/appdir/vendor/laravel/framework/src/Illuminate/Mail/Mailer.php(275): Illuminate\\Mail\\Mailable->send(Object(Illuminate\\Mail\\Mailer))
#9 /home/adminlsp/appdir/vendor/laravel/framework/src/Illuminate/Mail/Mailer.php(229): Illuminate\\Mail\\Mailer->sendMailable(Object(App\\Mail\\RegisterMail))
#10 /home/adminlsp/appdir/vendor/laravel/framework/src/Illuminate/Mail/PendingMail.php(127): Illuminate\\Mail\\Mailer->send(Object(App\\Mail\\RegisterMail))
#11 /home/adminlsp/appdir/app/Listeners/RegisteredListener.php(30): Illuminate\\Mail\\PendingMail->send(Object(App\\Mail\\RegisterMail))
#12 [internal function]: App\\Listeners\\RegisteredListener->handle(Object(Illuminate\\Auth\\Events\\Registered))
#13 /home/adminlsp/appdir/vendor/laravel/framework/src/Illuminate/Events/Dispatcher.php(366): call_user_func_array(Array, Array)
#14 /home/adminlsp/appdir/vendor/laravel/framework/src/Illuminate/Events/Dispatcher.php(196): Illuminate\\Events\\Dispatcher->Illuminate\\Events\\{closure}('Illuminate\\\\Auth...', Array)
#15 /home/adminlsp/appdir/vendor/laravel/framework/src/Illuminate/Foundation/helpers.php(482): Illuminate\\Events\\Dispatcher->dispatch('Illuminate\\\\Auth...')
#16 /home/adminlsp/appdir/vendor/laravel/framework/src/Illuminate/Foundation/Auth/RegistersUsers.php(34): event(Object(Illuminate\\Auth\\Events\\Registered))
#17 [internal function]: App\\Http\\Controllers\\Auth\\RegisterController->register(Object(Illuminate\\Http\\Request))
#18 /home/adminlsp/appdir/vendor/laravel/framework/src/Illuminate/Routing/Controller.php(54): call_user_func_array(Array, Array)
#19 /home/adminlsp/appdir/vendor/laravel/framework/src/Illuminate/Routing/ControllerDispatcher.php(45): Illuminate\\Routing\\Controller->callAction('register', Array)
#20 /home/adminlsp/appdir/vendor/laravel/framework/src/Illuminate/Routing/Route.php(219): Illuminate\\Routing\\ControllerDispatcher->dispatch(Object(Illuminate\\Routing\\Route), Object(App\\Http\\Controllers\\Auth\\RegisterController), 'register')
#21 /home/adminlsp/appdir/vendor/laravel/framework/src/Illuminate/Routing/Route.php(176): Illuminate\\Routing\\Route->runController()
#22 /home/adminlsp/appdir/vendor/laravel/framework/src/Illuminate/Routing/Router.php(680): Illuminate\\Routing\\Route->run()
#23 /home/adminlsp/appdir/vendor/laravel/framework/src/Illuminate/Routing/Pipeline.php(30): Illuminate\\Routing\\Router->Illuminate\\Routing\\{closure}(Object(Illuminate\\Http\\Request))
#24 /home/adminlsp/appdir/app/Http/Middleware/RedirectIfAuthenticated.php(24): Illuminate\\Routing\\Pipeline->Illuminate\\Routing\\{closure}(Object(Illuminate\\Http\\Request))
#25 /home/adminlsp/appdir/vendor/laravel/framework/src/Illuminate/Pipeline/Pipeline.php(163): App\\Http\\Middleware\\RedirectIfAuthenticated->handle(Object(Illuminate\\Http\\Request), Object(Closure))
#26 /home/adminlsp/appdir/vendor/laravel/framework/src/Illuminate/Routing/Pipeline.php(53): Illuminate\\Pipeline\\Pipeline->Illuminate\\Pipeline\\{closure}(Object(Illuminate\\Http\\Request))
#27 /home/adminlsp/appdir/vendor/laravel/framework/src/Illuminate/Routing/Middleware/SubstituteBindings.php(41): Illuminate\\Routing\\Pipeline->Illuminate\\Routing\\{closure}(Object(Illuminate\\Http\\Request))
#28 /home/adminlsp/appdir/vendor/laravel/framework/src/Illuminate/Pipeline/Pipeline.php(163): Illuminate\\Routing\\Middleware\\SubstituteBindings->handle(Object(Illuminate\\Http\\Request), Object(Closure))
#29 /home/adminlsp/appdir/vendor/laravel/framework/src/Illuminate/Routing/Pipeline.php(53): Illuminate\\Pipeline\\Pipeline->Illuminate\\Pipeline\\{closure}(Object(Illuminate\\Http\\Request))
#30 /home/adminlsp/appdir/vendor/laravel/framework/src/Illuminate/Foundation/Http/Middleware/VerifyCsrfToken.php(75): Illuminate\\Routing\\Pipeline->Illuminate\\Routing\\{closure}(Object(Illuminate\\Http\\Request))
#31 /home/adminlsp/appdir/vendor/laravel/framework/src/Illuminate/Pipeline/Pipeline.php(163): Illuminate\\Foundation\\Http\\Middleware\\VerifyCsrfToken->handle(Object(Illuminate\\Http\\Request), Object(Closure))
#32 /home/adminlsp/appdir/vendor/laravel/framework/src/Illuminate/Routing/Pipeline.php(53): Illuminate\\Pipeline\\Pipeline->Illuminate\\Pipeline\\{closure}(Object(Illuminate\\Http\\Request))
#33 /home/adminlsp/appdir/vendor/laravel/framework/src/Illuminate/Session/Middleware/AuthenticateSession.php(39): Illuminate\\Routing\\Pipeline->Illuminate\\Routing\\{closure}(Object(Illuminate\\Http\\Request))
#34 /home/adminlsp/appdir/vendor/laravel/framework/src/Illuminate/Pipeline/Pipeline.php(163): Illuminate\\Session\\Middleware\\AuthenticateSession->handle(Object(Illuminate\\Http\\Request), Object(Closure))
#35 /home/adminlsp/appdir/vendor/laravel/framework/src/Illuminate/Routing/Pipeline.php(53): Illuminate\\Pipeline\\Pipeline->Illuminate\\Pipeline\\{closure}(Object(Illuminate\\Http\\Request))
#36 /home/adminlsp/appdir/vendor/laravel/framework/src/Illuminate/View/Middleware/ShareErrorsFromSession.php(49): Illuminate\\Routing\\Pipeline->Illuminate\\Routing\\{closure}(Object(Illuminate\\Http\\Request))
#37 /home/adminlsp/appdir/vendor/laravel/framework/src/Illuminate/Pipeline/Pipeline.php(163): Illuminate\\View\\Middleware\\ShareErrorsFromSession->handle(Object(Illuminate\\Http\\Request), Object(Closure))
#38 /home/adminlsp/appdir/vendor/laravel/framework/src/Illuminate/Routing/Pipeline.php(53): Illuminate\\Pipeline\\Pipeline->Illuminate\\Pipeline\\{closure}(Object(Illuminate\\Http\\Request))
#39 /home/adminlsp/appdir/vendor/laravel/framework/src/Illuminate/Session/Middleware/StartSession.php(56): Illuminate\\Routing\\Pipeline->Illuminate\\Routing\\{closure}(Object(Illuminate\\Http\\Request))
#40 /home/adminlsp/appdir/vendor/laravel/framework/src/Illuminate/Pipeline/Pipeline.php(163): Illuminate\\Session\\Middleware\\StartSession->handle(Object(Illuminate\\Http\\Request), Object(Closure))
#41 /home/adminlsp/appdir/vendor/laravel/framework/src/Illuminate/Routing/Pipeline.php(53): Illuminate\\Pipeline\\Pipeline->Illuminate\\Pipeline\\{closure}(Object(Illuminate\\Http\\Request))
#42 /home/adminlsp/appdir/vendor/laravel/framework/src/Illuminate/Cookie/Middleware/AddQueuedCookiesToResponse.php(37): Illuminate\\Routing\\Pipeline->Illuminate\\Routing\\{closure}(Object(Illuminate\\Http\\Request))
#43 /home/adminlsp/appdir/vendor/laravel/framework/src/Illuminate/Pipeline/Pipeline.php(163): Illuminate\\Cookie\\Middleware\\AddQueuedCookiesToResponse->handle(Object(Illuminate\\Http\\Request), Object(Closure))
#44 /home/adminlsp/appdir/vendor/laravel/framework/src/Illuminate/Routing/Pipeline.php(53): Illuminate\\Pipeline\\Pipeline->Illuminate\\Pipeline\\{closure}(Object(Illuminate\\Http\\Request))
#45 /home/adminlsp/appdir/vendor/laravel/framework/src/Illuminate/Cookie/Middleware/EncryptCookies.php(66): Illuminate\\Routing\\Pipeline->Illuminate\\Routing\\{closure}(Object(Illuminate\\Http\\Request))
#46 /home/adminlsp/appdir/vendor/laravel/framework/src/Illuminate/Pipeline/Pipeline.php(163): Illuminate\\Cookie\\Middleware\\EncryptCookies->handle(Object(Illuminate\\Http\\Request), Object(Closure))
#47 /home/adminlsp/appdir/vendor/laravel/framework/src/Illuminate/Routing/Pipeline.php(53): Illuminate\\Pipeline\\Pipeline->Illuminate\\Pipeline\\{closure}(Object(Illuminate\\Http\\Request))
#48 /home/adminlsp/appdir/vendor/laravel/framework/src/Illuminate/Pipeline/Pipeline.php(104): Illuminate\\Routing\\Pipeline->Illuminate\\Routing\\{closure}(Object(Illuminate\\Http\\Request))
#49 /home/adminlsp/appdir/vendor/laravel/framework/src/Illuminate/Routing/Router.php(682): Illuminate\\Pipeline\\Pipeline->then(Object(Closure))
#50 /home/adminlsp/appdir/vendor/laravel/framework/src/Illuminate/Routing/Router.php(657): Illuminate\\Routing\\Router->runRouteWithinStack(Object(Illuminate\\Routing\\Route), Object(Illuminate\\Http\\Request))
#51 /home/adminlsp/appdir/vendor/laravel/framework/src/Illuminate/Routing/Router.php(623): Illuminate\\Routing\\Router->runRoute(Object(Illuminate\\Http\\Request), Object(Illuminate\\Routing\\Route))
#52 /home/adminlsp/appdir/vendor/laravel/framework/src/Illuminate/Routing/Router.php(612): Illuminate\\Routing\\Router->dispatchToRoute(Object(Illuminate\\Http\\Request))
#53 /home/adminlsp/appdir/vendor/laravel/framework/src/Illuminate/Foundation/Http/Kernel.php(176): Illuminate\\Routing\\Router->dispatch(Object(Illuminate\\Http\\Request))
#54 /home/adminlsp/appdir/vendor/laravel/framework/src/Illuminate/Routing/Pipeline.php(30): Illuminate\\Foundation\\Http\\Kernel->Illuminate\\Foundation\\Http\\{closure}(Object(Illuminate\\Http\\Request))
#55 /home/adminlsp/appdir/vendor/fideloper/proxy/src/TrustProxies.php(57): Illuminate\\Routing\\Pipeline->Illuminate\\Routing\\{closure}(Object(Illuminate\\Http\\Request))
#56 /home/adminlsp/appdir/vendor/laravel/framework/src/Illuminate/Pipeline/Pipeline.php(163): Fideloper\\Proxy\\TrustProxies->handle(Object(Illuminate\\Http\\Request), Object(Closure))
#57 /home/adminlsp/appdir/vendor/laravel/framework/src/Illuminate/Routing/Pipeline.php(53): Illuminate\\Pipeline\\Pipeline->Illuminate\\Pipeline\\{closure}(Object(Illuminate\\Http\\Request))
#58 /home/adminlsp/appdir/vendor/laravel/framework/src/Illuminate/Foundation/Http/Middleware/TransformsRequest.php(21): Illuminate\\Routing\\Pipeline->Illuminate\\Routing\\{closure}(Object(Illuminate\\Http\\Request))
#59 /home/adminlsp/appdir/vendor/laravel/framework/src/Illuminate/Pipeline/Pipeline.php(163): Illuminate\\Foundation\\Http\\Middleware\\TransformsRequest->handle(Object(Illuminate\\Http\\Request), Object(Closure))
#60 /home/adminlsp/appdir/vendor/laravel/framework/src/Illuminate/Routing/Pipeline.php(53): Illuminate\\Pipeline\\Pipeline->Illuminate\\Pipeline\\{closure}(Object(Illuminate\\Http\\Request))
#61 /home/adminlsp/appdir/vendor/laravel/framework/src/Illuminate/Foundation/Http/Middleware/TransformsRequest.php(21): Illuminate\\Routing\\Pipeline->Illuminate\\Routing\\{closure}(Object(Illuminate\\Http\\Request))
#62 /home/adminlsp/appdir/vendor/laravel/framework/src/Illuminate/Pipeline/Pipeline.php(163): Illuminate\\Foundation\\Http\\Middleware\\TransformsRequest->handle(Object(Illuminate\\Http\\Request), Object(Closure))
#63 /home/adminlsp/appdir/vendor/laravel/framework/src/Illuminate/Routing/Pipeline.php(53): Illuminate\\Pipeline\\Pipeline->Illuminate\\Pipeline\\{closure}(Object(Illuminate\\Http\\Request))
#64 /home/adminlsp/appdir/vendor/laravel/framework/src/Illuminate/Foundation/Http/Middleware/ValidatePostSize.php(27): Illuminate\\Routing\\Pipeline->Illuminate\\Routing\\{closure}(Object(Illuminate\\Http\\Request))
#65 /home/adminlsp/appdir/vendor/laravel/framework/src/Illuminate/Pipeline/Pipeline.php(163): Illuminate\\Foundation\\Http\\Middleware\\ValidatePostSize->handle(Object(Illuminate\\Http\\Request), Object(Closure))
#66 /home/adminlsp/appdir/vendor/laravel/framework/src/Illuminate/Routing/Pipeline.php(53): Illuminate\\Pipeline\\Pipeline->Illuminate\\Pipeline\\{closure}(Object(Illuminate\\Http\\Request))
#67 /home/adminlsp/appdir/vendor/laravel/framework/src/Illuminate/Foundation/Http/Middleware/CheckForMaintenanceMode.php(62): Illuminate\\Routing\\Pipeline->Illuminate\\Routing\\{closure}(Object(Illuminate\\Http\\Request))
#68 /home/adminlsp/appdir/vendor/laravel/framework/src/Illuminate/Pipeline/Pipeline.php(163): Illuminate\\Foundation\\Http\\Middleware\\CheckForMaintenanceMode->handle(Object(Illuminate\\Http\\Request), Object(Closure))
#69 /home/adminlsp/appdir/vendor/laravel/framework/src/Illuminate/Routing/Pipeline.php(53): Illuminate\\Pipeline\\Pipeline->Illuminate\\Pipeline\\{closure}(Object(Illuminate\\Http\\Request))
#70 /home/adminlsp/appdir/vendor/laravel/framework/src/Illuminate/Pipeline/Pipeline.php(104): Illuminate\\Routing\\Pipeline->Illuminate\\Routing\\{closure}(Object(Illuminate\\Http\\Request))
#71 /home/adminlsp/appdir/vendor/laravel/framework/src/Illuminate/Foundation/Http/Kernel.php(151): Illuminate\\Pipeline\\Pipeline->then(Object(Closure))
#72 /home/adminlsp/appdir/vendor/laravel/framework/src/Illuminate/Foundation/Http/Kernel.php(116): Illuminate\\Foundation\\Http\\Kernel->sendRequestThroughRouter(Object(Illuminate\\Http\\Request))
#73 /home/adminlsp/appdir/public/index.php(55): Illuminate\\Foundation\\Http\\Kernel->handle(Object(Illuminate\\Http\\Request))
#74 /home/adminlsp/appdir/server.php(21): require_once('/home/adminlsp/...')
#75 {main}
"} 
