[2021-04-08 02:47:52] local.ERROR: Expected response code 354 but got code "550", with message "550 5.4.5 Daily user sending quota exceeded. d24sm6438542pjw.37 - gsmtp
" {"exception":"[object] (Swift_TransportException(code: 550): Expected response code 354 but got code \"550\", with message \"550 5.4.5 Daily user sending quota exceeded. d24sm6438542pjw.37 - gsmtp
\" at /home/adminlsp/appdir/vendor/swiftmailer/swiftmailer/lib/classes/Swift/Transport/AbstractSmtpTransport.php:457)
[stacktrace]
#0 /home/adminlsp/appdir/vendor/swiftmailer/swiftmailer/lib/classes/Swift/Transport/AbstractSmtpTransport.php(341): Swift_Transport_AbstractSmtpTransport->assertResponseCode('550 5.4.5 Daily...', Array)
#1 /home/adminlsp/appdir/vendor/swiftmailer/swiftmailer/lib/classes/Swift/Transport/EsmtpTransport.php(305): Swift_Transport_AbstractSmtpTransport->executeCommand('DATA\\
', Array, Array, false, NULL)
#2 /home/adminlsp/appdir/vendor/swiftmailer/swiftmailer/lib/classes/Swift/Transport/AbstractSmtpTransport.php(390): Swift_Transport_EsmtpTransport->executeCommand('DATA\\
', Array, Array)
#3 /home/adminlsp/appdir/vendor/swiftmailer/swiftmailer/lib/classes/Swift/Transport/AbstractSmtpTransport.php(497): Swift_Transport_AbstractSmtpTransport->doDataCommand(Array)
#4 /home/adminlsp/appdir/vendor/swiftmailer/swiftmailer/lib/classes/Swift/Transport/AbstractSmtpTransport.php(516): Swift_Transport_AbstractSmtpTransport->doMailTransaction(Object(Swift_Message), 'lsp@polije.ac.i...', Array, Array)
#5 /home/adminlsp/appdir/vendor/swiftmailer/swiftmailer/lib/classes/Swift/Transport/AbstractSmtpTransport.php(206): Swift_Transport_AbstractSmtpTransport->sendTo(Object(Swift_Message), 'lsp@polije.ac.i...', Array, Array)
#6 /home/adminlsp/appdir/vendor/swiftmailer/swiftmailer/lib/classes/Swift/Mailer.php(71): Swift_Transport_AbstractSmtpTransport->send(Object(Swift_Message), Array)
#7 /home/adminlsp/appdir/vendor/laravel/framework/src/Illuminate/Mail/Mailer.php(484): Swift_Mailer->send(Object(Swift_Message), Array)
#8 /home/adminlsp/appdir/vendor/laravel/framework/src/Illuminate/Mail/Mailer.php(259): Illuminate\\Mail\\Mailer->sendSwiftMessage(Object(Swift_Message))
#9 /home/adminlsp/appdir/vendor/laravel/framework/src/Illuminate/Mail/Mailable.php(159): Illuminate\\Mail\\Mailer->send('auth.mail', Array, Object(Closure))
#10 /home/adminlsp/appdir/vendor/laravel/framework/src/Illuminate/Support/Traits/Localizable.php(19): Illuminate\\Mail\\Mailable->Illuminate\\Mail\\{closure}()
#11 /home/adminlsp/appdir/vendor/laravel/framework/src/Illuminate/Mail/Mailable.php(160): Illuminate\\Mail\\Mailable->withLocale(NULL, Object(Closure))
#12 /home/adminlsp/appdir/vendor/laravel/framework/src/Illuminate/Mail/Mailer.php(275): Illuminate\\Mail\\Mailable->send(Object(Illuminate\\Mail\\Mailer))
#13 /home/adminlsp/appdir/vendor/laravel/framework/src/Illuminate/Mail/Mailer.php(229): Illuminate\\Mail\\Mailer->sendMailable(Object(App\\Mail\\RegisterMail))
#14 /home/adminlsp/appdir/vendor/laravel/framework/src/Illuminate/Mail/PendingMail.php(127): Illuminate\\Mail\\Mailer->send(Object(App\\Mail\\RegisterMail))
#15 /home/adminlsp/appdir/app/Listeners/RegisteredListener.php(30): Illuminate\\Mail\\PendingMail->send(Object(App\\Mail\\RegisterMail))
#16 [internal function]: App\\Listeners\\RegisteredListener->handle(Object(Illuminate\\Auth\\Events\\Registered))
#17 /home/adminlsp/appdir/vendor/laravel/framework/src/Illuminate/Events/Dispatcher.php(366): call_user_func_array(Array, Array)
#18 /home/adminlsp/appdir/vendor/laravel/framework/src/Illuminate/Events/Dispatcher.php(196): Illuminate\\Events\\Dispatcher->Illuminate\\Events\\{closure}('Illuminate\\\\Auth...', Array)
#19 /home/adminlsp/appdir/vendor/laravel/framework/src/Illuminate/Foundation/helpers.php(482): Illuminate\\Events\\Dispatcher->dispatch('Illuminate\\\\Auth...')
#20 /home/adminlsp/appdir/vendor/laravel/framework/src/Illuminate/Foundation/Auth/RegistersUsers.php(34): event(Object(Illuminate\\Auth\\Events\\Registered))
#21 [internal function]: App\\Http\\Controllers\\Auth\\RegisterController->register(Object(Illuminate\\Http\\Request))
#22 /home/adminlsp/appdir/vendor/laravel/framework/src/Illuminate/Routing/Controller.php(54): call_user_func_array(Array, Array)
#23 /home/adminlsp/appdir/vendor/laravel/framework/src/Illuminate/Routing/ControllerDispatcher.php(45): Illuminate\\Routing\\Controller->callAction('register', Array)
#24 /home/adminlsp/appdir/vendor/laravel/framework/src/Illuminate/Routing/Route.php(219): Illuminate\\Routing\\ControllerDispatcher->dispatch(Object(Illuminate\\Routing\\Route), Object(App\\Http\\Controllers\\Auth\\RegisterController), 'register')
#25 /home/adminlsp/appdir/vendor/laravel/framework/src/Illuminate/Routing/Route.php(176): Illuminate\\Routing\\Route->runController()
#26 /home/adminlsp/appdir/vendor/laravel/framework/src/Illuminate/Routing/Router.php(680): Illuminate\\Routing\\Route->run()
#27 /home/adminlsp/appdir/vendor/laravel/framework/src/Illuminate/Routing/Pipeline.php(30): Illuminate\\Routing\\Router->Illuminate\\Routing\\{closure}(Object(Illuminate\\Http\\Request))
#28 /home/adminlsp/appdir/app/Http/Middleware/RedirectIfAuthenticated.php(24): Illuminate\\Routing\\Pipeline->Illuminate\\Routing\\{closure}(Object(Illuminate\\Http\\Request))
#29 /home/adminlsp/appdir/vendor/laravel/framework/src/Illuminate/Pipeline/Pipeline.php(163): App\\Http\\Middleware\\RedirectIfAuthenticated->handle(Object(Illuminate\\Http\\Request), Object(Closure))
#30 /home/adminlsp/appdir/vendor/laravel/framework/src/Illuminate/Routing/Pipeline.php(53): Illuminate\\Pipeline\\Pipeline->Illuminate\\Pipeline\\{closure}(Object(Illuminate\\Http\\Request))
#31 /home/adminlsp/appdir/vendor/laravel/framework/src/Illuminate/Routing/Middleware/SubstituteBindings.php(41): Illuminate\\Routing\\Pipeline->Illuminate\\Routing\\{closure}(Object(Illuminate\\Http\\Request))
#32 /home/adminlsp/appdir/vendor/laravel/framework/src/Illuminate/Pipeline/Pipeline.php(163): Illuminate\\Routing\\Middleware\\SubstituteBindings->handle(Object(Illuminate\\Http\\Request), Object(Closure))
#33 /home/adminlsp/appdir/vendor/laravel/framework/src/Illuminate/Routing/Pipeline.php(53): Illuminate\\Pipeline\\Pipeline->Illuminate\\Pipeline\\{closure}(Object(Illuminate\\Http\\Request))
#34 /home/adminlsp/appdir/vendor/laravel/framework/src/Illuminate/Foundation/Http/Middleware/VerifyCsrfToken.php(75): Illuminate\\Routing\\Pipeline->Illuminate\\Routing\\{closure}(Object(Illuminate\\Http\\Request))
#35 /home/adminlsp/appdir/vendor/laravel/framework/src/Illuminate/Pipeline/Pipeline.php(163): Illuminate\\Foundation\\Http\\Middleware\\VerifyCsrfToken->handle(Object(Illuminate\\Http\\Request), Object(Closure))
#36 /home/adminlsp/appdir/vendor/laravel/framework/src/Illuminate/Routing/Pipeline.php(53): Illuminate\\Pipeline\\Pipeline->Illuminate\\Pipeline\\{closure}(Object(Illuminate\\Http\\Request))
#37 /home/adminlsp/appdir/vendor/laravel/framework/src/Illuminate/Session/Middleware/AuthenticateSession.php(39): Illuminate\\Routing\\Pipeline->Illuminate\\Routing\\{closure}(Object(Illuminate\\Http\\Request))
#38 /home/adminlsp/appdir/vendor/laravel/framework/src/Illuminate/Pipeline/Pipeline.php(163): Illuminate\\Session\\Middleware\\AuthenticateSession->handle(Object(Illuminate\\Http\\Request), Object(Closure))
#39 /home/adminlsp/appdir/vendor/laravel/framework/src/Illuminate/Routing/Pipeline.php(53): Illuminate\\Pipeline\\Pipeline->Illuminate\\Pipeline\\{closure}(Object(Illuminate\\Http\\Request))
#40 /home/adminlsp/appdir/vendor/laravel/framework/src/Illuminate/View/Middleware/ShareErrorsFromSession.php(49): Illuminate\\Routing\\Pipeline->Illuminate\\Routing\\{closure}(Object(Illuminate\\Http\\Request))
#41 /home/adminlsp/appdir/vendor/laravel/framework/src/Illuminate/Pipeline/Pipeline.php(163): Illuminate\\View\\Middleware\\ShareErrorsFromSession->handle(Object(Illuminate\\Http\\Request), Object(Closure))
#42 /home/adminlsp/appdir/vendor/laravel/framework/src/Illuminate/Routing/Pipeline.php(53): Illuminate\\Pipeline\\Pipeline->Illuminate\\Pipeline\\{closure}(Object(Illuminate\\Http\\Request))
#43 /home/adminlsp/appdir/vendor/laravel/framework/src/Illuminate/Session/Middleware/StartSession.php(56): Illuminate\\Routing\\Pipeline->Illuminate\\Routing\\{closure}(Object(Illuminate\\Http\\Request))
#44 /home/adminlsp/appdir/vendor/laravel/framework/src/Illuminate/Pipeline/Pipeline.php(163): Illuminate\\Session\\Middleware\\StartSession->handle(Object(Illuminate\\Http\\Request), Object(Closure))
#45 /home/adminlsp/appdir/vendor/laravel/framework/src/Illuminate/Routing/Pipeline.php(53): Illuminate\\Pipeline\\Pipeline->Illuminate\\Pipeline\\{closure}(Object(Illuminate\\Http\\Request))
#46 /home/adminlsp/appdir/vendor/laravel/framework/src/Illuminate/Cookie/Middleware/AddQueuedCookiesToResponse.php(37): Illuminate\\Routing\\Pipeline->Illuminate\\Routing\\{closure}(Object(Illuminate\\Http\\Request))
#47 /home/adminlsp/appdir/vendor/laravel/framework/src/Illuminate/Pipeline/Pipeline.php(163): Illuminate\\Cookie\\Middleware\\AddQueuedCookiesToResponse->handle(Object(Illuminate\\Http\\Request), Object(Closure))
#48 /home/adminlsp/appdir/vendor/laravel/framework/src/Illuminate/Routing/Pipeline.php(53): Illuminate\\Pipeline\\Pipeline->Illuminate\\Pipeline\\{closure}(Object(Illuminate\\Http\\Request))
#49 /home/adminlsp/appdir/vendor/laravel/framework/src/Illuminate/Cookie/Middleware/EncryptCookies.php(66): Illuminate\\Routing\\Pipeline->Illuminate\\Routing\\{closure}(Object(Illuminate\\Http\\Request))
#50 /home/adminlsp/appdir/vendor/laravel/framework/src/Illuminate/Pipeline/Pipeline.php(163): Illuminate\\Cookie\\Middleware\\EncryptCookies->handle(Object(Illuminate\\Http\\Request), Object(Closure))
#51 /home/adminlsp/appdir/vendor/laravel/framework/src/Illuminate/Routing/Pipeline.php(53): Illuminate\\Pipeline\\Pipeline->Illuminate\\Pipeline\\{closure}(Object(Illuminate\\Http\\Request))
#52 /home/adminlsp/appdir/vendor/laravel/framework/src/Illuminate/Pipeline/Pipeline.php(104): Illuminate\\Routing\\Pipeline->Illuminate\\Routing\\{closure}(Object(Illuminate\\Http\\Request))
#53 /home/adminlsp/appdir/vendor/laravel/framework/src/Illuminate/Routing/Router.php(682): Illuminate\\Pipeline\\Pipeline->then(Object(Closure))
#54 /home/adminlsp/appdir/vendor/laravel/framework/src/Illuminate/Routing/Router.php(657): Illuminate\\Routing\\Router->runRouteWithinStack(Object(Illuminate\\Routing\\Route), Object(Illuminate\\Http\\Request))
#55 /home/adminlsp/appdir/vendor/laravel/framework/src/Illuminate/Routing/Router.php(623): Illuminate\\Routing\\Router->runRoute(Object(Illuminate\\Http\\Request), Object(Illuminate\\Routing\\Route))
#56 /home/adminlsp/appdir/vendor/laravel/framework/src/Illuminate/Routing/Router.php(612): Illuminate\\Routing\\Router->dispatchToRoute(Object(Illuminate\\Http\\Request))
#57 /home/adminlsp/appdir/vendor/laravel/framework/src/Illuminate/Foundation/Http/Kernel.php(176): Illuminate\\Routing\\Router->dispatch(Object(Illuminate\\Http\\Request))
#58 /home/adminlsp/appdir/vendor/laravel/framework/src/Illuminate/Routing/Pipeline.php(30): Illuminate\\Foundation\\Http\\Kernel->Illuminate\\Foundation\\Http\\{closure}(Object(Illuminate\\Http\\Request))
#59 /home/adminlsp/appdir/vendor/fideloper/proxy/src/TrustProxies.php(57): Illuminate\\Routing\\Pipeline->Illuminate\\Routing\\{closure}(Object(Illuminate\\Http\\Request))
#60 /home/adminlsp/appdir/vendor/laravel/framework/src/Illuminate/Pipeline/Pipeline.php(163): Fideloper\\Proxy\\TrustProxies->handle(Object(Illuminate\\Http\\Request), Object(Closure))
#61 /home/adminlsp/appdir/vendor/laravel/framework/src/Illuminate/Routing/Pipeline.php(53): Illuminate\\Pipeline\\Pipeline->Illuminate\\Pipeline\\{closure}(Object(Illuminate\\Http\\Request))
#62 /home/adminlsp/appdir/vendor/laravel/framework/src/Illuminate/Foundation/Http/Middleware/TransformsRequest.php(21): Illuminate\\Routing\\Pipeline->Illuminate\\Routing\\{closure}(Object(Illuminate\\Http\\Request))
#63 /home/adminlsp/appdir/vendor/laravel/framework/src/Illuminate/Pipeline/Pipeline.php(163): Illuminate\\Foundation\\Http\\Middleware\\TransformsRequest->handle(Object(Illuminate\\Http\\Request), Object(Closure))
#64 /home/adminlsp/appdir/vendor/laravel/framework/src/Illuminate/Routing/Pipeline.php(53): Illuminate\\Pipeline\\Pipeline->Illuminate\\Pipeline\\{closure}(Object(Illuminate\\Http\\Request))
#65 /home/adminlsp/appdir/vendor/laravel/framework/src/Illuminate/Foundation/Http/Middleware/TransformsRequest.php(21): Illuminate\\Routing\\Pipeline->Illuminate\\Routing\\{closure}(Object(Illuminate\\Http\\Request))
#66 /home/adminlsp/appdir/vendor/laravel/framework/src/Illuminate/Pipeline/Pipeline.php(163): Illuminate\\Foundation\\Http\\Middleware\\TransformsRequest->handle(Object(Illuminate\\Http\\Request), Object(Closure))
#67 /home/adminlsp/appdir/vendor/laravel/framework/src/Illuminate/Routing/Pipeline.php(53): Illuminate\\Pipeline\\Pipeline->Illuminate\\Pipeline\\{closure}(Object(Illuminate\\Http\\Request))
#68 /home/adminlsp/appdir/vendor/laravel/framework/src/Illuminate/Foundation/Http/Middleware/ValidatePostSize.php(27): Illuminate\\Routing\\Pipeline->Illuminate\\Routing\\{closure}(Object(Illuminate\\Http\\Request))
#69 /home/adminlsp/appdir/vendor/laravel/framework/src/Illuminate/Pipeline/Pipeline.php(163): Illuminate\\Foundation\\Http\\Middleware\\ValidatePostSize->handle(Object(Illuminate\\Http\\Request), Object(Closure))
#70 /home/adminlsp/appdir/vendor/laravel/framework/src/Illuminate/Routing/Pipeline.php(53): Illuminate\\Pipeline\\Pipeline->Illuminate\\Pipeline\\{closure}(Object(Illuminate\\Http\\Request))
#71 /home/adminlsp/appdir/vendor/laravel/framework/src/Illuminate/Foundation/Http/Middleware/CheckForMaintenanceMode.php(62): Illuminate\\Routing\\Pipeline->Illuminate\\Routing\\{closure}(Object(Illuminate\\Http\\Request))
#72 /home/adminlsp/appdir/vendor/laravel/framework/src/Illuminate/Pipeline/Pipeline.php(163): Illuminate\\Foundation\\Http\\Middleware\\CheckForMaintenanceMode->handle(Object(Illuminate\\Http\\Request), Object(Closure))
#73 /home/adminlsp/appdir/vendor/laravel/framework/src/Illuminate/Routing/Pipeline.php(53): Illuminate\\Pipeline\\Pipeline->Illuminate\\Pipeline\\{closure}(Object(Illuminate\\Http\\Request))
#74 /home/adminlsp/appdir/vendor/laravel/framework/src/Illuminate/Pipeline/Pipeline.php(104): Illuminate\\Routing\\Pipeline->Illuminate\\Routing\\{closure}(Object(Illuminate\\Http\\Request))
#75 /home/adminlsp/appdir/vendor/laravel/framework/src/Illuminate/Foundation/Http/Kernel.php(151): Illuminate\\Pipeline\\Pipeline->then(Object(Closure))
#76 /home/adminlsp/appdir/vendor/laravel/framework/src/Illuminate/Foundation/Http/Kernel.php(116): Illuminate\\Foundation\\Http\\Kernel->sendRequestThroughRouter(Object(Illuminate\\Http\\Request))
#77 /home/adminlsp/appdir/public/index.php(55): Illuminate\\Foundation\\Http\\Kernel->handle(Object(Illuminate\\Http\\Request))
#78 /home/adminlsp/appdir/server.php(21): require_once('/home/adminlsp/...')
#79 {main}
"} 
[2021-04-08 03:03:54] local.ERROR: Expected response code 354 but got code "550", with message "550 5.4.5 Daily user sending quota exceeded. e190sm22426702pfe.3 - gsmtp
" {"exception":"[object] (Swift_TransportException(code: 550): Expected response code 354 but got code \"550\", with message \"550 5.4.5 Daily user sending quota exceeded. e190sm22426702pfe.3 - gsmtp
\" at /home/adminlsp/appdir/vendor/swiftmailer/swiftmailer/lib/classes/Swift/Transport/AbstractSmtpTransport.php:457)
[stacktrace]
#0 /home/adminlsp/appdir/vendor/swiftmailer/swiftmailer/lib/classes/Swift/Transport/AbstractSmtpTransport.php(341): Swift_Transport_AbstractSmtpTransport->assertResponseCode('550 5.4.5 Daily...', Array)
#1 /home/adminlsp/appdir/vendor/swiftmailer/swiftmailer/lib/classes/Swift/Transport/EsmtpTransport.php(305): Swift_Transport_AbstractSmtpTransport->executeCommand('DATA\\
', Array, Array, false, NULL)
#2 /home/adminlsp/appdir/vendor/swiftmailer/swiftmailer/lib/classes/Swift/Transport/AbstractSmtpTransport.php(390): Swift_Transport_EsmtpTransport->executeCommand('DATA\\
', Array, Array)
#3 /home/adminlsp/appdir/vendor/swiftmailer/swiftmailer/lib/classes/Swift/Transport/AbstractSmtpTransport.php(497): Swift_Transport_AbstractSmtpTransport->doDataCommand(Array)
#4 /home/adminlsp/appdir/vendor/swiftmailer/swiftmailer/lib/classes/Swift/Transport/AbstractSmtpTransport.php(516): Swift_Transport_AbstractSmtpTransport->doMailTransaction(Object(Swift_Message), 'lsp@polije.ac.i...', Array, Array)
#5 /home/adminlsp/appdir/vendor/swiftmailer/swiftmailer/lib/classes/Swift/Transport/AbstractSmtpTransport.php(206): Swift_Transport_AbstractSmtpTransport->sendTo(Object(Swift_Message), 'lsp@polije.ac.i...', Array, Array)
#6 /home/adminlsp/appdir/vendor/swiftmailer/swiftmailer/lib/classes/Swift/Mailer.php(71): Swift_Transport_AbstractSmtpTransport->send(Object(Swift_Message), Array)
#7 /home/adminlsp/appdir/vendor/laravel/framework/src/Illuminate/Mail/Mailer.php(484): Swift_Mailer->send(Object(Swift_Message), Array)
#8 /home/adminlsp/appdir/vendor/laravel/framework/src/Illuminate/Mail/Mailer.php(259): Illuminate\\Mail\\Mailer->sendSwiftMessage(Object(Swift_Message))
#9 /home/adminlsp/appdir/vendor/laravel/framework/src/Illuminate/Mail/Mailable.php(159): Illuminate\\Mail\\Mailer->send('auth.mail', Array, Object(Closure))
#10 /home/adminlsp/appdir/vendor/laravel/framework/src/Illuminate/Support/Traits/Localizable.php(19): Illuminate\\Mail\\Mailable->Illuminate\\Mail\\{closure}()
#11 /home/adminlsp/appdir/vendor/laravel/framework/src/Illuminate/Mail/Mailable.php(160): Illuminate\\Mail\\Mailable->withLocale(NULL, Object(Closure))
#12 /home/adminlsp/appdir/vendor/laravel/framework/src/Illuminate/Mail/Mailer.php(275): Illuminate\\Mail\\Mailable->send(Object(Illuminate\\Mail\\Mailer))
#13 /home/adminlsp/appdir/vendor/laravel/framework/src/Illuminate/Mail/Mailer.php(229): Illuminate\\Mail\\Mailer->sendMailable(Object(App\\Mail\\RegisterMail))
#14 /home/adminlsp/appdir/vendor/laravel/framework/src/Illuminate/Mail/PendingMail.php(127): Illuminate\\Mail\\Mailer->send(Object(App\\Mail\\RegisterMail))
#15 /home/adminlsp/appdir/app/Listeners/RegisteredListener.php(30): Illuminate\\Mail\\PendingMail->send(Object(App\\Mail\\RegisterMail))
#16 [internal function]: App\\Listeners\\RegisteredListener->handle(Object(Illuminate\\Auth\\Events\\Registered))
#17 /home/adminlsp/appdir/vendor/laravel/framework/src/Illuminate/Events/Dispatcher.php(366): call_user_func_array(Array, Array)
#18 /home/adminlsp/appdir/vendor/laravel/framework/src/Illuminate/Events/Dispatcher.php(196): Illuminate\\Events\\Dispatcher->Illuminate\\Events\\{closure}('Illuminate\\\\Auth...', Array)
#19 /home/adminlsp/appdir/vendor/laravel/framework/src/Illuminate/Foundation/helpers.php(482): Illuminate\\Events\\Dispatcher->dispatch('Illuminate\\\\Auth...')
#20 /home/adminlsp/appdir/vendor/laravel/framework/src/Illuminate/Foundation/Auth/RegistersUsers.php(34): event(Object(Illuminate\\Auth\\Events\\Registered))
#21 [internal function]: App\\Http\\Controllers\\Auth\\RegisterController->register(Object(Illuminate\\Http\\Request))
#22 /home/adminlsp/appdir/vendor/laravel/framework/src/Illuminate/Routing/Controller.php(54): call_user_func_array(Array, Array)
#23 /home/adminlsp/appdir/vendor/laravel/framework/src/Illuminate/Routing/ControllerDispatcher.php(45): Illuminate\\Routing\\Controller->callAction('register', Array)
#24 /home/adminlsp/appdir/vendor/laravel/framework/src/Illuminate/Routing/Route.php(219): Illuminate\\Routing\\ControllerDispatcher->dispatch(Object(Illuminate\\Routing\\Route), Object(App\\Http\\Controllers\\Auth\\RegisterController), 'register')
#25 /home/adminlsp/appdir/vendor/laravel/framework/src/Illuminate/Routing/Route.php(176): Illuminate\\Routing\\Route->runController()
#26 /home/adminlsp/appdir/vendor/laravel/framework/src/Illuminate/Routing/Router.php(680): Illuminate\\Routing\\Route->run()
#27 /home/adminlsp/appdir/vendor/laravel/framework/src/Illuminate/Routing/Pipeline.php(30): Illuminate\\Routing\\Router->Illuminate\\Routing\\{closure}(Object(Illuminate\\Http\\Request))
#28 /home/adminlsp/appdir/app/Http/Middleware/RedirectIfAuthenticated.php(24): Illuminate\\Routing\\Pipeline->Illuminate\\Routing\\{closure}(Object(Illuminate\\Http\\Request))
#29 /home/adminlsp/appdir/vendor/laravel/framework/src/Illuminate/Pipeline/Pipeline.php(163): App\\Http\\Middleware\\RedirectIfAuthenticated->handle(Object(Illuminate\\Http\\Request), Object(Closure))
#30 /home/adminlsp/appdir/vendor/laravel/framework/src/Illuminate/Routing/Pipeline.php(53): Illuminate\\Pipeline\\Pipeline->Illuminate\\Pipeline\\{closure}(Object(Illuminate\\Http\\Request))
#31 /home/adminlsp/appdir/vendor/laravel/framework/src/Illuminate/Routing/Middleware/SubstituteBindings.php(41): Illuminate\\Routing\\Pipeline->Illuminate\\Routing\\{closure}(Object(Illuminate\\Http\\Request))
#32 /home/adminlsp/appdir/vendor/laravel/framework/src/Illuminate/Pipeline/Pipeline.php(163): Illuminate\\Routing\\Middleware\\SubstituteBindings->handle(Object(Illuminate\\Http\\Request), Object(Closure))
#33 /home/adminlsp/appdir/vendor/laravel/framework/src/Illuminate/Routing/Pipeline.php(53): Illuminate\\Pipeline\\Pipeline->Illuminate\\Pipeline\\{closure}(Object(Illuminate\\Http\\Request))
#34 /home/adminlsp/appdir/vendor/laravel/framework/src/Illuminate/Foundation/Http/Middleware/VerifyCsrfToken.php(75): Illuminate\\Routing\\Pipeline->Illuminate\\Routing\\{closure}(Object(Illuminate\\Http\\Request))
#35 /home/adminlsp/appdir/vendor/laravel/framework/src/Illuminate/Pipeline/Pipeline.php(163): Illuminate\\Foundation\\Http\\Middleware\\VerifyCsrfToken->handle(Object(Illuminate\\Http\\Request), Object(Closure))
#36 /home/adminlsp/appdir/vendor/laravel/framework/src/Illuminate/Routing/Pipeline.php(53): Illuminate\\Pipeline\\Pipeline->Illuminate\\Pipeline\\{closure}(Object(Illuminate\\Http\\Request))
#37 /home/adminlsp/appdir/vendor/laravel/framework/src/Illuminate/Session/Middleware/AuthenticateSession.php(39): Illuminate\\Routing\\Pipeline->Illuminate\\Routing\\{closure}(Object(Illuminate\\Http\\Request))
#38 /home/adminlsp/appdir/vendor/laravel/framework/src/Illuminate/Pipeline/Pipeline.php(163): Illuminate\\Session\\Middleware\\AuthenticateSession->handle(Object(Illuminate\\Http\\Request), Object(Closure))
#39 /home/adminlsp/appdir/vendor/laravel/framework/src/Illuminate/Routing/Pipeline.php(53): Illuminate\\Pipeline\\Pipeline->Illuminate\\Pipeline\\{closure}(Object(Illuminate\\Http\\Request))
#40 /home/adminlsp/appdir/vendor/laravel/framework/src/Illuminate/View/Middleware/ShareErrorsFromSession.php(49): Illuminate\\Routing\\Pipeline->Illuminate\\Routing\\{closure}(Object(Illuminate\\Http\\Request))
#41 /home/adminlsp/appdir/vendor/laravel/framework/src/Illuminate/Pipeline/Pipeline.php(163): Illuminate\\View\\Middleware\\ShareErrorsFromSession->handle(Object(Illuminate\\Http\\Request), Object(Closure))
#42 /home/adminlsp/appdir/vendor/laravel/framework/src/Illuminate/Routing/Pipeline.php(53): Illuminate\\Pipeline\\Pipeline->Illuminate\\Pipeline\\{closure}(Object(Illuminate\\Http\\Request))
#43 /home/adminlsp/appdir/vendor/laravel/framework/src/Illuminate/Session/Middleware/StartSession.php(56): Illuminate\\Routing\\Pipeline->Illuminate\\Routing\\{closure}(Object(Illuminate\\Http\\Request))
#44 /home/adminlsp/appdir/vendor/laravel/framework/src/Illuminate/Pipeline/Pipeline.php(163): Illuminate\\Session\\Middleware\\StartSession->handle(Object(Illuminate\\Http\\Request), Object(Closure))
#45 /home/adminlsp/appdir/vendor/laravel/framework/src/Illuminate/Routing/Pipeline.php(53): Illuminate\\Pipeline\\Pipeline->Illuminate\\Pipeline\\{closure}(Object(Illuminate\\Http\\Request))
#46 /home/adminlsp/appdir/vendor/laravel/framework/src/Illuminate/Cookie/Middleware/AddQueuedCookiesToResponse.php(37): Illuminate\\Routing\\Pipeline->Illuminate\\Routing\\{closure}(Object(Illuminate\\Http\\Request))
#47 /home/adminlsp/appdir/vendor/laravel/framework/src/Illuminate/Pipeline/Pipeline.php(163): Illuminate\\Cookie\\Middleware\\AddQueuedCookiesToResponse->handle(Object(Illuminate\\Http\\Request), Object(Closure))
#48 /home/adminlsp/appdir/vendor/laravel/framework/src/Illuminate/Routing/Pipeline.php(53): Illuminate\\Pipeline\\Pipeline->Illuminate\\Pipeline\\{closure}(Object(Illuminate\\Http\\Request))
#49 /home/adminlsp/appdir/vendor/laravel/framework/src/Illuminate/Cookie/Middleware/EncryptCookies.php(66): Illuminate\\Routing\\Pipeline->Illuminate\\Routing\\{closure}(Object(Illuminate\\Http\\Request))
#50 /home/adminlsp/appdir/vendor/laravel/framework/src/Illuminate/Pipeline/Pipeline.php(163): Illuminate\\Cookie\\Middleware\\EncryptCookies->handle(Object(Illuminate\\Http\\Request), Object(Closure))
#51 /home/adminlsp/appdir/vendor/laravel/framework/src/Illuminate/Routing/Pipeline.php(53): Illuminate\\Pipeline\\Pipeline->Illuminate\\Pipeline\\{closure}(Object(Illuminate\\Http\\Request))
#52 /home/adminlsp/appdir/vendor/laravel/framework/src/Illuminate/Pipeline/Pipeline.php(104): Illuminate\\Routing\\Pipeline->Illuminate\\Routing\\{closure}(Object(Illuminate\\Http\\Request))
#53 /home/adminlsp/appdir/vendor/laravel/framework/src/Illuminate/Routing/Router.php(682): Illuminate\\Pipeline\\Pipeline->then(Object(Closure))
#54 /home/adminlsp/appdir/vendor/laravel/framework/src/Illuminate/Routing/Router.php(657): Illuminate\\Routing\\Router->runRouteWithinStack(Object(Illuminate\\Routing\\Route), Object(Illuminate\\Http\\Request))
#55 /home/adminlsp/appdir/vendor/laravel/framework/src/Illuminate/Routing/Router.php(623): Illuminate\\Routing\\Router->runRoute(Object(Illuminate\\Http\\Request), Object(Illuminate\\Routing\\Route))
#56 /home/adminlsp/appdir/vendor/laravel/framework/src/Illuminate/Routing/Router.php(612): Illuminate\\Routing\\Router->dispatchToRoute(Object(Illuminate\\Http\\Request))
#57 /home/adminlsp/appdir/vendor/laravel/framework/src/Illuminate/Foundation/Http/Kernel.php(176): Illuminate\\Routing\\Router->dispatch(Object(Illuminate\\Http\\Request))
#58 /home/adminlsp/appdir/vendor/laravel/framework/src/Illuminate/Routing/Pipeline.php(30): Illuminate\\Foundation\\Http\\Kernel->Illuminate\\Foundation\\Http\\{closure}(Object(Illuminate\\Http\\Request))
#59 /home/adminlsp/appdir/vendor/fideloper/proxy/src/TrustProxies.php(57): Illuminate\\Routing\\Pipeline->Illuminate\\Routing\\{closure}(Object(Illuminate\\Http\\Request))
#60 /home/adminlsp/appdir/vendor/laravel/framework/src/Illuminate/Pipeline/Pipeline.php(163): Fideloper\\Proxy\\TrustProxies->handle(Object(Illuminate\\Http\\Request), Object(Closure))
#61 /home/adminlsp/appdir/vendor/laravel/framework/src/Illuminate/Routing/Pipeline.php(53): Illuminate\\Pipeline\\Pipeline->Illuminate\\Pipeline\\{closure}(Object(Illuminate\\Http\\Request))
#62 /home/adminlsp/appdir/vendor/laravel/framework/src/Illuminate/Foundation/Http/Middleware/TransformsRequest.php(21): Illuminate\\Routing\\Pipeline->Illuminate\\Routing\\{closure}(Object(Illuminate\\Http\\Request))
#63 /home/adminlsp/appdir/vendor/laravel/framework/src/Illuminate/Pipeline/Pipeline.php(163): Illuminate\\Foundation\\Http\\Middleware\\TransformsRequest->handle(Object(Illuminate\\Http\\Request), Object(Closure))
#64 /home/adminlsp/appdir/vendor/laravel/framework/src/Illuminate/Routing/Pipeline.php(53): Illuminate\\Pipeline\\Pipeline->Illuminate\\Pipeline\\{closure}(Object(Illuminate\\Http\\Request))
#65 /home/adminlsp/appdir/vendor/laravel/framework/src/Illuminate/Foundation/Http/Middleware/TransformsRequest.php(21): Illuminate\\Routing\\Pipeline->Illuminate\\Routing\\{closure}(Object(Illuminate\\Http\\Request))
#66 /home/adminlsp/appdir/vendor/laravel/framework/src/Illuminate/Pipeline/Pipeline.php(163): Illuminate\\Foundation\\Http\\Middleware\\TransformsRequest->handle(Object(Illuminate\\Http\\Request), Object(Closure))
#67 /home/adminlsp/appdir/vendor/laravel/framework/src/Illuminate/Routing/Pipeline.php(53): Illuminate\\Pipeline\\Pipeline->Illuminate\\Pipeline\\{closure}(Object(Illuminate\\Http\\Request))
#68 /home/adminlsp/appdir/vendor/laravel/framework/src/Illuminate/Foundation/Http/Middleware/ValidatePostSize.php(27): Illuminate\\Routing\\Pipeline->Illuminate\\Routing\\{closure}(Object(Illuminate\\Http\\Request))
#69 /home/adminlsp/appdir/vendor/laravel/framework/src/Illuminate/Pipeline/Pipeline.php(163): Illuminate\\Foundation\\Http\\Middleware\\ValidatePostSize->handle(Object(Illuminate\\Http\\Request), Object(Closure))
#70 /home/adminlsp/appdir/vendor/laravel/framework/src/Illuminate/Routing/Pipeline.php(53): Illuminate\\Pipeline\\Pipeline->Illuminate\\Pipeline\\{closure}(Object(Illuminate\\Http\\Request))
#71 /home/adminlsp/appdir/vendor/laravel/framework/src/Illuminate/Foundation/Http/Middleware/CheckForMaintenanceMode.php(62): Illuminate\\Routing\\Pipeline->Illuminate\\Routing\\{closure}(Object(Illuminate\\Http\\Request))
#72 /home/adminlsp/appdir/vendor/laravel/framework/src/Illuminate/Pipeline/Pipeline.php(163): Illuminate\\Foundation\\Http\\Middleware\\CheckForMaintenanceMode->handle(Object(Illuminate\\Http\\Request), Object(Closure))
#73 /home/adminlsp/appdir/vendor/laravel/framework/src/Illuminate/Routing/Pipeline.php(53): Illuminate\\Pipeline\\Pipeline->Illuminate\\Pipeline\\{closure}(Object(Illuminate\\Http\\Request))
#74 /home/adminlsp/appdir/vendor/laravel/framework/src/Illuminate/Pipeline/Pipeline.php(104): Illuminate\\Routing\\Pipeline->Illuminate\\Routing\\{closure}(Object(Illuminate\\Http\\Request))
#75 /home/adminlsp/appdir/vendor/laravel/framework/src/Illuminate/Foundation/Http/Kernel.php(151): Illuminate\\Pipeline\\Pipeline->then(Object(Closure))
#76 /home/adminlsp/appdir/vendor/laravel/framework/src/Illuminate/Foundation/Http/Kernel.php(116): Illuminate\\Foundation\\Http\\Kernel->sendRequestThroughRouter(Object(Illuminate\\Http\\Request))
#77 /home/adminlsp/appdir/public/index.php(55): Illuminate\\Foundation\\Http\\Kernel->handle(Object(Illuminate\\Http\\Request))
#78 /home/adminlsp/appdir/server.php(21): require_once('/home/adminlsp/...')
#79 {main}
"} 
[2021-04-08 03:03:58] local.ERROR: Expected response code 354 but got code "550", with message "550 5.4.5 Daily user sending quota exceeded. z23sm2468511pjh.45 - gsmtp
" {"exception":"[object] (Swift_TransportException(code: 550): Expected response code 354 but got code \"550\", with message \"550 5.4.5 Daily user sending quota exceeded. z23sm2468511pjh.45 - gsmtp
\" at /home/adminlsp/appdir/vendor/swiftmailer/swiftmailer/lib/classes/Swift/Transport/AbstractSmtpTransport.php:457)
[stacktrace]
#0 /home/adminlsp/appdir/vendor/swiftmailer/swiftmailer/lib/classes/Swift/Transport/AbstractSmtpTransport.php(341): Swift_Transport_AbstractSmtpTransport->assertResponseCode('550 5.4.5 Daily...', Array)
#1 /home/adminlsp/appdir/vendor/swiftmailer/swiftmailer/lib/classes/Swift/Transport/EsmtpTransport.php(305): Swift_Transport_AbstractSmtpTransport->executeCommand('DATA\\
', Array, Array, false, NULL)
#2 /home/adminlsp/appdir/vendor/swiftmailer/swiftmailer/lib/classes/Swift/Transport/AbstractSmtpTransport.php(390): Swift_Transport_EsmtpTransport->executeCommand('DATA\\
', Array, Array)
#3 /home/adminlsp/appdir/vendor/swiftmailer/swiftmailer/lib/classes/Swift/Transport/AbstractSmtpTransport.php(497): Swift_Transport_AbstractSmtpTransport->doDataCommand(Array)
#4 /home/adminlsp/appdir/vendor/swiftmailer/swiftmailer/lib/classes/Swift/Transport/AbstractSmtpTransport.php(516): Swift_Transport_AbstractSmtpTransport->doMailTransaction(Object(Swift_Message), 'lsp@polije.ac.i...', Array, Array)
#5 /home/adminlsp/appdir/vendor/swiftmailer/swiftmailer/lib/classes/Swift/Transport/AbstractSmtpTransport.php(206): Swift_Transport_AbstractSmtpTransport->sendTo(Object(Swift_Message), 'lsp@polije.ac.i...', Array, Array)
#6 /home/adminlsp/appdir/vendor/swiftmailer/swiftmailer/lib/classes/Swift/Mailer.php(71): Swift_Transport_AbstractSmtpTransport->send(Object(Swift_Message), Array)
#7 /home/adminlsp/appdir/vendor/laravel/framework/src/Illuminate/Mail/Mailer.php(484): Swift_Mailer->send(Object(Swift_Message), Array)
#8 /home/adminlsp/appdir/vendor/laravel/framework/src/Illuminate/Mail/Mailer.php(259): Illuminate\\Mail\\Mailer->sendSwiftMessage(Object(Swift_Message))
#9 /home/adminlsp/appdir/vendor/laravel/framework/src/Illuminate/Mail/Mailable.php(159): Illuminate\\Mail\\Mailer->send('auth.mail', Array, Object(Closure))
#10 /home/adminlsp/appdir/vendor/laravel/framework/src/Illuminate/Support/Traits/Localizable.php(19): Illuminate\\Mail\\Mailable->Illuminate\\Mail\\{closure}()
#11 /home/adminlsp/appdir/vendor/laravel/framework/src/Illuminate/Mail/Mailable.php(160): Illuminate\\Mail\\Mailable->withLocale(NULL, Object(Closure))
#12 /home/adminlsp/appdir/vendor/laravel/framework/src/Illuminate/Mail/Mailer.php(275): Illuminate\\Mail\\Mailable->send(Object(Illuminate\\Mail\\Mailer))
#13 /home/adminlsp/appdir/vendor/laravel/framework/src/Illuminate/Mail/Mailer.php(229): Illuminate\\Mail\\Mailer->sendMailable(Object(App\\Mail\\RegisterMail))
#14 /home/adminlsp/appdir/vendor/laravel/framework/src/Illuminate/Mail/PendingMail.php(127): Illuminate\\Mail\\Mailer->send(Object(App\\Mail\\RegisterMail))
#15 /home/adminlsp/appdir/app/Listeners/RegisteredListener.php(30): Illuminate\\Mail\\PendingMail->send(Object(App\\Mail\\RegisterMail))
#16 [internal function]: App\\Listeners\\RegisteredListener->handle(Object(Illuminate\\Auth\\Events\\Registered))
#17 /home/adminlsp/appdir/vendor/laravel/framework/src/Illuminate/Events/Dispatcher.php(366): call_user_func_array(Array, Array)
#18 /home/adminlsp/appdir/vendor/laravel/framework/src/Illuminate/Events/Dispatcher.php(196): Illuminate\\Events\\Dispatcher->Illuminate\\Events\\{closure}('Illuminate\\\\Auth...', Array)
#19 /home/adminlsp/appdir/vendor/laravel/framework/src/Illuminate/Foundation/helpers.php(482): Illuminate\\Events\\Dispatcher->dispatch('Illuminate\\\\Auth...')
#20 /home/adminlsp/appdir/vendor/laravel/framework/src/Illuminate/Foundation/Auth/RegistersUsers.php(34): event(Object(Illuminate\\Auth\\Events\\Registered))
#21 [internal function]: App\\Http\\Controllers\\Auth\\RegisterController->register(Object(Illuminate\\Http\\Request))
#22 /home/adminlsp/appdir/vendor/laravel/framework/src/Illuminate/Routing/Controller.php(54): call_user_func_array(Array, Array)
#23 /home/adminlsp/appdir/vendor/laravel/framework/src/Illuminate/Routing/ControllerDispatcher.php(45): Illuminate\\Routing\\Controller->callAction('register', Array)
#24 /home/adminlsp/appdir/vendor/laravel/framework/src/Illuminate/Routing/Route.php(219): Illuminate\\Routing\\ControllerDispatcher->dispatch(Object(Illuminate\\Routing\\Route), Object(App\\Http\\Controllers\\Auth\\RegisterController), 'register')
#25 /home/adminlsp/appdir/vendor/laravel/framework/src/Illuminate/Routing/Route.php(176): Illuminate\\Routing\\Route->runController()
#26 /home/adminlsp/appdir/vendor/laravel/framework/src/Illuminate/Routing/Router.php(680): Illuminate\\Routing\\Route->run()
#27 /home/adminlsp/appdir/vendor/laravel/framework/src/Illuminate/Routing/Pipeline.php(30): Illuminate\\Routing\\Router->Illuminate\\Routing\\{closure}(Object(Illuminate\\Http\\Request))
#28 /home/adminlsp/appdir/app/Http/Middleware/RedirectIfAuthenticated.php(24): Illuminate\\Routing\\Pipeline->Illuminate\\Routing\\{closure}(Object(Illuminate\\Http\\Request))
#29 /home/adminlsp/appdir/vendor/laravel/framework/src/Illuminate/Pipeline/Pipeline.php(163): App\\Http\\Middleware\\RedirectIfAuthenticated->handle(Object(Illuminate\\Http\\Request), Object(Closure))
#30 /home/adminlsp/appdir/vendor/laravel/framework/src/Illuminate/Routing/Pipeline.php(53): Illuminate\\Pipeline\\Pipeline->Illuminate\\Pipeline\\{closure}(Object(Illuminate\\Http\\Request))
#31 /home/adminlsp/appdir/vendor/laravel/framework/src/Illuminate/Routing/Middleware/SubstituteBindings.php(41): Illuminate\\Routing\\Pipeline->Illuminate\\Routing\\{closure}(Object(Illuminate\\Http\\Request))
#32 /home/adminlsp/appdir/vendor/laravel/framework/src/Illuminate/Pipeline/Pipeline.php(163): Illuminate\\Routing\\Middleware\\SubstituteBindings->handle(Object(Illuminate\\Http\\Request), Object(Closure))
#33 /home/adminlsp/appdir/vendor/laravel/framework/src/Illuminate/Routing/Pipeline.php(53): Illuminate\\Pipeline\\Pipeline->Illuminate\\Pipeline\\{closure}(Object(Illuminate\\Http\\Request))
#34 /home/adminlsp/appdir/vendor/laravel/framework/src/Illuminate/Foundation/Http/Middleware/VerifyCsrfToken.php(75): Illuminate\\Routing\\Pipeline->Illuminate\\Routing\\{closure}(Object(Illuminate\\Http\\Request))
#35 /home/adminlsp/appdir/vendor/laravel/framework/src/Illuminate/Pipeline/Pipeline.php(163): Illuminate\\Foundation\\Http\\Middleware\\VerifyCsrfToken->handle(Object(Illuminate\\Http\\Request), Object(Closure))
#36 /home/adminlsp/appdir/vendor/laravel/framework/src/Illuminate/Routing/Pipeline.php(53): Illuminate\\Pipeline\\Pipeline->Illuminate\\Pipeline\\{closure}(Object(Illuminate\\Http\\Request))
#37 /home/adminlsp/appdir/vendor/laravel/framework/src/Illuminate/Session/Middleware/AuthenticateSession.php(39): Illuminate\\Routing\\Pipeline->Illuminate\\Routing\\{closure}(Object(Illuminate\\Http\\Request))
#38 /home/adminlsp/appdir/vendor/laravel/framework/src/Illuminate/Pipeline/Pipeline.php(163): Illuminate\\Session\\Middleware\\AuthenticateSession->handle(Object(Illuminate\\Http\\Request), Object(Closure))
#39 /home/adminlsp/appdir/vendor/laravel/framework/src/Illuminate/Routing/Pipeline.php(53): Illuminate\\Pipeline\\Pipeline->Illuminate\\Pipeline\\{closure}(Object(Illuminate\\Http\\Request))
#40 /home/adminlsp/appdir/vendor/laravel/framework/src/Illuminate/View/Middleware/ShareErrorsFromSession.php(49): Illuminate\\Routing\\Pipeline->Illuminate\\Routing\\{closure}(Object(Illuminate\\Http\\Request))
#41 /home/adminlsp/appdir/vendor/laravel/framework/src/Illuminate/Pipeline/Pipeline.php(163): Illuminate\\View\\Middleware\\ShareErrorsFromSession->handle(Object(Illuminate\\Http\\Request), Object(Closure))
#42 /home/adminlsp/appdir/vendor/laravel/framework/src/Illuminate/Routing/Pipeline.php(53): Illuminate\\Pipeline\\Pipeline->Illuminate\\Pipeline\\{closure}(Object(Illuminate\\Http\\Request))
#43 /home/adminlsp/appdir/vendor/laravel/framework/src/Illuminate/Session/Middleware/StartSession.php(56): Illuminate\\Routing\\Pipeline->Illuminate\\Routing\\{closure}(Object(Illuminate\\Http\\Request))
#44 /home/adminlsp/appdir/vendor/laravel/framework/src/Illuminate/Pipeline/Pipeline.php(163): Illuminate\\Session\\Middleware\\StartSession->handle(Object(Illuminate\\Http\\Request), Object(Closure))
#45 /home/adminlsp/appdir/vendor/laravel/framework/src/Illuminate/Routing/Pipeline.php(53): Illuminate\\Pipeline\\Pipeline->Illuminate\\Pipeline\\{closure}(Object(Illuminate\\Http\\Request))
#46 /home/adminlsp/appdir/vendor/laravel/framework/src/Illuminate/Cookie/Middleware/AddQueuedCookiesToResponse.php(37): Illuminate\\Routing\\Pipeline->Illuminate\\Routing\\{closure}(Object(Illuminate\\Http\\Request))
#47 /home/adminlsp/appdir/vendor/laravel/framework/src/Illuminate/Pipeline/Pipeline.php(163): Illuminate\\Cookie\\Middleware\\AddQueuedCookiesToResponse->handle(Object(Illuminate\\Http\\Request), Object(Closure))
#48 /home/adminlsp/appdir/vendor/laravel/framework/src/Illuminate/Routing/Pipeline.php(53): Illuminate\\Pipeline\\Pipeline->Illuminate\\Pipeline\\{closure}(Object(Illuminate\\Http\\Request))
#49 /home/adminlsp/appdir/vendor/laravel/framework/src/Illuminate/Cookie/Middleware/EncryptCookies.php(66): Illuminate\\Routing\\Pipeline->Illuminate\\Routing\\{closure}(Object(Illuminate\\Http\\Request))
#50 /home/adminlsp/appdir/vendor/laravel/framework/src/Illuminate/Pipeline/Pipeline.php(163): Illuminate\\Cookie\\Middleware\\EncryptCookies->handle(Object(Illuminate\\Http\\Request), Object(Closure))
#51 /home/adminlsp/appdir/vendor/laravel/framework/src/Illuminate/Routing/Pipeline.php(53): Illuminate\\Pipeline\\Pipeline->Illuminate\\Pipeline\\{closure}(Object(Illuminate\\Http\\Request))
#52 /home/adminlsp/appdir/vendor/laravel/framework/src/Illuminate/Pipeline/Pipeline.php(104): Illuminate\\Routing\\Pipeline->Illuminate\\Routing\\{closure}(Object(Illuminate\\Http\\Request))
#53 /home/adminlsp/appdir/vendor/laravel/framework/src/Illuminate/Routing/Router.php(682): Illuminate\\Pipeline\\Pipeline->then(Object(Closure))
#54 /home/adminlsp/appdir/vendor/laravel/framework/src/Illuminate/Routing/Router.php(657): Illuminate\\Routing\\Router->runRouteWithinStack(Object(Illuminate\\Routing\\Route), Object(Illuminate\\Http\\Request))
#55 /home/adminlsp/appdir/vendor/laravel/framework/src/Illuminate/Routing/Router.php(623): Illuminate\\Routing\\Router->runRoute(Object(Illuminate\\Http\\Request), Object(Illuminate\\Routing\\Route))
#56 /home/adminlsp/appdir/vendor/laravel/framework/src/Illuminate/Routing/Router.php(612): Illuminate\\Routing\\Router->dispatchToRoute(Object(Illuminate\\Http\\Request))
#57 /home/adminlsp/appdir/vendor/laravel/framework/src/Illuminate/Foundation/Http/Kernel.php(176): Illuminate\\Routing\\Router->dispatch(Object(Illuminate\\Http\\Request))
#58 /home/adminlsp/appdir/vendor/laravel/framework/src/Illuminate/Routing/Pipeline.php(30): Illuminate\\Foundation\\Http\\Kernel->Illuminate\\Foundation\\Http\\{closure}(Object(Illuminate\\Http\\Request))
#59 /home/adminlsp/appdir/vendor/fideloper/proxy/src/TrustProxies.php(57): Illuminate\\Routing\\Pipeline->Illuminate\\Routing\\{closure}(Object(Illuminate\\Http\\Request))
#60 /home/adminlsp/appdir/vendor/laravel/framework/src/Illuminate/Pipeline/Pipeline.php(163): Fideloper\\Proxy\\TrustProxies->handle(Object(Illuminate\\Http\\Request), Object(Closure))
#61 /home/adminlsp/appdir/vendor/laravel/framework/src/Illuminate/Routing/Pipeline.php(53): Illuminate\\Pipeline\\Pipeline->Illuminate\\Pipeline\\{closure}(Object(Illuminate\\Http\\Request))
#62 /home/adminlsp/appdir/vendor/laravel/framework/src/Illuminate/Foundation/Http/Middleware/TransformsRequest.php(21): Illuminate\\Routing\\Pipeline->Illuminate\\Routing\\{closure}(Object(Illuminate\\Http\\Request))
#63 /home/adminlsp/appdir/vendor/laravel/framework/src/Illuminate/Pipeline/Pipeline.php(163): Illuminate\\Foundation\\Http\\Middleware\\TransformsRequest->handle(Object(Illuminate\\Http\\Request), Object(Closure))
#64 /home/adminlsp/appdir/vendor/laravel/framework/src/Illuminate/Routing/Pipeline.php(53): Illuminate\\Pipeline\\Pipeline->Illuminate\\Pipeline\\{closure}(Object(Illuminate\\Http\\Request))
#65 /home/adminlsp/appdir/vendor/laravel/framework/src/Illuminate/Foundation/Http/Middleware/TransformsRequest.php(21): Illuminate\\Routing\\Pipeline->Illuminate\\Routing\\{closure}(Object(Illuminate\\Http\\Request))
#66 /home/adminlsp/appdir/vendor/laravel/framework/src/Illuminate/Pipeline/Pipeline.php(163): Illuminate\\Foundation\\Http\\Middleware\\TransformsRequest->handle(Object(Illuminate\\Http\\Request), Object(Closure))
#67 /home/adminlsp/appdir/vendor/laravel/framework/src/Illuminate/Routing/Pipeline.php(53): Illuminate\\Pipeline\\Pipeline->Illuminate\\Pipeline\\{closure}(Object(Illuminate\\Http\\Request))
#68 /home/adminlsp/appdir/vendor/laravel/framework/src/Illuminate/Foundation/Http/Middleware/ValidatePostSize.php(27): Illuminate\\Routing\\Pipeline->Illuminate\\Routing\\{closure}(Object(Illuminate\\Http\\Request))
#69 /home/adminlsp/appdir/vendor/laravel/framework/src/Illuminate/Pipeline/Pipeline.php(163): Illuminate\\Foundation\\Http\\Middleware\\ValidatePostSize->handle(Object(Illuminate\\Http\\Request), Object(Closure))
#70 /home/adminlsp/appdir/vendor/laravel/framework/src/Illuminate/Routing/Pipeline.php(53): Illuminate\\Pipeline\\Pipeline->Illuminate\\Pipeline\\{closure}(Object(Illuminate\\Http\\Request))
#71 /home/adminlsp/appdir/vendor/laravel/framework/src/Illuminate/Foundation/Http/Middleware/CheckForMaintenanceMode.php(62): Illuminate\\Routing\\Pipeline->Illuminate\\Routing\\{closure}(Object(Illuminate\\Http\\Request))
#72 /home/adminlsp/appdir/vendor/laravel/framework/src/Illuminate/Pipeline/Pipeline.php(163): Illuminate\\Foundation\\Http\\Middleware\\CheckForMaintenanceMode->handle(Object(Illuminate\\Http\\Request), Object(Closure))
#73 /home/adminlsp/appdir/vendor/laravel/framework/src/Illuminate/Routing/Pipeline.php(53): Illuminate\\Pipeline\\Pipeline->Illuminate\\Pipeline\\{closure}(Object(Illuminate\\Http\\Request))
#74 /home/adminlsp/appdir/vendor/laravel/framework/src/Illuminate/Pipeline/Pipeline.php(104): Illuminate\\Routing\\Pipeline->Illuminate\\Routing\\{closure}(Object(Illuminate\\Http\\Request))
#75 /home/adminlsp/appdir/vendor/laravel/framework/src/Illuminate/Foundation/Http/Kernel.php(151): Illuminate\\Pipeline\\Pipeline->then(Object(Closure))
#76 /home/adminlsp/appdir/vendor/laravel/framework/src/Illuminate/Foundation/Http/Kernel.php(116): Illuminate\\Foundation\\Http\\Kernel->sendRequestThroughRouter(Object(Illuminate\\Http\\Request))
#77 /home/adminlsp/appdir/public/index.php(55): Illuminate\\Foundation\\Http\\Kernel->handle(Object(Illuminate\\Http\\Request))
#78 /home/adminlsp/appdir/server.php(21): require_once('/home/adminlsp/...')
#79 {main}
"} 
[2021-04-08 03:18:50] local.ERROR: Expected response code 354 but got code "550", with message "550 5.4.5 Daily user sending quota exceeded. d5sm6376184pjo.12 - gsmtp
" {"exception":"[object] (Swift_TransportException(code: 550): Expected response code 354 but got code \"550\", with message \"550 5.4.5 Daily user sending quota exceeded. d5sm6376184pjo.12 - gsmtp
\" at /home/adminlsp/appdir/vendor/swiftmailer/swiftmailer/lib/classes/Swift/Transport/AbstractSmtpTransport.php:457)
[stacktrace]
#0 /home/adminlsp/appdir/vendor/swiftmailer/swiftmailer/lib/classes/Swift/Transport/AbstractSmtpTransport.php(341): Swift_Transport_AbstractSmtpTransport->assertResponseCode('550 5.4.5 Daily...', Array)
#1 /home/adminlsp/appdir/vendor/swiftmailer/swiftmailer/lib/classes/Swift/Transport/EsmtpTransport.php(305): Swift_Transport_AbstractSmtpTransport->executeCommand('DATA\\
', Array, Array, false, NULL)
#2 /home/adminlsp/appdir/vendor/swiftmailer/swiftmailer/lib/classes/Swift/Transport/AbstractSmtpTransport.php(390): Swift_Transport_EsmtpTransport->executeCommand('DATA\\
', Array, Array)
#3 /home/adminlsp/appdir/vendor/swiftmailer/swiftmailer/lib/classes/Swift/Transport/AbstractSmtpTransport.php(497): Swift_Transport_AbstractSmtpTransport->doDataCommand(Array)
#4 /home/adminlsp/appdir/vendor/swiftmailer/swiftmailer/lib/classes/Swift/Transport/AbstractSmtpTransport.php(516): Swift_Transport_AbstractSmtpTransport->doMailTransaction(Object(Swift_Message), 'lsp@polije.ac.i...', Array, Array)
#5 /home/adminlsp/appdir/vendor/swiftmailer/swiftmailer/lib/classes/Swift/Transport/AbstractSmtpTransport.php(206): Swift_Transport_AbstractSmtpTransport->sendTo(Object(Swift_Message), 'lsp@polije.ac.i...', Array, Array)
#6 /home/adminlsp/appdir/vendor/swiftmailer/swiftmailer/lib/classes/Swift/Mailer.php(71): Swift_Transport_AbstractSmtpTransport->send(Object(Swift_Message), Array)
#7 /home/adminlsp/appdir/vendor/laravel/framework/src/Illuminate/Mail/Mailer.php(484): Swift_Mailer->send(Object(Swift_Message), Array)
#8 /home/adminlsp/appdir/vendor/laravel/framework/src/Illuminate/Mail/Mailer.php(259): Illuminate\\Mail\\Mailer->sendSwiftMessage(Object(Swift_Message))
#9 /home/adminlsp/appdir/vendor/laravel/framework/src/Illuminate/Mail/Mailable.php(159): Illuminate\\Mail\\Mailer->send('auth.mail', Array, Object(Closure))
#10 /home/adminlsp/appdir/vendor/laravel/framework/src/Illuminate/Support/Traits/Localizable.php(19): Illuminate\\Mail\\Mailable->Illuminate\\Mail\\{closure}()
#11 /home/adminlsp/appdir/vendor/laravel/framework/src/Illuminate/Mail/Mailable.php(160): Illuminate\\Mail\\Mailable->withLocale(NULL, Object(Closure))
#12 /home/adminlsp/appdir/vendor/laravel/framework/src/Illuminate/Mail/Mailer.php(275): Illuminate\\Mail\\Mailable->send(Object(Illuminate\\Mail\\Mailer))
#13 /home/adminlsp/appdir/vendor/laravel/framework/src/Illuminate/Mail/Mailer.php(229): Illuminate\\Mail\\Mailer->sendMailable(Object(App\\Mail\\RegisterMail))
#14 /home/adminlsp/appdir/vendor/laravel/framework/src/Illuminate/Mail/PendingMail.php(127): Illuminate\\Mail\\Mailer->send(Object(App\\Mail\\RegisterMail))
#15 /home/adminlsp/appdir/app/Listeners/RegisteredListener.php(30): Illuminate\\Mail\\PendingMail->send(Object(App\\Mail\\RegisterMail))
#16 [internal function]: App\\Listeners\\RegisteredListener->handle(Object(Illuminate\\Auth\\Events\\Registered))
#17 /home/adminlsp/appdir/vendor/laravel/framework/src/Illuminate/Events/Dispatcher.php(366): call_user_func_array(Array, Array)
#18 /home/adminlsp/appdir/vendor/laravel/framework/src/Illuminate/Events/Dispatcher.php(196): Illuminate\\Events\\Dispatcher->Illuminate\\Events\\{closure}('Illuminate\\\\Auth...', Array)
#19 /home/adminlsp/appdir/vendor/laravel/framework/src/Illuminate/Foundation/helpers.php(482): Illuminate\\Events\\Dispatcher->dispatch('Illuminate\\\\Auth...')
#20 /home/adminlsp/appdir/vendor/laravel/framework/src/Illuminate/Foundation/Auth/RegistersUsers.php(34): event(Object(Illuminate\\Auth\\Events\\Registered))
#21 [internal function]: App\\Http\\Controllers\\Auth\\RegisterController->register(Object(Illuminate\\Http\\Request))
#22 /home/adminlsp/appdir/vendor/laravel/framework/src/Illuminate/Routing/Controller.php(54): call_user_func_array(Array, Array)
#23 /home/adminlsp/appdir/vendor/laravel/framework/src/Illuminate/Routing/ControllerDispatcher.php(45): Illuminate\\Routing\\Controller->callAction('register', Array)
#24 /home/adminlsp/appdir/vendor/laravel/framework/src/Illuminate/Routing/Route.php(219): Illuminate\\Routing\\ControllerDispatcher->dispatch(Object(Illuminate\\Routing\\Route), Object(App\\Http\\Controllers\\Auth\\RegisterController), 'register')
#25 /home/adminlsp/appdir/vendor/laravel/framework/src/Illuminate/Routing/Route.php(176): Illuminate\\Routing\\Route->runController()
#26 /home/adminlsp/appdir/vendor/laravel/framework/src/Illuminate/Routing/Router.php(680): Illuminate\\Routing\\Route->run()
#27 /home/adminlsp/appdir/vendor/laravel/framework/src/Illuminate/Routing/Pipeline.php(30): Illuminate\\Routing\\Router->Illuminate\\Routing\\{closure}(Object(Illuminate\\Http\\Request))
#28 /home/adminlsp/appdir/app/Http/Middleware/RedirectIfAuthenticated.php(24): Illuminate\\Routing\\Pipeline->Illuminate\\Routing\\{closure}(Object(Illuminate\\Http\\Request))
#29 /home/adminlsp/appdir/vendor/laravel/framework/src/Illuminate/Pipeline/Pipeline.php(163): App\\Http\\Middleware\\RedirectIfAuthenticated->handle(Object(Illuminate\\Http\\Request), Object(Closure))
#30 /home/adminlsp/appdir/vendor/laravel/framework/src/Illuminate/Routing/Pipeline.php(53): Illuminate\\Pipeline\\Pipeline->Illuminate\\Pipeline\\{closure}(Object(Illuminate\\Http\\Request))
#31 /home/adminlsp/appdir/vendor/laravel/framework/src/Illuminate/Routing/Middleware/SubstituteBindings.php(41): Illuminate\\Routing\\Pipeline->Illuminate\\Routing\\{closure}(Object(Illuminate\\Http\\Request))
#32 /home/adminlsp/appdir/vendor/laravel/framework/src/Illuminate/Pipeline/Pipeline.php(163): Illuminate\\Routing\\Middleware\\SubstituteBindings->handle(Object(Illuminate\\Http\\Request), Object(Closure))
#33 /home/adminlsp/appdir/vendor/laravel/framework/src/Illuminate/Routing/Pipeline.php(53): Illuminate\\Pipeline\\Pipeline->Illuminate\\Pipeline\\{closure}(Object(Illuminate\\Http\\Request))
#34 /home/adminlsp/appdir/vendor/laravel/framework/src/Illuminate/Foundation/Http/Middleware/VerifyCsrfToken.php(75): Illuminate\\Routing\\Pipeline->Illuminate\\Routing\\{closure}(Object(Illuminate\\Http\\Request))
#35 /home/adminlsp/appdir/vendor/laravel/framework/src/Illuminate/Pipeline/Pipeline.php(163): Illuminate\\Foundation\\Http\\Middleware\\VerifyCsrfToken->handle(Object(Illuminate\\Http\\Request), Object(Closure))
#36 /home/adminlsp/appdir/vendor/laravel/framework/src/Illuminate/Routing/Pipeline.php(53): Illuminate\\Pipeline\\Pipeline->Illuminate\\Pipeline\\{closure}(Object(Illuminate\\Http\\Request))
#37 /home/adminlsp/appdir/vendor/laravel/framework/src/Illuminate/Session/Middleware/AuthenticateSession.php(39): Illuminate\\Routing\\Pipeline->Illuminate\\Routing\\{closure}(Object(Illuminate\\Http\\Request))
#38 /home/adminlsp/appdir/vendor/laravel/framework/src/Illuminate/Pipeline/Pipeline.php(163): Illuminate\\Session\\Middleware\\AuthenticateSession->handle(Object(Illuminate\\Http\\Request), Object(Closure))
#39 /home/adminlsp/appdir/vendor/laravel/framework/src/Illuminate/Routing/Pipeline.php(53): Illuminate\\Pipeline\\Pipeline->Illuminate\\Pipeline\\{closure}(Object(Illuminate\\Http\\Request))
#40 /home/adminlsp/appdir/vendor/laravel/framework/src/Illuminate/View/Middleware/ShareErrorsFromSession.php(49): Illuminate\\Routing\\Pipeline->Illuminate\\Routing\\{closure}(Object(Illuminate\\Http\\Request))
#41 /home/adminlsp/appdir/vendor/laravel/framework/src/Illuminate/Pipeline/Pipeline.php(163): Illuminate\\View\\Middleware\\ShareErrorsFromSession->handle(Object(Illuminate\\Http\\Request), Object(Closure))
#42 /home/adminlsp/appdir/vendor/laravel/framework/src/Illuminate/Routing/Pipeline.php(53): Illuminate\\Pipeline\\Pipeline->Illuminate\\Pipeline\\{closure}(Object(Illuminate\\Http\\Request))
#43 /home/adminlsp/appdir/vendor/laravel/framework/src/Illuminate/Session/Middleware/StartSession.php(56): Illuminate\\Routing\\Pipeline->Illuminate\\Routing\\{closure}(Object(Illuminate\\Http\\Request))
#44 /home/adminlsp/appdir/vendor/laravel/framework/src/Illuminate/Pipeline/Pipeline.php(163): Illuminate\\Session\\Middleware\\StartSession->handle(Object(Illuminate\\Http\\Request), Object(Closure))
#45 /home/adminlsp/appdir/vendor/laravel/framework/src/Illuminate/Routing/Pipeline.php(53): Illuminate\\Pipeline\\Pipeline->Illuminate\\Pipeline\\{closure}(Object(Illuminate\\Http\\Request))
#46 /home/adminlsp/appdir/vendor/laravel/framework/src/Illuminate/Cookie/Middleware/AddQueuedCookiesToResponse.php(37): Illuminate\\Routing\\Pipeline->Illuminate\\Routing\\{closure}(Object(Illuminate\\Http\\Request))
#47 /home/adminlsp/appdir/vendor/laravel/framework/src/Illuminate/Pipeline/Pipeline.php(163): Illuminate\\Cookie\\Middleware\\AddQueuedCookiesToResponse->handle(Object(Illuminate\\Http\\Request), Object(Closure))
#48 /home/adminlsp/appdir/vendor/laravel/framework/src/Illuminate/Routing/Pipeline.php(53): Illuminate\\Pipeline\\Pipeline->Illuminate\\Pipeline\\{closure}(Object(Illuminate\\Http\\Request))
#49 /home/adminlsp/appdir/vendor/laravel/framework/src/Illuminate/Cookie/Middleware/EncryptCookies.php(66): Illuminate\\Routing\\Pipeline->Illuminate\\Routing\\{closure}(Object(Illuminate\\Http\\Request))
#50 /home/adminlsp/appdir/vendor/laravel/framework/src/Illuminate/Pipeline/Pipeline.php(163): Illuminate\\Cookie\\Middleware\\EncryptCookies->handle(Object(Illuminate\\Http\\Request), Object(Closure))
#51 /home/adminlsp/appdir/vendor/laravel/framework/src/Illuminate/Routing/Pipeline.php(53): Illuminate\\Pipeline\\Pipeline->Illuminate\\Pipeline\\{closure}(Object(Illuminate\\Http\\Request))
#52 /home/adminlsp/appdir/vendor/laravel/framework/src/Illuminate/Pipeline/Pipeline.php(104): Illuminate\\Routing\\Pipeline->Illuminate\\Routing\\{closure}(Object(Illuminate\\Http\\Request))
#53 /home/adminlsp/appdir/vendor/laravel/framework/src/Illuminate/Routing/Router.php(682): Illuminate\\Pipeline\\Pipeline->then(Object(Closure))
#54 /home/adminlsp/appdir/vendor/laravel/framework/src/Illuminate/Routing/Router.php(657): Illuminate\\Routing\\Router->runRouteWithinStack(Object(Illuminate\\Routing\\Route), Object(Illuminate\\Http\\Request))
#55 /home/adminlsp/appdir/vendor/laravel/framework/src/Illuminate/Routing/Router.php(623): Illuminate\\Routing\\Router->runRoute(Object(Illuminate\\Http\\Request), Object(Illuminate\\Routing\\Route))
#56 /home/adminlsp/appdir/vendor/laravel/framework/src/Illuminate/Routing/Router.php(612): Illuminate\\Routing\\Router->dispatchToRoute(Object(Illuminate\\Http\\Request))
#57 /home/adminlsp/appdir/vendor/laravel/framework/src/Illuminate/Foundation/Http/Kernel.php(176): Illuminate\\Routing\\Router->dispatch(Object(Illuminate\\Http\\Request))
#58 /home/adminlsp/appdir/vendor/laravel/framework/src/Illuminate/Routing/Pipeline.php(30): Illuminate\\Foundation\\Http\\Kernel->Illuminate\\Foundation\\Http\\{closure}(Object(Illuminate\\Http\\Request))
#59 /home/adminlsp/appdir/vendor/fideloper/proxy/src/TrustProxies.php(57): Illuminate\\Routing\\Pipeline->Illuminate\\Routing\\{closure}(Object(Illuminate\\Http\\Request))
#60 /home/adminlsp/appdir/vendor/laravel/framework/src/Illuminate/Pipeline/Pipeline.php(163): Fideloper\\Proxy\\TrustProxies->handle(Object(Illuminate\\Http\\Request), Object(Closure))
#61 /home/adminlsp/appdir/vendor/laravel/framework/src/Illuminate/Routing/Pipeline.php(53): Illuminate\\Pipeline\\Pipeline->Illuminate\\Pipeline\\{closure}(Object(Illuminate\\Http\\Request))
#62 /home/adminlsp/appdir/vendor/laravel/framework/src/Illuminate/Foundation/Http/Middleware/TransformsRequest.php(21): Illuminate\\Routing\\Pipeline->Illuminate\\Routing\\{closure}(Object(Illuminate\\Http\\Request))
#63 /home/adminlsp/appdir/vendor/laravel/framework/src/Illuminate/Pipeline/Pipeline.php(163): Illuminate\\Foundation\\Http\\Middleware\\TransformsRequest->handle(Object(Illuminate\\Http\\Request), Object(Closure))
#64 /home/adminlsp/appdir/vendor/laravel/framework/src/Illuminate/Routing/Pipeline.php(53): Illuminate\\Pipeline\\Pipeline->Illuminate\\Pipeline\\{closure}(Object(Illuminate\\Http\\Request))
#65 /home/adminlsp/appdir/vendor/laravel/framework/src/Illuminate/Foundation/Http/Middleware/TransformsRequest.php(21): Illuminate\\Routing\\Pipeline->Illuminate\\Routing\\{closure}(Object(Illuminate\\Http\\Request))
#66 /home/adminlsp/appdir/vendor/laravel/framework/src/Illuminate/Pipeline/Pipeline.php(163): Illuminate\\Foundation\\Http\\Middleware\\TransformsRequest->handle(Object(Illuminate\\Http\\Request), Object(Closure))
#67 /home/adminlsp/appdir/vendor/laravel/framework/src/Illuminate/Routing/Pipeline.php(53): Illuminate\\Pipeline\\Pipeline->Illuminate\\Pipeline\\{closure}(Object(Illuminate\\Http\\Request))
#68 /home/adminlsp/appdir/vendor/laravel/framework/src/Illuminate/Foundation/Http/Middleware/ValidatePostSize.php(27): Illuminate\\Routing\\Pipeline->Illuminate\\Routing\\{closure}(Object(Illuminate\\Http\\Request))
#69 /home/adminlsp/appdir/vendor/laravel/framework/src/Illuminate/Pipeline/Pipeline.php(163): Illuminate\\Foundation\\Http\\Middleware\\ValidatePostSize->handle(Object(Illuminate\\Http\\Request), Object(Closure))
#70 /home/adminlsp/appdir/vendor/laravel/framework/src/Illuminate/Routing/Pipeline.php(53): Illuminate\\Pipeline\\Pipeline->Illuminate\\Pipeline\\{closure}(Object(Illuminate\\Http\\Request))
#71 /home/adminlsp/appdir/vendor/laravel/framework/src/Illuminate/Foundation/Http/Middleware/CheckForMaintenanceMode.php(62): Illuminate\\Routing\\Pipeline->Illuminate\\Routing\\{closure}(Object(Illuminate\\Http\\Request))
#72 /home/adminlsp/appdir/vendor/laravel/framework/src/Illuminate/Pipeline/Pipeline.php(163): Illuminate\\Foundation\\Http\\Middleware\\CheckForMaintenanceMode->handle(Object(Illuminate\\Http\\Request), Object(Closure))
#73 /home/adminlsp/appdir/vendor/laravel/framework/src/Illuminate/Routing/Pipeline.php(53): Illuminate\\Pipeline\\Pipeline->Illuminate\\Pipeline\\{closure}(Object(Illuminate\\Http\\Request))
#74 /home/adminlsp/appdir/vendor/laravel/framework/src/Illuminate/Pipeline/Pipeline.php(104): Illuminate\\Routing\\Pipeline->Illuminate\\Routing\\{closure}(Object(Illuminate\\Http\\Request))
#75 /home/adminlsp/appdir/vendor/laravel/framework/src/Illuminate/Foundation/Http/Kernel.php(151): Illuminate\\Pipeline\\Pipeline->then(Object(Closure))
#76 /home/adminlsp/appdir/vendor/laravel/framework/src/Illuminate/Foundation/Http/Kernel.php(116): Illuminate\\Foundation\\Http\\Kernel->sendRequestThroughRouter(Object(Illuminate\\Http\\Request))
#77 /home/adminlsp/appdir/public/index.php(55): Illuminate\\Foundation\\Http\\Kernel->handle(Object(Illuminate\\Http\\Request))
#78 /home/adminlsp/appdir/server.php(21): require_once('/home/adminlsp/...')
#79 {main}
"} 
[2021-04-08 03:26:07] local.ERROR: Expected response code 354 but got code "550", with message "550 5.4.5 Daily user sending quota exceeded. i7sm21982452pgq.16 - gsmtp
" {"exception":"[object] (Swift_TransportException(code: 550): Expected response code 354 but got code \"550\", with message \"550 5.4.5 Daily user sending quota exceeded. i7sm21982452pgq.16 - gsmtp
\" at /home/adminlsp/appdir/vendor/swiftmailer/swiftmailer/lib/classes/Swift/Transport/AbstractSmtpTransport.php:457)
[stacktrace]
#0 /home/adminlsp/appdir/vendor/swiftmailer/swiftmailer/lib/classes/Swift/Transport/AbstractSmtpTransport.php(341): Swift_Transport_AbstractSmtpTransport->assertResponseCode('550 5.4.5 Daily...', Array)
#1 /home/adminlsp/appdir/vendor/swiftmailer/swiftmailer/lib/classes/Swift/Transport/EsmtpTransport.php(305): Swift_Transport_AbstractSmtpTransport->executeCommand('DATA\\
', Array, Array, false, NULL)
#2 /home/adminlsp/appdir/vendor/swiftmailer/swiftmailer/lib/classes/Swift/Transport/AbstractSmtpTransport.php(390): Swift_Transport_EsmtpTransport->executeCommand('DATA\\
', Array, Array)
#3 /home/adminlsp/appdir/vendor/swiftmailer/swiftmailer/lib/classes/Swift/Transport/AbstractSmtpTransport.php(497): Swift_Transport_AbstractSmtpTransport->doDataCommand(Array)
#4 /home/adminlsp/appdir/vendor/swiftmailer/swiftmailer/lib/classes/Swift/Transport/AbstractSmtpTransport.php(516): Swift_Transport_AbstractSmtpTransport->doMailTransaction(Object(Swift_Message), 'lsp@polije.ac.i...', Array, Array)
#5 /home/adminlsp/appdir/vendor/swiftmailer/swiftmailer/lib/classes/Swift/Transport/AbstractSmtpTransport.php(206): Swift_Transport_AbstractSmtpTransport->sendTo(Object(Swift_Message), 'lsp@polije.ac.i...', Array, Array)
#6 /home/adminlsp/appdir/vendor/swiftmailer/swiftmailer/lib/classes/Swift/Mailer.php(71): Swift_Transport_AbstractSmtpTransport->send(Object(Swift_Message), Array)
#7 /home/adminlsp/appdir/vendor/laravel/framework/src/Illuminate/Mail/Mailer.php(484): Swift_Mailer->send(Object(Swift_Message), Array)
#8 /home/adminlsp/appdir/vendor/laravel/framework/src/Illuminate/Mail/Mailer.php(259): Illuminate\\Mail\\Mailer->sendSwiftMessage(Object(Swift_Message))
#9 /home/adminlsp/appdir/vendor/laravel/framework/src/Illuminate/Mail/Mailable.php(159): Illuminate\\Mail\\Mailer->send('auth.mail', Array, Object(Closure))
#10 /home/adminlsp/appdir/vendor/laravel/framework/src/Illuminate/Support/Traits/Localizable.php(19): Illuminate\\Mail\\Mailable->Illuminate\\Mail\\{closure}()
#11 /home/adminlsp/appdir/vendor/laravel/framework/src/Illuminate/Mail/Mailable.php(160): Illuminate\\Mail\\Mailable->withLocale(NULL, Object(Closure))
#12 /home/adminlsp/appdir/vendor/laravel/framework/src/Illuminate/Mail/Mailer.php(275): Illuminate\\Mail\\Mailable->send(Object(Illuminate\\Mail\\Mailer))
#13 /home/adminlsp/appdir/vendor/laravel/framework/src/Illuminate/Mail/Mailer.php(229): Illuminate\\Mail\\Mailer->sendMailable(Object(App\\Mail\\RegisterMail))
#14 /home/adminlsp/appdir/vendor/laravel/framework/src/Illuminate/Mail/PendingMail.php(127): Illuminate\\Mail\\Mailer->send(Object(App\\Mail\\RegisterMail))
#15 /home/adminlsp/appdir/app/Listeners/RegisteredListener.php(30): Illuminate\\Mail\\PendingMail->send(Object(App\\Mail\\RegisterMail))
#16 [internal function]: App\\Listeners\\RegisteredListener->handle(Object(Illuminate\\Auth\\Events\\Registered))
#17 /home/adminlsp/appdir/vendor/laravel/framework/src/Illuminate/Events/Dispatcher.php(366): call_user_func_array(Array, Array)
#18 /home/adminlsp/appdir/vendor/laravel/framework/src/Illuminate/Events/Dispatcher.php(196): Illuminate\\Events\\Dispatcher->Illuminate\\Events\\{closure}('Illuminate\\\\Auth...', Array)
#19 /home/adminlsp/appdir/vendor/laravel/framework/src/Illuminate/Foundation/helpers.php(482): Illuminate\\Events\\Dispatcher->dispatch('Illuminate\\\\Auth...')
#20 /home/adminlsp/appdir/vendor/laravel/framework/src/Illuminate/Foundation/Auth/RegistersUsers.php(34): event(Object(Illuminate\\Auth\\Events\\Registered))
#21 [internal function]: App\\Http\\Controllers\\Auth\\RegisterController->register(Object(Illuminate\\Http\\Request))
#22 /home/adminlsp/appdir/vendor/laravel/framework/src/Illuminate/Routing/Controller.php(54): call_user_func_array(Array, Array)
#23 /home/adminlsp/appdir/vendor/laravel/framework/src/Illuminate/Routing/ControllerDispatcher.php(45): Illuminate\\Routing\\Controller->callAction('register', Array)
#24 /home/adminlsp/appdir/vendor/laravel/framework/src/Illuminate/Routing/Route.php(219): Illuminate\\Routing\\ControllerDispatcher->dispatch(Object(Illuminate\\Routing\\Route), Object(App\\Http\\Controllers\\Auth\\RegisterController), 'register')
#25 /home/adminlsp/appdir/vendor/laravel/framework/src/Illuminate/Routing/Route.php(176): Illuminate\\Routing\\Route->runController()
#26 /home/adminlsp/appdir/vendor/laravel/framework/src/Illuminate/Routing/Router.php(680): Illuminate\\Routing\\Route->run()
#27 /home/adminlsp/appdir/vendor/laravel/framework/src/Illuminate/Routing/Pipeline.php(30): Illuminate\\Routing\\Router->Illuminate\\Routing\\{closure}(Object(Illuminate\\Http\\Request))
#28 /home/adminlsp/appdir/app/Http/Middleware/RedirectIfAuthenticated.php(24): Illuminate\\Routing\\Pipeline->Illuminate\\Routing\\{closure}(Object(Illuminate\\Http\\Request))
#29 /home/adminlsp/appdir/vendor/laravel/framework/src/Illuminate/Pipeline/Pipeline.php(163): App\\Http\\Middleware\\RedirectIfAuthenticated->handle(Object(Illuminate\\Http\\Request), Object(Closure))
#30 /home/adminlsp/appdir/vendor/laravel/framework/src/Illuminate/Routing/Pipeline.php(53): Illuminate\\Pipeline\\Pipeline->Illuminate\\Pipeline\\{closure}(Object(Illuminate\\Http\\Request))
#31 /home/adminlsp/appdir/vendor/laravel/framework/src/Illuminate/Routing/Middleware/SubstituteBindings.php(41): Illuminate\\Routing\\Pipeline->Illuminate\\Routing\\{closure}(Object(Illuminate\\Http\\Request))
#32 /home/adminlsp/appdir/vendor/laravel/framework/src/Illuminate/Pipeline/Pipeline.php(163): Illuminate\\Routing\\Middleware\\SubstituteBindings->handle(Object(Illuminate\\Http\\Request), Object(Closure))
#33 /home/adminlsp/appdir/vendor/laravel/framework/src/Illuminate/Routing/Pipeline.php(53): Illuminate\\Pipeline\\Pipeline->Illuminate\\Pipeline\\{closure}(Object(Illuminate\\Http\\Request))
#34 /home/adminlsp/appdir/vendor/laravel/framework/src/Illuminate/Foundation/Http/Middleware/VerifyCsrfToken.php(75): Illuminate\\Routing\\Pipeline->Illuminate\\Routing\\{closure}(Object(Illuminate\\Http\\Request))
#35 /home/adminlsp/appdir/vendor/laravel/framework/src/Illuminate/Pipeline/Pipeline.php(163): Illuminate\\Foundation\\Http\\Middleware\\VerifyCsrfToken->handle(Object(Illuminate\\Http\\Request), Object(Closure))
#36 /home/adminlsp/appdir/vendor/laravel/framework/src/Illuminate/Routing/Pipeline.php(53): Illuminate\\Pipeline\\Pipeline->Illuminate\\Pipeline\\{closure}(Object(Illuminate\\Http\\Request))
#37 /home/adminlsp/appdir/vendor/laravel/framework/src/Illuminate/Session/Middleware/AuthenticateSession.php(39): Illuminate\\Routing\\Pipeline->Illuminate\\Routing\\{closure}(Object(Illuminate\\Http\\Request))
#38 /home/adminlsp/appdir/vendor/laravel/framework/src/Illuminate/Pipeline/Pipeline.php(163): Illuminate\\Session\\Middleware\\AuthenticateSession->handle(Object(Illuminate\\Http\\Request), Object(Closure))
#39 /home/adminlsp/appdir/vendor/laravel/framework/src/Illuminate/Routing/Pipeline.php(53): Illuminate\\Pipeline\\Pipeline->Illuminate\\Pipeline\\{closure}(Object(Illuminate\\Http\\Request))
#40 /home/adminlsp/appdir/vendor/laravel/framework/src/Illuminate/View/Middleware/ShareErrorsFromSession.php(49): Illuminate\\Routing\\Pipeline->Illuminate\\Routing\\{closure}(Object(Illuminate\\Http\\Request))
#41 /home/adminlsp/appdir/vendor/laravel/framework/src/Illuminate/Pipeline/Pipeline.php(163): Illuminate\\View\\Middleware\\ShareErrorsFromSession->handle(Object(Illuminate\\Http\\Request), Object(Closure))
#42 /home/adminlsp/appdir/vendor/laravel/framework/src/Illuminate/Routing/Pipeline.php(53): Illuminate\\Pipeline\\Pipeline->Illuminate\\Pipeline\\{closure}(Object(Illuminate\\Http\\Request))
#43 /home/adminlsp/appdir/vendor/laravel/framework/src/Illuminate/Session/Middleware/StartSession.php(56): Illuminate\\Routing\\Pipeline->Illuminate\\Routing\\{closure}(Object(Illuminate\\Http\\Request))
#44 /home/adminlsp/appdir/vendor/laravel/framework/src/Illuminate/Pipeline/Pipeline.php(163): Illuminate\\Session\\Middleware\\StartSession->handle(Object(Illuminate\\Http\\Request), Object(Closure))
#45 /home/adminlsp/appdir/vendor/laravel/framework/src/Illuminate/Routing/Pipeline.php(53): Illuminate\\Pipeline\\Pipeline->Illuminate\\Pipeline\\{closure}(Object(Illuminate\\Http\\Request))
#46 /home/adminlsp/appdir/vendor/laravel/framework/src/Illuminate/Cookie/Middleware/AddQueuedCookiesToResponse.php(37): Illuminate\\Routing\\Pipeline->Illuminate\\Routing\\{closure}(Object(Illuminate\\Http\\Request))
#47 /home/adminlsp/appdir/vendor/laravel/framework/src/Illuminate/Pipeline/Pipeline.php(163): Illuminate\\Cookie\\Middleware\\AddQueuedCookiesToResponse->handle(Object(Illuminate\\Http\\Request), Object(Closure))
#48 /home/adminlsp/appdir/vendor/laravel/framework/src/Illuminate/Routing/Pipeline.php(53): Illuminate\\Pipeline\\Pipeline->Illuminate\\Pipeline\\{closure}(Object(Illuminate\\Http\\Request))
#49 /home/adminlsp/appdir/vendor/laravel/framework/src/Illuminate/Cookie/Middleware/EncryptCookies.php(66): Illuminate\\Routing\\Pipeline->Illuminate\\Routing\\{closure}(Object(Illuminate\\Http\\Request))
#50 /home/adminlsp/appdir/vendor/laravel/framework/src/Illuminate/Pipeline/Pipeline.php(163): Illuminate\\Cookie\\Middleware\\EncryptCookies->handle(Object(Illuminate\\Http\\Request), Object(Closure))
#51 /home/adminlsp/appdir/vendor/laravel/framework/src/Illuminate/Routing/Pipeline.php(53): Illuminate\\Pipeline\\Pipeline->Illuminate\\Pipeline\\{closure}(Object(Illuminate\\Http\\Request))
#52 /home/adminlsp/appdir/vendor/laravel/framework/src/Illuminate/Pipeline/Pipeline.php(104): Illuminate\\Routing\\Pipeline->Illuminate\\Routing\\{closure}(Object(Illuminate\\Http\\Request))
#53 /home/adminlsp/appdir/vendor/laravel/framework/src/Illuminate/Routing/Router.php(682): Illuminate\\Pipeline\\Pipeline->then(Object(Closure))
#54 /home/adminlsp/appdir/vendor/laravel/framework/src/Illuminate/Routing/Router.php(657): Illuminate\\Routing\\Router->runRouteWithinStack(Object(Illuminate\\Routing\\Route), Object(Illuminate\\Http\\Request))
#55 /home/adminlsp/appdir/vendor/laravel/framework/src/Illuminate/Routing/Router.php(623): Illuminate\\Routing\\Router->runRoute(Object(Illuminate\\Http\\Request), Object(Illuminate\\Routing\\Route))
#56 /home/adminlsp/appdir/vendor/laravel/framework/src/Illuminate/Routing/Router.php(612): Illuminate\\Routing\\Router->dispatchToRoute(Object(Illuminate\\Http\\Request))
#57 /home/adminlsp/appdir/vendor/laravel/framework/src/Illuminate/Foundation/Http/Kernel.php(176): Illuminate\\Routing\\Router->dispatch(Object(Illuminate\\Http\\Request))
#58 /home/adminlsp/appdir/vendor/laravel/framework/src/Illuminate/Routing/Pipeline.php(30): Illuminate\\Foundation\\Http\\Kernel->Illuminate\\Foundation\\Http\\{closure}(Object(Illuminate\\Http\\Request))
#59 /home/adminlsp/appdir/vendor/fideloper/proxy/src/TrustProxies.php(57): Illuminate\\Routing\\Pipeline->Illuminate\\Routing\\{closure}(Object(Illuminate\\Http\\Request))
#60 /home/adminlsp/appdir/vendor/laravel/framework/src/Illuminate/Pipeline/Pipeline.php(163): Fideloper\\Proxy\\TrustProxies->handle(Object(Illuminate\\Http\\Request), Object(Closure))
#61 /home/adminlsp/appdir/vendor/laravel/framework/src/Illuminate/Routing/Pipeline.php(53): Illuminate\\Pipeline\\Pipeline->Illuminate\\Pipeline\\{closure}(Object(Illuminate\\Http\\Request))
#62 /home/adminlsp/appdir/vendor/laravel/framework/src/Illuminate/Foundation/Http/Middleware/TransformsRequest.php(21): Illuminate\\Routing\\Pipeline->Illuminate\\Routing\\{closure}(Object(Illuminate\\Http\\Request))
#63 /home/adminlsp/appdir/vendor/laravel/framework/src/Illuminate/Pipeline/Pipeline.php(163): Illuminate\\Foundation\\Http\\Middleware\\TransformsRequest->handle(Object(Illuminate\\Http\\Request), Object(Closure))
#64 /home/adminlsp/appdir/vendor/laravel/framework/src/Illuminate/Routing/Pipeline.php(53): Illuminate\\Pipeline\\Pipeline->Illuminate\\Pipeline\\{closure}(Object(Illuminate\\Http\\Request))
#65 /home/adminlsp/appdir/vendor/laravel/framework/src/Illuminate/Foundation/Http/Middleware/TransformsRequest.php(21): Illuminate\\Routing\\Pipeline->Illuminate\\Routing\\{closure}(Object(Illuminate\\Http\\Request))
#66 /home/adminlsp/appdir/vendor/laravel/framework/src/Illuminate/Pipeline/Pipeline.php(163): Illuminate\\Foundation\\Http\\Middleware\\TransformsRequest->handle(Object(Illuminate\\Http\\Request), Object(Closure))
#67 /home/adminlsp/appdir/vendor/laravel/framework/src/Illuminate/Routing/Pipeline.php(53): Illuminate\\Pipeline\\Pipeline->Illuminate\\Pipeline\\{closure}(Object(Illuminate\\Http\\Request))
#68 /home/adminlsp/appdir/vendor/laravel/framework/src/Illuminate/Foundation/Http/Middleware/ValidatePostSize.php(27): Illuminate\\Routing\\Pipeline->Illuminate\\Routing\\{closure}(Object(Illuminate\\Http\\Request))
#69 /home/adminlsp/appdir/vendor/laravel/framework/src/Illuminate/Pipeline/Pipeline.php(163): Illuminate\\Foundation\\Http\\Middleware\\ValidatePostSize->handle(Object(Illuminate\\Http\\Request), Object(Closure))
#70 /home/adminlsp/appdir/vendor/laravel/framework/src/Illuminate/Routing/Pipeline.php(53): Illuminate\\Pipeline\\Pipeline->Illuminate\\Pipeline\\{closure}(Object(Illuminate\\Http\\Request))
#71 /home/adminlsp/appdir/vendor/laravel/framework/src/Illuminate/Foundation/Http/Middleware/CheckForMaintenanceMode.php(62): Illuminate\\Routing\\Pipeline->Illuminate\\Routing\\{closure}(Object(Illuminate\\Http\\Request))
#72 /home/adminlsp/appdir/vendor/laravel/framework/src/Illuminate/Pipeline/Pipeline.php(163): Illuminate\\Foundation\\Http\\Middleware\\CheckForMaintenanceMode->handle(Object(Illuminate\\Http\\Request), Object(Closure))
#73 /home/adminlsp/appdir/vendor/laravel/framework/src/Illuminate/Routing/Pipeline.php(53): Illuminate\\Pipeline\\Pipeline->Illuminate\\Pipeline\\{closure}(Object(Illuminate\\Http\\Request))
#74 /home/adminlsp/appdir/vendor/laravel/framework/src/Illuminate/Pipeline/Pipeline.php(104): Illuminate\\Routing\\Pipeline->Illuminate\\Routing\\{closure}(Object(Illuminate\\Http\\Request))
#75 /home/adminlsp/appdir/vendor/laravel/framework/src/Illuminate/Foundation/Http/Kernel.php(151): Illuminate\\Pipeline\\Pipeline->then(Object(Closure))
#76 /home/adminlsp/appdir/vendor/laravel/framework/src/Illuminate/Foundation/Http/Kernel.php(116): Illuminate\\Foundation\\Http\\Kernel->sendRequestThroughRouter(Object(Illuminate\\Http\\Request))
#77 /home/adminlsp/appdir/public/index.php(55): Illuminate\\Foundation\\Http\\Kernel->handle(Object(Illuminate\\Http\\Request))
#78 /home/adminlsp/appdir/server.php(21): require_once('/home/adminlsp/...')
#79 {main}
"} 
[2021-04-08 06:42:09] local.ERROR: Expected response code 354 but got code "550", with message "550 5.4.5 Daily user sending quota exceeded. mg22sm1465589pjb.6 - gsmtp
" {"exception":"[object] (Swift_TransportException(code: 550): Expected response code 354 but got code \"550\", with message \"550 5.4.5 Daily user sending quota exceeded. mg22sm1465589pjb.6 - gsmtp
\" at /home/adminlsp/appdir/vendor/swiftmailer/swiftmailer/lib/classes/Swift/Transport/AbstractSmtpTransport.php:457)
[stacktrace]
#0 /home/adminlsp/appdir/vendor/swiftmailer/swiftmailer/lib/classes/Swift/Transport/AbstractSmtpTransport.php(341): Swift_Transport_AbstractSmtpTransport->assertResponseCode('550 5.4.5 Daily...', Array)
#1 /home/adminlsp/appdir/vendor/swiftmailer/swiftmailer/lib/classes/Swift/Transport/EsmtpTransport.php(305): Swift_Transport_AbstractSmtpTransport->executeCommand('DATA\\
', Array, Array, false, NULL)
#2 /home/adminlsp/appdir/vendor/swiftmailer/swiftmailer/lib/classes/Swift/Transport/AbstractSmtpTransport.php(390): Swift_Transport_EsmtpTransport->executeCommand('DATA\\
', Array, Array)
#3 /home/adminlsp/appdir/vendor/swiftmailer/swiftmailer/lib/classes/Swift/Transport/AbstractSmtpTransport.php(497): Swift_Transport_AbstractSmtpTransport->doDataCommand(Array)
#4 /home/adminlsp/appdir/vendor/swiftmailer/swiftmailer/lib/classes/Swift/Transport/AbstractSmtpTransport.php(516): Swift_Transport_AbstractSmtpTransport->doMailTransaction(Object(Swift_Message), 'lsp@polije.ac.i...', Array, Array)
#5 /home/adminlsp/appdir/vendor/swiftmailer/swiftmailer/lib/classes/Swift/Transport/AbstractSmtpTransport.php(206): Swift_Transport_AbstractSmtpTransport->sendTo(Object(Swift_Message), 'lsp@polije.ac.i...', Array, Array)
#6 /home/adminlsp/appdir/vendor/swiftmailer/swiftmailer/lib/classes/Swift/Mailer.php(71): Swift_Transport_AbstractSmtpTransport->send(Object(Swift_Message), Array)
#7 /home/adminlsp/appdir/vendor/laravel/framework/src/Illuminate/Mail/Mailer.php(484): Swift_Mailer->send(Object(Swift_Message), Array)
#8 /home/adminlsp/appdir/vendor/laravel/framework/src/Illuminate/Mail/Mailer.php(259): Illuminate\\Mail\\Mailer->sendSwiftMessage(Object(Swift_Message))
#9 /home/adminlsp/appdir/vendor/laravel/framework/src/Illuminate/Mail/Mailable.php(159): Illuminate\\Mail\\Mailer->send('auth.mail', Array, Object(Closure))
#10 /home/adminlsp/appdir/vendor/laravel/framework/src/Illuminate/Support/Traits/Localizable.php(19): Illuminate\\Mail\\Mailable->Illuminate\\Mail\\{closure}()
#11 /home/adminlsp/appdir/vendor/laravel/framework/src/Illuminate/Mail/Mailable.php(160): Illuminate\\Mail\\Mailable->withLocale(NULL, Object(Closure))
#12 /home/adminlsp/appdir/vendor/laravel/framework/src/Illuminate/Mail/Mailer.php(275): Illuminate\\Mail\\Mailable->send(Object(Illuminate\\Mail\\Mailer))
#13 /home/adminlsp/appdir/vendor/laravel/framework/src/Illuminate/Mail/Mailer.php(229): Illuminate\\Mail\\Mailer->sendMailable(Object(App\\Mail\\RegisterMail))
#14 /home/adminlsp/appdir/vendor/laravel/framework/src/Illuminate/Mail/PendingMail.php(127): Illuminate\\Mail\\Mailer->send(Object(App\\Mail\\RegisterMail))
#15 /home/adminlsp/appdir/app/Listeners/RegisteredListener.php(30): Illuminate\\Mail\\PendingMail->send(Object(App\\Mail\\RegisterMail))
#16 [internal function]: App\\Listeners\\RegisteredListener->handle(Object(Illuminate\\Auth\\Events\\Registered))
#17 /home/adminlsp/appdir/vendor/laravel/framework/src/Illuminate/Events/Dispatcher.php(366): call_user_func_array(Array, Array)
#18 /home/adminlsp/appdir/vendor/laravel/framework/src/Illuminate/Events/Dispatcher.php(196): Illuminate\\Events\\Dispatcher->Illuminate\\Events\\{closure}('Illuminate\\\\Auth...', Array)
#19 /home/adminlsp/appdir/vendor/laravel/framework/src/Illuminate/Foundation/helpers.php(482): Illuminate\\Events\\Dispatcher->dispatch('Illuminate\\\\Auth...')
#20 /home/adminlsp/appdir/vendor/laravel/framework/src/Illuminate/Foundation/Auth/RegistersUsers.php(34): event(Object(Illuminate\\Auth\\Events\\Registered))
#21 [internal function]: App\\Http\\Controllers\\Auth\\RegisterController->register(Object(Illuminate\\Http\\Request))
#22 /home/adminlsp/appdir/vendor/laravel/framework/src/Illuminate/Routing/Controller.php(54): call_user_func_array(Array, Array)
#23 /home/adminlsp/appdir/vendor/laravel/framework/src/Illuminate/Routing/ControllerDispatcher.php(45): Illuminate\\Routing\\Controller->callAction('register', Array)
#24 /home/adminlsp/appdir/vendor/laravel/framework/src/Illuminate/Routing/Route.php(219): Illuminate\\Routing\\ControllerDispatcher->dispatch(Object(Illuminate\\Routing\\Route), Object(App\\Http\\Controllers\\Auth\\RegisterController), 'register')
#25 /home/adminlsp/appdir/vendor/laravel/framework/src/Illuminate/Routing/Route.php(176): Illuminate\\Routing\\Route->runController()
#26 /home/adminlsp/appdir/vendor/laravel/framework/src/Illuminate/Routing/Router.php(680): Illuminate\\Routing\\Route->run()
#27 /home/adminlsp/appdir/vendor/laravel/framework/src/Illuminate/Routing/Pipeline.php(30): Illuminate\\Routing\\Router->Illuminate\\Routing\\{closure}(Object(Illuminate\\Http\\Request))
#28 /home/adminlsp/appdir/app/Http/Middleware/RedirectIfAuthenticated.php(24): Illuminate\\Routing\\Pipeline->Illuminate\\Routing\\{closure}(Object(Illuminate\\Http\\Request))
#29 /home/adminlsp/appdir/vendor/laravel/framework/src/Illuminate/Pipeline/Pipeline.php(163): App\\Http\\Middleware\\RedirectIfAuthenticated->handle(Object(Illuminate\\Http\\Request), Object(Closure))
#30 /home/adminlsp/appdir/vendor/laravel/framework/src/Illuminate/Routing/Pipeline.php(53): Illuminate\\Pipeline\\Pipeline->Illuminate\\Pipeline\\{closure}(Object(Illuminate\\Http\\Request))
#31 /home/adminlsp/appdir/vendor/laravel/framework/src/Illuminate/Routing/Middleware/SubstituteBindings.php(41): Illuminate\\Routing\\Pipeline->Illuminate\\Routing\\{closure}(Object(Illuminate\\Http\\Request))
#32 /home/adminlsp/appdir/vendor/laravel/framework/src/Illuminate/Pipeline/Pipeline.php(163): Illuminate\\Routing\\Middleware\\SubstituteBindings->handle(Object(Illuminate\\Http\\Request), Object(Closure))
#33 /home/adminlsp/appdir/vendor/laravel/framework/src/Illuminate/Routing/Pipeline.php(53): Illuminate\\Pipeline\\Pipeline->Illuminate\\Pipeline\\{closure}(Object(Illuminate\\Http\\Request))
#34 /home/adminlsp/appdir/vendor/laravel/framework/src/Illuminate/Foundation/Http/Middleware/VerifyCsrfToken.php(75): Illuminate\\Routing\\Pipeline->Illuminate\\Routing\\{closure}(Object(Illuminate\\Http\\Request))
#35 /home/adminlsp/appdir/vendor/laravel/framework/src/Illuminate/Pipeline/Pipeline.php(163): Illuminate\\Foundation\\Http\\Middleware\\VerifyCsrfToken->handle(Object(Illuminate\\Http\\Request), Object(Closure))
#36 /home/adminlsp/appdir/vendor/laravel/framework/src/Illuminate/Routing/Pipeline.php(53): Illuminate\\Pipeline\\Pipeline->Illuminate\\Pipeline\\{closure}(Object(Illuminate\\Http\\Request))
#37 /home/adminlsp/appdir/vendor/laravel/framework/src/Illuminate/Session/Middleware/AuthenticateSession.php(39): Illuminate\\Routing\\Pipeline->Illuminate\\Routing\\{closure}(Object(Illuminate\\Http\\Request))
#38 /home/adminlsp/appdir/vendor/laravel/framework/src/Illuminate/Pipeline/Pipeline.php(163): Illuminate\\Session\\Middleware\\AuthenticateSession->handle(Object(Illuminate\\Http\\Request), Object(Closure))
#39 /home/adminlsp/appdir/vendor/laravel/framework/src/Illuminate/Routing/Pipeline.php(53): Illuminate\\Pipeline\\Pipeline->Illuminate\\Pipeline\\{closure}(Object(Illuminate\\Http\\Request))
#40 /home/adminlsp/appdir/vendor/laravel/framework/src/Illuminate/View/Middleware/ShareErrorsFromSession.php(49): Illuminate\\Routing\\Pipeline->Illuminate\\Routing\\{closure}(Object(Illuminate\\Http\\Request))
#41 /home/adminlsp/appdir/vendor/laravel/framework/src/Illuminate/Pipeline/Pipeline.php(163): Illuminate\\View\\Middleware\\ShareErrorsFromSession->handle(Object(Illuminate\\Http\\Request), Object(Closure))
#42 /home/adminlsp/appdir/vendor/laravel/framework/src/Illuminate/Routing/Pipeline.php(53): Illuminate\\Pipeline\\Pipeline->Illuminate\\Pipeline\\{closure}(Object(Illuminate\\Http\\Request))
#43 /home/adminlsp/appdir/vendor/laravel/framework/src/Illuminate/Session/Middleware/StartSession.php(56): Illuminate\\Routing\\Pipeline->Illuminate\\Routing\\{closure}(Object(Illuminate\\Http\\Request))
#44 /home/adminlsp/appdir/vendor/laravel/framework/src/Illuminate/Pipeline/Pipeline.php(163): Illuminate\\Session\\Middleware\\StartSession->handle(Object(Illuminate\\Http\\Request), Object(Closure))
#45 /home/adminlsp/appdir/vendor/laravel/framework/src/Illuminate/Routing/Pipeline.php(53): Illuminate\\Pipeline\\Pipeline->Illuminate\\Pipeline\\{closure}(Object(Illuminate\\Http\\Request))
#46 /home/adminlsp/appdir/vendor/laravel/framework/src/Illuminate/Cookie/Middleware/AddQueuedCookiesToResponse.php(37): Illuminate\\Routing\\Pipeline->Illuminate\\Routing\\{closure}(Object(Illuminate\\Http\\Request))
#47 /home/adminlsp/appdir/vendor/laravel/framework/src/Illuminate/Pipeline/Pipeline.php(163): Illuminate\\Cookie\\Middleware\\AddQueuedCookiesToResponse->handle(Object(Illuminate\\Http\\Request), Object(Closure))
#48 /home/adminlsp/appdir/vendor/laravel/framework/src/Illuminate/Routing/Pipeline.php(53): Illuminate\\Pipeline\\Pipeline->Illuminate\\Pipeline\\{closure}(Object(Illuminate\\Http\\Request))
#49 /home/adminlsp/appdir/vendor/laravel/framework/src/Illuminate/Cookie/Middleware/EncryptCookies.php(66): Illuminate\\Routing\\Pipeline->Illuminate\\Routing\\{closure}(Object(Illuminate\\Http\\Request))
#50 /home/adminlsp/appdir/vendor/laravel/framework/src/Illuminate/Pipeline/Pipeline.php(163): Illuminate\\Cookie\\Middleware\\EncryptCookies->handle(Object(Illuminate\\Http\\Request), Object(Closure))
#51 /home/adminlsp/appdir/vendor/laravel/framework/src/Illuminate/Routing/Pipeline.php(53): Illuminate\\Pipeline\\Pipeline->Illuminate\\Pipeline\\{closure}(Object(Illuminate\\Http\\Request))
#52 /home/adminlsp/appdir/vendor/laravel/framework/src/Illuminate/Pipeline/Pipeline.php(104): Illuminate\\Routing\\Pipeline->Illuminate\\Routing\\{closure}(Object(Illuminate\\Http\\Request))
#53 /home/adminlsp/appdir/vendor/laravel/framework/src/Illuminate/Routing/Router.php(682): Illuminate\\Pipeline\\Pipeline->then(Object(Closure))
#54 /home/adminlsp/appdir/vendor/laravel/framework/src/Illuminate/Routing/Router.php(657): Illuminate\\Routing\\Router->runRouteWithinStack(Object(Illuminate\\Routing\\Route), Object(Illuminate\\Http\\Request))
#55 /home/adminlsp/appdir/vendor/laravel/framework/src/Illuminate/Routing/Router.php(623): Illuminate\\Routing\\Router->runRoute(Object(Illuminate\\Http\\Request), Object(Illuminate\\Routing\\Route))
#56 /home/adminlsp/appdir/vendor/laravel/framework/src/Illuminate/Routing/Router.php(612): Illuminate\\Routing\\Router->dispatchToRoute(Object(Illuminate\\Http\\Request))
#57 /home/adminlsp/appdir/vendor/laravel/framework/src/Illuminate/Foundation/Http/Kernel.php(176): Illuminate\\Routing\\Router->dispatch(Object(Illuminate\\Http\\Request))
#58 /home/adminlsp/appdir/vendor/laravel/framework/src/Illuminate/Routing/Pipeline.php(30): Illuminate\\Foundation\\Http\\Kernel->Illuminate\\Foundation\\Http\\{closure}(Object(Illuminate\\Http\\Request))
#59 /home/adminlsp/appdir/vendor/fideloper/proxy/src/TrustProxies.php(57): Illuminate\\Routing\\Pipeline->Illuminate\\Routing\\{closure}(Object(Illuminate\\Http\\Request))
#60 /home/adminlsp/appdir/vendor/laravel/framework/src/Illuminate/Pipeline/Pipeline.php(163): Fideloper\\Proxy\\TrustProxies->handle(Object(Illuminate\\Http\\Request), Object(Closure))
#61 /home/adminlsp/appdir/vendor/laravel/framework/src/Illuminate/Routing/Pipeline.php(53): Illuminate\\Pipeline\\Pipeline->Illuminate\\Pipeline\\{closure}(Object(Illuminate\\Http\\Request))
#62 /home/adminlsp/appdir/vendor/laravel/framework/src/Illuminate/Foundation/Http/Middleware/TransformsRequest.php(21): Illuminate\\Routing\\Pipeline->Illuminate\\Routing\\{closure}(Object(Illuminate\\Http\\Request))
#63 /home/adminlsp/appdir/vendor/laravel/framework/src/Illuminate/Pipeline/Pipeline.php(163): Illuminate\\Foundation\\Http\\Middleware\\TransformsRequest->handle(Object(Illuminate\\Http\\Request), Object(Closure))
#64 /home/adminlsp/appdir/vendor/laravel/framework/src/Illuminate/Routing/Pipeline.php(53): Illuminate\\Pipeline\\Pipeline->Illuminate\\Pipeline\\{closure}(Object(Illuminate\\Http\\Request))
#65 /home/adminlsp/appdir/vendor/laravel/framework/src/Illuminate/Foundation/Http/Middleware/TransformsRequest.php(21): Illuminate\\Routing\\Pipeline->Illuminate\\Routing\\{closure}(Object(Illuminate\\Http\\Request))
#66 /home/adminlsp/appdir/vendor/laravel/framework/src/Illuminate/Pipeline/Pipeline.php(163): Illuminate\\Foundation\\Http\\Middleware\\TransformsRequest->handle(Object(Illuminate\\Http\\Request), Object(Closure))
#67 /home/adminlsp/appdir/vendor/laravel/framework/src/Illuminate/Routing/Pipeline.php(53): Illuminate\\Pipeline\\Pipeline->Illuminate\\Pipeline\\{closure}(Object(Illuminate\\Http\\Request))
#68 /home/adminlsp/appdir/vendor/laravel/framework/src/Illuminate/Foundation/Http/Middleware/ValidatePostSize.php(27): Illuminate\\Routing\\Pipeline->Illuminate\\Routing\\{closure}(Object(Illuminate\\Http\\Request))
#69 /home/adminlsp/appdir/vendor/laravel/framework/src/Illuminate/Pipeline/Pipeline.php(163): Illuminate\\Foundation\\Http\\Middleware\\ValidatePostSize->handle(Object(Illuminate\\Http\\Request), Object(Closure))
#70 /home/adminlsp/appdir/vendor/laravel/framework/src/Illuminate/Routing/Pipeline.php(53): Illuminate\\Pipeline\\Pipeline->Illuminate\\Pipeline\\{closure}(Object(Illuminate\\Http\\Request))
#71 /home/adminlsp/appdir/vendor/laravel/framework/src/Illuminate/Foundation/Http/Middleware/CheckForMaintenanceMode.php(62): Illuminate\\Routing\\Pipeline->Illuminate\\Routing\\{closure}(Object(Illuminate\\Http\\Request))
#72 /home/adminlsp/appdir/vendor/laravel/framework/src/Illuminate/Pipeline/Pipeline.php(163): Illuminate\\Foundation\\Http\\Middleware\\CheckForMaintenanceMode->handle(Object(Illuminate\\Http\\Request), Object(Closure))
#73 /home/adminlsp/appdir/vendor/laravel/framework/src/Illuminate/Routing/Pipeline.php(53): Illuminate\\Pipeline\\Pipeline->Illuminate\\Pipeline\\{closure}(Object(Illuminate\\Http\\Request))
#74 /home/adminlsp/appdir/vendor/laravel/framework/src/Illuminate/Pipeline/Pipeline.php(104): Illuminate\\Routing\\Pipeline->Illuminate\\Routing\\{closure}(Object(Illuminate\\Http\\Request))
#75 /home/adminlsp/appdir/vendor/laravel/framework/src/Illuminate/Foundation/Http/Kernel.php(151): Illuminate\\Pipeline\\Pipeline->then(Object(Closure))
#76 /home/adminlsp/appdir/vendor/laravel/framework/src/Illuminate/Foundation/Http/Kernel.php(116): Illuminate\\Foundation\\Http\\Kernel->sendRequestThroughRouter(Object(Illuminate\\Http\\Request))
#77 /home/adminlsp/appdir/public/index.php(55): Illuminate\\Foundation\\Http\\Kernel->handle(Object(Illuminate\\Http\\Request))
#78 /home/adminlsp/appdir/server.php(21): require_once('/home/adminlsp/...')
#79 {main}
"} 
[2021-04-08 06:46:44] local.ERROR: Connection to tcp://smtp.gmail.com:587 Timed Out {"exception":"[object] (Swift_TransportException(code: 0): Connection to tcp://smtp.gmail.com:587 Timed Out at /home/adminlsp/appdir/vendor/swiftmailer/swiftmailer/lib/classes/Swift/Transport/AbstractSmtpTransport.php:473, Swift_IoException(code: 0): Connection to tcp://smtp.gmail.com:587 Timed Out at /home/adminlsp/appdir/vendor/swiftmailer/swiftmailer/lib/classes/Swift/Transport/StreamBuffer.php:166)
[stacktrace]
#0 /home/adminlsp/appdir/vendor/swiftmailer/swiftmailer/lib/classes/Swift/Transport/AbstractSmtpTransport.php(358): Swift_Transport_AbstractSmtpTransport->getFullResponse(0)
#1 /home/adminlsp/appdir/vendor/swiftmailer/swiftmailer/lib/classes/Swift/Transport/AbstractSmtpTransport.php(147): Swift_Transport_AbstractSmtpTransport->readGreeting()
#2 /home/adminlsp/appdir/vendor/swiftmailer/swiftmailer/lib/classes/Swift/Mailer.php(65): Swift_Transport_AbstractSmtpTransport->start()
#3 /home/adminlsp/appdir/vendor/laravel/framework/src/Illuminate/Mail/Mailer.php(484): Swift_Mailer->send(Object(Swift_Message), Array)
#4 /home/adminlsp/appdir/vendor/laravel/framework/src/Illuminate/Mail/Mailer.php(259): Illuminate\\Mail\\Mailer->sendSwiftMessage(Object(Swift_Message))
#5 /home/adminlsp/appdir/vendor/laravel/framework/src/Illuminate/Mail/Mailable.php(159): Illuminate\\Mail\\Mailer->send('auth.mail', Array, Object(Closure))
#6 /home/adminlsp/appdir/vendor/laravel/framework/src/Illuminate/Support/Traits/Localizable.php(19): Illuminate\\Mail\\Mailable->Illuminate\\Mail\\{closure}()
#7 /home/adminlsp/appdir/vendor/laravel/framework/src/Illuminate/Mail/Mailable.php(160): Illuminate\\Mail\\Mailable->withLocale(NULL, Object(Closure))
#8 /home/adminlsp/appdir/vendor/laravel/framework/src/Illuminate/Mail/Mailer.php(275): Illuminate\\Mail\\Mailable->send(Object(Illuminate\\Mail\\Mailer))
#9 /home/adminlsp/appdir/vendor/laravel/framework/src/Illuminate/Mail/Mailer.php(229): Illuminate\\Mail\\Mailer->sendMailable(Object(App\\Mail\\RegisterMail))
#10 /home/adminlsp/appdir/vendor/laravel/framework/src/Illuminate/Mail/PendingMail.php(127): Illuminate\\Mail\\Mailer->send(Object(App\\Mail\\RegisterMail))
#11 /home/adminlsp/appdir/app/Listeners/RegisteredListener.php(30): Illuminate\\Mail\\PendingMail->send(Object(App\\Mail\\RegisterMail))
#12 [internal function]: App\\Listeners\\RegisteredListener->handle(Object(Illuminate\\Auth\\Events\\Registered))
#13 /home/adminlsp/appdir/vendor/laravel/framework/src/Illuminate/Events/Dispatcher.php(366): call_user_func_array(Array, Array)
#14 /home/adminlsp/appdir/vendor/laravel/framework/src/Illuminate/Events/Dispatcher.php(196): Illuminate\\Events\\Dispatcher->Illuminate\\Events\\{closure}('Illuminate\\\\Auth...', Array)
#15 /home/adminlsp/appdir/vendor/laravel/framework/src/Illuminate/Foundation/helpers.php(482): Illuminate\\Events\\Dispatcher->dispatch('Illuminate\\\\Auth...')
#16 /home/adminlsp/appdir/vendor/laravel/framework/src/Illuminate/Foundation/Auth/RegistersUsers.php(34): event(Object(Illuminate\\Auth\\Events\\Registered))
#17 [internal function]: App\\Http\\Controllers\\Auth\\RegisterController->register(Object(Illuminate\\Http\\Request))
#18 /home/adminlsp/appdir/vendor/laravel/framework/src/Illuminate/Routing/Controller.php(54): call_user_func_array(Array, Array)
#19 /home/adminlsp/appdir/vendor/laravel/framework/src/Illuminate/Routing/ControllerDispatcher.php(45): Illuminate\\Routing\\Controller->callAction('register', Array)
#20 /home/adminlsp/appdir/vendor/laravel/framework/src/Illuminate/Routing/Route.php(219): Illuminate\\Routing\\ControllerDispatcher->dispatch(Object(Illuminate\\Routing\\Route), Object(App\\Http\\Controllers\\Auth\\RegisterController), 'register')
#21 /home/adminlsp/appdir/vendor/laravel/framework/src/Illuminate/Routing/Route.php(176): Illuminate\\Routing\\Route->runController()
#22 /home/adminlsp/appdir/vendor/laravel/framework/src/Illuminate/Routing/Router.php(680): Illuminate\\Routing\\Route->run()
#23 /home/adminlsp/appdir/vendor/laravel/framework/src/Illuminate/Routing/Pipeline.php(30): Illuminate\\Routing\\Router->Illuminate\\Routing\\{closure}(Object(Illuminate\\Http\\Request))
#24 /home/adminlsp/appdir/app/Http/Middleware/RedirectIfAuthenticated.php(24): Illuminate\\Routing\\Pipeline->Illuminate\\Routing\\{closure}(Object(Illuminate\\Http\\Request))
#25 /home/adminlsp/appdir/vendor/laravel/framework/src/Illuminate/Pipeline/Pipeline.php(163): App\\Http\\Middleware\\RedirectIfAuthenticated->handle(Object(Illuminate\\Http\\Request), Object(Closure))
#26 /home/adminlsp/appdir/vendor/laravel/framework/src/Illuminate/Routing/Pipeline.php(53): Illuminate\\Pipeline\\Pipeline->Illuminate\\Pipeline\\{closure}(Object(Illuminate\\Http\\Request))
#27 /home/adminlsp/appdir/vendor/laravel/framework/src/Illuminate/Routing/Middleware/SubstituteBindings.php(41): Illuminate\\Routing\\Pipeline->Illuminate\\Routing\\{closure}(Object(Illuminate\\Http\\Request))
#28 /home/adminlsp/appdir/vendor/laravel/framework/src/Illuminate/Pipeline/Pipeline.php(163): Illuminate\\Routing\\Middleware\\SubstituteBindings->handle(Object(Illuminate\\Http\\Request), Object(Closure))
#29 /home/adminlsp/appdir/vendor/laravel/framework/src/Illuminate/Routing/Pipeline.php(53): Illuminate\\Pipeline\\Pipeline->Illuminate\\Pipeline\\{closure}(Object(Illuminate\\Http\\Request))
#30 /home/adminlsp/appdir/vendor/laravel/framework/src/Illuminate/Foundation/Http/Middleware/VerifyCsrfToken.php(75): Illuminate\\Routing\\Pipeline->Illuminate\\Routing\\{closure}(Object(Illuminate\\Http\\Request))
#31 /home/adminlsp/appdir/vendor/laravel/framework/src/Illuminate/Pipeline/Pipeline.php(163): Illuminate\\Foundation\\Http\\Middleware\\VerifyCsrfToken->handle(Object(Illuminate\\Http\\Request), Object(Closure))
#32 /home/adminlsp/appdir/vendor/laravel/framework/src/Illuminate/Routing/Pipeline.php(53): Illuminate\\Pipeline\\Pipeline->Illuminate\\Pipeline\\{closure}(Object(Illuminate\\Http\\Request))
#33 /home/adminlsp/appdir/vendor/laravel/framework/src/Illuminate/Session/Middleware/AuthenticateSession.php(39): Illuminate\\Routing\\Pipeline->Illuminate\\Routing\\{closure}(Object(Illuminate\\Http\\Request))
#34 /home/adminlsp/appdir/vendor/laravel/framework/src/Illuminate/Pipeline/Pipeline.php(163): Illuminate\\Session\\Middleware\\AuthenticateSession->handle(Object(Illuminate\\Http\\Request), Object(Closure))
#35 /home/adminlsp/appdir/vendor/laravel/framework/src/Illuminate/Routing/Pipeline.php(53): Illuminate\\Pipeline\\Pipeline->Illuminate\\Pipeline\\{closure}(Object(Illuminate\\Http\\Request))
#36 /home/adminlsp/appdir/vendor/laravel/framework/src/Illuminate/View/Middleware/ShareErrorsFromSession.php(49): Illuminate\\Routing\\Pipeline->Illuminate\\Routing\\{closure}(Object(Illuminate\\Http\\Request))
#37 /home/adminlsp/appdir/vendor/laravel/framework/src/Illuminate/Pipeline/Pipeline.php(163): Illuminate\\View\\Middleware\\ShareErrorsFromSession->handle(Object(Illuminate\\Http\\Request), Object(Closure))
#38 /home/adminlsp/appdir/vendor/laravel/framework/src/Illuminate/Routing/Pipeline.php(53): Illuminate\\Pipeline\\Pipeline->Illuminate\\Pipeline\\{closure}(Object(Illuminate\\Http\\Request))
#39 /home/adminlsp/appdir/vendor/laravel/framework/src/Illuminate/Session/Middleware/StartSession.php(56): Illuminate\\Routing\\Pipeline->Illuminate\\Routing\\{closure}(Object(Illuminate\\Http\\Request))
#40 /home/adminlsp/appdir/vendor/laravel/framework/src/Illuminate/Pipeline/Pipeline.php(163): Illuminate\\Session\\Middleware\\StartSession->handle(Object(Illuminate\\Http\\Request), Object(Closure))
#41 /home/adminlsp/appdir/vendor/laravel/framework/src/Illuminate/Routing/Pipeline.php(53): Illuminate\\Pipeline\\Pipeline->Illuminate\\Pipeline\\{closure}(Object(Illuminate\\Http\\Request))
#42 /home/adminlsp/appdir/vendor/laravel/framework/src/Illuminate/Cookie/Middleware/AddQueuedCookiesToResponse.php(37): Illuminate\\Routing\\Pipeline->Illuminate\\Routing\\{closure}(Object(Illuminate\\Http\\Request))
#43 /home/adminlsp/appdir/vendor/laravel/framework/src/Illuminate/Pipeline/Pipeline.php(163): Illuminate\\Cookie\\Middleware\\AddQueuedCookiesToResponse->handle(Object(Illuminate\\Http\\Request), Object(Closure))
#44 /home/adminlsp/appdir/vendor/laravel/framework/src/Illuminate/Routing/Pipeline.php(53): Illuminate\\Pipeline\\Pipeline->Illuminate\\Pipeline\\{closure}(Object(Illuminate\\Http\\Request))
#45 /home/adminlsp/appdir/vendor/laravel/framework/src/Illuminate/Cookie/Middleware/EncryptCookies.php(66): Illuminate\\Routing\\Pipeline->Illuminate\\Routing\\{closure}(Object(Illuminate\\Http\\Request))
#46 /home/adminlsp/appdir/vendor/laravel/framework/src/Illuminate/Pipeline/Pipeline.php(163): Illuminate\\Cookie\\Middleware\\EncryptCookies->handle(Object(Illuminate\\Http\\Request), Object(Closure))
#47 /home/adminlsp/appdir/vendor/laravel/framework/src/Illuminate/Routing/Pipeline.php(53): Illuminate\\Pipeline\\Pipeline->Illuminate\\Pipeline\\{closure}(Object(Illuminate\\Http\\Request))
#48 /home/adminlsp/appdir/vendor/laravel/framework/src/Illuminate/Pipeline/Pipeline.php(104): Illuminate\\Routing\\Pipeline->Illuminate\\Routing\\{closure}(Object(Illuminate\\Http\\Request))
#49 /home/adminlsp/appdir/vendor/laravel/framework/src/Illuminate/Routing/Router.php(682): Illuminate\\Pipeline\\Pipeline->then(Object(Closure))
#50 /home/adminlsp/appdir/vendor/laravel/framework/src/Illuminate/Routing/Router.php(657): Illuminate\\Routing\\Router->runRouteWithinStack(Object(Illuminate\\Routing\\Route), Object(Illuminate\\Http\\Request))
#51 /home/adminlsp/appdir/vendor/laravel/framework/src/Illuminate/Routing/Router.php(623): Illuminate\\Routing\\Router->runRoute(Object(Illuminate\\Http\\Request), Object(Illuminate\\Routing\\Route))
#52 /home/adminlsp/appdir/vendor/laravel/framework/src/Illuminate/Routing/Router.php(612): Illuminate\\Routing\\Router->dispatchToRoute(Object(Illuminate\\Http\\Request))
#53 /home/adminlsp/appdir/vendor/laravel/framework/src/Illuminate/Foundation/Http/Kernel.php(176): Illuminate\\Routing\\Router->dispatch(Object(Illuminate\\Http\\Request))
#54 /home/adminlsp/appdir/vendor/laravel/framework/src/Illuminate/Routing/Pipeline.php(30): Illuminate\\Foundation\\Http\\Kernel->Illuminate\\Foundation\\Http\\{closure}(Object(Illuminate\\Http\\Request))
#55 /home/adminlsp/appdir/vendor/fideloper/proxy/src/TrustProxies.php(57): Illuminate\\Routing\\Pipeline->Illuminate\\Routing\\{closure}(Object(Illuminate\\Http\\Request))
#56 /home/adminlsp/appdir/vendor/laravel/framework/src/Illuminate/Pipeline/Pipeline.php(163): Fideloper\\Proxy\\TrustProxies->handle(Object(Illuminate\\Http\\Request), Object(Closure))
#57 /home/adminlsp/appdir/vendor/laravel/framework/src/Illuminate/Routing/Pipeline.php(53): Illuminate\\Pipeline\\Pipeline->Illuminate\\Pipeline\\{closure}(Object(Illuminate\\Http\\Request))
#58 /home/adminlsp/appdir/vendor/laravel/framework/src/Illuminate/Foundation/Http/Middleware/TransformsRequest.php(21): Illuminate\\Routing\\Pipeline->Illuminate\\Routing\\{closure}(Object(Illuminate\\Http\\Request))
#59 /home/adminlsp/appdir/vendor/laravel/framework/src/Illuminate/Pipeline/Pipeline.php(163): Illuminate\\Foundation\\Http\\Middleware\\TransformsRequest->handle(Object(Illuminate\\Http\\Request), Object(Closure))
#60 /home/adminlsp/appdir/vendor/laravel/framework/src/Illuminate/Routing/Pipeline.php(53): Illuminate\\Pipeline\\Pipeline->Illuminate\\Pipeline\\{closure}(Object(Illuminate\\Http\\Request))
#61 /home/adminlsp/appdir/vendor/laravel/framework/src/Illuminate/Foundation/Http/Middleware/TransformsRequest.php(21): Illuminate\\Routing\\Pipeline->Illuminate\\Routing\\{closure}(Object(Illuminate\\Http\\Request))
#62 /home/adminlsp/appdir/vendor/laravel/framework/src/Illuminate/Pipeline/Pipeline.php(163): Illuminate\\Foundation\\Http\\Middleware\\TransformsRequest->handle(Object(Illuminate\\Http\\Request), Object(Closure))
#63 /home/adminlsp/appdir/vendor/laravel/framework/src/Illuminate/Routing/Pipeline.php(53): Illuminate\\Pipeline\\Pipeline->Illuminate\\Pipeline\\{closure}(Object(Illuminate\\Http\\Request))
#64 /home/adminlsp/appdir/vendor/laravel/framework/src/Illuminate/Foundation/Http/Middleware/ValidatePostSize.php(27): Illuminate\\Routing\\Pipeline->Illuminate\\Routing\\{closure}(Object(Illuminate\\Http\\Request))
#65 /home/adminlsp/appdir/vendor/laravel/framework/src/Illuminate/Pipeline/Pipeline.php(163): Illuminate\\Foundation\\Http\\Middleware\\ValidatePostSize->handle(Object(Illuminate\\Http\\Request), Object(Closure))
#66 /home/adminlsp/appdir/vendor/laravel/framework/src/Illuminate/Routing/Pipeline.php(53): Illuminate\\Pipeline\\Pipeline->Illuminate\\Pipeline\\{closure}(Object(Illuminate\\Http\\Request))
#67 /home/adminlsp/appdir/vendor/laravel/framework/src/Illuminate/Foundation/Http/Middleware/CheckForMaintenanceMode.php(62): Illuminate\\Routing\\Pipeline->Illuminate\\Routing\\{closure}(Object(Illuminate\\Http\\Request))
#68 /home/adminlsp/appdir/vendor/laravel/framework/src/Illuminate/Pipeline/Pipeline.php(163): Illuminate\\Foundation\\Http\\Middleware\\CheckForMaintenanceMode->handle(Object(Illuminate\\Http\\Request), Object(Closure))
#69 /home/adminlsp/appdir/vendor/laravel/framework/src/Illuminate/Routing/Pipeline.php(53): Illuminate\\Pipeline\\Pipeline->Illuminate\\Pipeline\\{closure}(Object(Illuminate\\Http\\Request))
#70 /home/adminlsp/appdir/vendor/laravel/framework/src/Illuminate/Pipeline/Pipeline.php(104): Illuminate\\Routing\\Pipeline->Illuminate\\Routing\\{closure}(Object(Illuminate\\Http\\Request))
#71 /home/adminlsp/appdir/vendor/laravel/framework/src/Illuminate/Foundation/Http/Kernel.php(151): Illuminate\\Pipeline\\Pipeline->then(Object(Closure))
#72 /home/adminlsp/appdir/vendor/laravel/framework/src/Illuminate/Foundation/Http/Kernel.php(116): Illuminate\\Foundation\\Http\\Kernel->sendRequestThroughRouter(Object(Illuminate\\Http\\Request))
#73 /home/adminlsp/appdir/public/index.php(55): Illuminate\\Foundation\\Http\\Kernel->handle(Object(Illuminate\\Http\\Request))
#74 /home/adminlsp/appdir/server.php(21): require_once('/home/adminlsp/...')
#75 {main}
"} 
[2021-04-08 07:07:55] local.ERROR: Connection to tcp://smtp.gmail.com:587 Timed Out {"exception":"[object] (Swift_TransportException(code: 0): Connection to tcp://smtp.gmail.com:587 Timed Out at /home/adminlsp/appdir/vendor/swiftmailer/swiftmailer/lib/classes/Swift/Transport/AbstractSmtpTransport.php:473, Swift_IoException(code: 0): Connection to tcp://smtp.gmail.com:587 Timed Out at /home/adminlsp/appdir/vendor/swiftmailer/swiftmailer/lib/classes/Swift/Transport/StreamBuffer.php:166)
[stacktrace]
#0 /home/adminlsp/appdir/vendor/swiftmailer/swiftmailer/lib/classes/Swift/Transport/AbstractSmtpTransport.php(358): Swift_Transport_AbstractSmtpTransport->getFullResponse(0)
#1 /home/adminlsp/appdir/vendor/swiftmailer/swiftmailer/lib/classes/Swift/Transport/AbstractSmtpTransport.php(147): Swift_Transport_AbstractSmtpTransport->readGreeting()
#2 /home/adminlsp/appdir/vendor/swiftmailer/swiftmailer/lib/classes/Swift/Mailer.php(65): Swift_Transport_AbstractSmtpTransport->start()
#3 /home/adminlsp/appdir/vendor/laravel/framework/src/Illuminate/Mail/Mailer.php(484): Swift_Mailer->send(Object(Swift_Message), Array)
#4 /home/adminlsp/appdir/vendor/laravel/framework/src/Illuminate/Mail/Mailer.php(259): Illuminate\\Mail\\Mailer->sendSwiftMessage(Object(Swift_Message))
#5 /home/adminlsp/appdir/vendor/laravel/framework/src/Illuminate/Mail/Mailable.php(159): Illuminate\\Mail\\Mailer->send('auth.mail', Array, Object(Closure))
#6 /home/adminlsp/appdir/vendor/laravel/framework/src/Illuminate/Support/Traits/Localizable.php(19): Illuminate\\Mail\\Mailable->Illuminate\\Mail\\{closure}()
#7 /home/adminlsp/appdir/vendor/laravel/framework/src/Illuminate/Mail/Mailable.php(160): Illuminate\\Mail\\Mailable->withLocale(NULL, Object(Closure))
#8 /home/adminlsp/appdir/vendor/laravel/framework/src/Illuminate/Mail/Mailer.php(275): Illuminate\\Mail\\Mailable->send(Object(Illuminate\\Mail\\Mailer))
#9 /home/adminlsp/appdir/vendor/laravel/framework/src/Illuminate/Mail/Mailer.php(229): Illuminate\\Mail\\Mailer->sendMailable(Object(App\\Mail\\RegisterMail))
#10 /home/adminlsp/appdir/vendor/laravel/framework/src/Illuminate/Mail/PendingMail.php(127): Illuminate\\Mail\\Mailer->send(Object(App\\Mail\\RegisterMail))
#11 /home/adminlsp/appdir/app/Listeners/RegisteredListener.php(30): Illuminate\\Mail\\PendingMail->send(Object(App\\Mail\\RegisterMail))
#12 [internal function]: App\\Listeners\\RegisteredListener->handle(Object(Illuminate\\Auth\\Events\\Registered))
#13 /home/adminlsp/appdir/vendor/laravel/framework/src/Illuminate/Events/Dispatcher.php(366): call_user_func_array(Array, Array)
#14 /home/adminlsp/appdir/vendor/laravel/framework/src/Illuminate/Events/Dispatcher.php(196): Illuminate\\Events\\Dispatcher->Illuminate\\Events\\{closure}('Illuminate\\\\Auth...', Array)
#15 /home/adminlsp/appdir/vendor/laravel/framework/src/Illuminate/Foundation/helpers.php(482): Illuminate\\Events\\Dispatcher->dispatch('Illuminate\\\\Auth...')
#16 /home/adminlsp/appdir/vendor/laravel/framework/src/Illuminate/Foundation/Auth/RegistersUsers.php(34): event(Object(Illuminate\\Auth\\Events\\Registered))
#17 [internal function]: App\\Http\\Controllers\\Auth\\RegisterController->register(Object(Illuminate\\Http\\Request))
#18 /home/adminlsp/appdir/vendor/laravel/framework/src/Illuminate/Routing/Controller.php(54): call_user_func_array(Array, Array)
#19 /home/adminlsp/appdir/vendor/laravel/framework/src/Illuminate/Routing/ControllerDispatcher.php(45): Illuminate\\Routing\\Controller->callAction('register', Array)
#20 /home/adminlsp/appdir/vendor/laravel/framework/src/Illuminate/Routing/Route.php(219): Illuminate\\Routing\\ControllerDispatcher->dispatch(Object(Illuminate\\Routing\\Route), Object(App\\Http\\Controllers\\Auth\\RegisterController), 'register')
#21 /home/adminlsp/appdir/vendor/laravel/framework/src/Illuminate/Routing/Route.php(176): Illuminate\\Routing\\Route->runController()
#22 /home/adminlsp/appdir/vendor/laravel/framework/src/Illuminate/Routing/Router.php(680): Illuminate\\Routing\\Route->run()
#23 /home/adminlsp/appdir/vendor/laravel/framework/src/Illuminate/Routing/Pipeline.php(30): Illuminate\\Routing\\Router->Illuminate\\Routing\\{closure}(Object(Illuminate\\Http\\Request))
#24 /home/adminlsp/appdir/app/Http/Middleware/RedirectIfAuthenticated.php(24): Illuminate\\Routing\\Pipeline->Illuminate\\Routing\\{closure}(Object(Illuminate\\Http\\Request))
#25 /home/adminlsp/appdir/vendor/laravel/framework/src/Illuminate/Pipeline/Pipeline.php(163): App\\Http\\Middleware\\RedirectIfAuthenticated->handle(Object(Illuminate\\Http\\Request), Object(Closure))
#26 /home/adminlsp/appdir/vendor/laravel/framework/src/Illuminate/Routing/Pipeline.php(53): Illuminate\\Pipeline\\Pipeline->Illuminate\\Pipeline\\{closure}(Object(Illuminate\\Http\\Request))
#27 /home/adminlsp/appdir/vendor/laravel/framework/src/Illuminate/Routing/Middleware/SubstituteBindings.php(41): Illuminate\\Routing\\Pipeline->Illuminate\\Routing\\{closure}(Object(Illuminate\\Http\\Request))
#28 /home/adminlsp/appdir/vendor/laravel/framework/src/Illuminate/Pipeline/Pipeline.php(163): Illuminate\\Routing\\Middleware\\SubstituteBindings->handle(Object(Illuminate\\Http\\Request), Object(Closure))
#29 /home/adminlsp/appdir/vendor/laravel/framework/src/Illuminate/Routing/Pipeline.php(53): Illuminate\\Pipeline\\Pipeline->Illuminate\\Pipeline\\{closure}(Object(Illuminate\\Http\\Request))
#30 /home/adminlsp/appdir/vendor/laravel/framework/src/Illuminate/Foundation/Http/Middleware/VerifyCsrfToken.php(75): Illuminate\\Routing\\Pipeline->Illuminate\\Routing\\{closure}(Object(Illuminate\\Http\\Request))
#31 /home/adminlsp/appdir/vendor/laravel/framework/src/Illuminate/Pipeline/Pipeline.php(163): Illuminate\\Foundation\\Http\\Middleware\\VerifyCsrfToken->handle(Object(Illuminate\\Http\\Request), Object(Closure))
#32 /home/adminlsp/appdir/vendor/laravel/framework/src/Illuminate/Routing/Pipeline.php(53): Illuminate\\Pipeline\\Pipeline->Illuminate\\Pipeline\\{closure}(Object(Illuminate\\Http\\Request))
#33 /home/adminlsp/appdir/vendor/laravel/framework/src/Illuminate/Session/Middleware/AuthenticateSession.php(39): Illuminate\\Routing\\Pipeline->Illuminate\\Routing\\{closure}(Object(Illuminate\\Http\\Request))
#34 /home/adminlsp/appdir/vendor/laravel/framework/src/Illuminate/Pipeline/Pipeline.php(163): Illuminate\\Session\\Middleware\\AuthenticateSession->handle(Object(Illuminate\\Http\\Request), Object(Closure))
#35 /home/adminlsp/appdir/vendor/laravel/framework/src/Illuminate/Routing/Pipeline.php(53): Illuminate\\Pipeline\\Pipeline->Illuminate\\Pipeline\\{closure}(Object(Illuminate\\Http\\Request))
#36 /home/adminlsp/appdir/vendor/laravel/framework/src/Illuminate/View/Middleware/ShareErrorsFromSession.php(49): Illuminate\\Routing\\Pipeline->Illuminate\\Routing\\{closure}(Object(Illuminate\\Http\\Request))
#37 /home/adminlsp/appdir/vendor/laravel/framework/src/Illuminate/Pipeline/Pipeline.php(163): Illuminate\\View\\Middleware\\ShareErrorsFromSession->handle(Object(Illuminate\\Http\\Request), Object(Closure))
#38 /home/adminlsp/appdir/vendor/laravel/framework/src/Illuminate/Routing/Pipeline.php(53): Illuminate\\Pipeline\\Pipeline->Illuminate\\Pipeline\\{closure}(Object(Illuminate\\Http\\Request))
#39 /home/adminlsp/appdir/vendor/laravel/framework/src/Illuminate/Session/Middleware/StartSession.php(56): Illuminate\\Routing\\Pipeline->Illuminate\\Routing\\{closure}(Object(Illuminate\\Http\\Request))
#40 /home/adminlsp/appdir/vendor/laravel/framework/src/Illuminate/Pipeline/Pipeline.php(163): Illuminate\\Session\\Middleware\\StartSession->handle(Object(Illuminate\\Http\\Request), Object(Closure))
#41 /home/adminlsp/appdir/vendor/laravel/framework/src/Illuminate/Routing/Pipeline.php(53): Illuminate\\Pipeline\\Pipeline->Illuminate\\Pipeline\\{closure}(Object(Illuminate\\Http\\Request))
#42 /home/adminlsp/appdir/vendor/laravel/framework/src/Illuminate/Cookie/Middleware/AddQueuedCookiesToResponse.php(37): Illuminate\\Routing\\Pipeline->Illuminate\\Routing\\{closure}(Object(Illuminate\\Http\\Request))
#43 /home/adminlsp/appdir/vendor/laravel/framework/src/Illuminate/Pipeline/Pipeline.php(163): Illuminate\\Cookie\\Middleware\\AddQueuedCookiesToResponse->handle(Object(Illuminate\\Http\\Request), Object(Closure))
#44 /home/adminlsp/appdir/vendor/laravel/framework/src/Illuminate/Routing/Pipeline.php(53): Illuminate\\Pipeline\\Pipeline->Illuminate\\Pipeline\\{closure}(Object(Illuminate\\Http\\Request))
#45 /home/adminlsp/appdir/vendor/laravel/framework/src/Illuminate/Cookie/Middleware/EncryptCookies.php(66): Illuminate\\Routing\\Pipeline->Illuminate\\Routing\\{closure}(Object(Illuminate\\Http\\Request))
#46 /home/adminlsp/appdir/vendor/laravel/framework/src/Illuminate/Pipeline/Pipeline.php(163): Illuminate\\Cookie\\Middleware\\EncryptCookies->handle(Object(Illuminate\\Http\\Request), Object(Closure))
#47 /home/adminlsp/appdir/vendor/laravel/framework/src/Illuminate/Routing/Pipeline.php(53): Illuminate\\Pipeline\\Pipeline->Illuminate\\Pipeline\\{closure}(Object(Illuminate\\Http\\Request))
#48 /home/adminlsp/appdir/vendor/laravel/framework/src/Illuminate/Pipeline/Pipeline.php(104): Illuminate\\Routing\\Pipeline->Illuminate\\Routing\\{closure}(Object(Illuminate\\Http\\Request))
#49 /home/adminlsp/appdir/vendor/laravel/framework/src/Illuminate/Routing/Router.php(682): Illuminate\\Pipeline\\Pipeline->then(Object(Closure))
#50 /home/adminlsp/appdir/vendor/laravel/framework/src/Illuminate/Routing/Router.php(657): Illuminate\\Routing\\Router->runRouteWithinStack(Object(Illuminate\\Routing\\Route), Object(Illuminate\\Http\\Request))
#51 /home/adminlsp/appdir/vendor/laravel/framework/src/Illuminate/Routing/Router.php(623): Illuminate\\Routing\\Router->runRoute(Object(Illuminate\\Http\\Request), Object(Illuminate\\Routing\\Route))
#52 /home/adminlsp/appdir/vendor/laravel/framework/src/Illuminate/Routing/Router.php(612): Illuminate\\Routing\\Router->dispatchToRoute(Object(Illuminate\\Http\\Request))
#53 /home/adminlsp/appdir/vendor/laravel/framework/src/Illuminate/Foundation/Http/Kernel.php(176): Illuminate\\Routing\\Router->dispatch(Object(Illuminate\\Http\\Request))
#54 /home/adminlsp/appdir/vendor/laravel/framework/src/Illuminate/Routing/Pipeline.php(30): Illuminate\\Foundation\\Http\\Kernel->Illuminate\\Foundation\\Http\\{closure}(Object(Illuminate\\Http\\Request))
#55 /home/adminlsp/appdir/vendor/fideloper/proxy/src/TrustProxies.php(57): Illuminate\\Routing\\Pipeline->Illuminate\\Routing\\{closure}(Object(Illuminate\\Http\\Request))
#56 /home/adminlsp/appdir/vendor/laravel/framework/src/Illuminate/Pipeline/Pipeline.php(163): Fideloper\\Proxy\\TrustProxies->handle(Object(Illuminate\\Http\\Request), Object(Closure))
#57 /home/adminlsp/appdir/vendor/laravel/framework/src/Illuminate/Routing/Pipeline.php(53): Illuminate\\Pipeline\\Pipeline->Illuminate\\Pipeline\\{closure}(Object(Illuminate\\Http\\Request))
#58 /home/adminlsp/appdir/vendor/laravel/framework/src/Illuminate/Foundation/Http/Middleware/TransformsRequest.php(21): Illuminate\\Routing\\Pipeline->Illuminate\\Routing\\{closure}(Object(Illuminate\\Http\\Request))
#59 /home/adminlsp/appdir/vendor/laravel/framework/src/Illuminate/Pipeline/Pipeline.php(163): Illuminate\\Foundation\\Http\\Middleware\\TransformsRequest->handle(Object(Illuminate\\Http\\Request), Object(Closure))
#60 /home/adminlsp/appdir/vendor/laravel/framework/src/Illuminate/Routing/Pipeline.php(53): Illuminate\\Pipeline\\Pipeline->Illuminate\\Pipeline\\{closure}(Object(Illuminate\\Http\\Request))
#61 /home/adminlsp/appdir/vendor/laravel/framework/src/Illuminate/Foundation/Http/Middleware/TransformsRequest.php(21): Illuminate\\Routing\\Pipeline->Illuminate\\Routing\\{closure}(Object(Illuminate\\Http\\Request))
#62 /home/adminlsp/appdir/vendor/laravel/framework/src/Illuminate/Pipeline/Pipeline.php(163): Illuminate\\Foundation\\Http\\Middleware\\TransformsRequest->handle(Object(Illuminate\\Http\\Request), Object(Closure))
#63 /home/adminlsp/appdir/vendor/laravel/framework/src/Illuminate/Routing/Pipeline.php(53): Illuminate\\Pipeline\\Pipeline->Illuminate\\Pipeline\\{closure}(Object(Illuminate\\Http\\Request))
#64 /home/adminlsp/appdir/vendor/laravel/framework/src/Illuminate/Foundation/Http/Middleware/ValidatePostSize.php(27): Illuminate\\Routing\\Pipeline->Illuminate\\Routing\\{closure}(Object(Illuminate\\Http\\Request))
#65 /home/adminlsp/appdir/vendor/laravel/framework/src/Illuminate/Pipeline/Pipeline.php(163): Illuminate\\Foundation\\Http\\Middleware\\ValidatePostSize->handle(Object(Illuminate\\Http\\Request), Object(Closure))
#66 /home/adminlsp/appdir/vendor/laravel/framework/src/Illuminate/Routing/Pipeline.php(53): Illuminate\\Pipeline\\Pipeline->Illuminate\\Pipeline\\{closure}(Object(Illuminate\\Http\\Request))
#67 /home/adminlsp/appdir/vendor/laravel/framework/src/Illuminate/Foundation/Http/Middleware/CheckForMaintenanceMode.php(62): Illuminate\\Routing\\Pipeline->Illuminate\\Routing\\{closure}(Object(Illuminate\\Http\\Request))
#68 /home/adminlsp/appdir/vendor/laravel/framework/src/Illuminate/Pipeline/Pipeline.php(163): Illuminate\\Foundation\\Http\\Middleware\\CheckForMaintenanceMode->handle(Object(Illuminate\\Http\\Request), Object(Closure))
#69 /home/adminlsp/appdir/vendor/laravel/framework/src/Illuminate/Routing/Pipeline.php(53): Illuminate\\Pipeline\\Pipeline->Illuminate\\Pipeline\\{closure}(Object(Illuminate\\Http\\Request))
#70 /home/adminlsp/appdir/vendor/laravel/framework/src/Illuminate/Pipeline/Pipeline.php(104): Illuminate\\Routing\\Pipeline->Illuminate\\Routing\\{closure}(Object(Illuminate\\Http\\Request))
#71 /home/adminlsp/appdir/vendor/laravel/framework/src/Illuminate/Foundation/Http/Kernel.php(151): Illuminate\\Pipeline\\Pipeline->then(Object(Closure))
#72 /home/adminlsp/appdir/vendor/laravel/framework/src/Illuminate/Foundation/Http/Kernel.php(116): Illuminate\\Foundation\\Http\\Kernel->sendRequestThroughRouter(Object(Illuminate\\Http\\Request))
#73 /home/adminlsp/appdir/public/index.php(55): Illuminate\\Foundation\\Http\\Kernel->handle(Object(Illuminate\\Http\\Request))
#74 /home/adminlsp/appdir/server.php(21): require_once('/home/adminlsp/...')
#75 {main}
"} 
[2021-04-08 08:02:21] local.ERROR: Expected response code 354 but got code "550", with message "550 5.4.5 Daily user sending quota exceeded. v123sm22992344pfb.80 - gsmtp
" {"exception":"[object] (Swift_TransportException(code: 550): Expected response code 354 but got code \"550\", with message \"550 5.4.5 Daily user sending quota exceeded. v123sm22992344pfb.80 - gsmtp
\" at /home/adminlsp/appdir/vendor/swiftmailer/swiftmailer/lib/classes/Swift/Transport/AbstractSmtpTransport.php:457)
[stacktrace]
#0 /home/adminlsp/appdir/vendor/swiftmailer/swiftmailer/lib/classes/Swift/Transport/AbstractSmtpTransport.php(341): Swift_Transport_AbstractSmtpTransport->assertResponseCode('550 5.4.5 Daily...', Array)
#1 /home/adminlsp/appdir/vendor/swiftmailer/swiftmailer/lib/classes/Swift/Transport/EsmtpTransport.php(305): Swift_Transport_AbstractSmtpTransport->executeCommand('DATA\\
', Array, Array, false, NULL)
#2 /home/adminlsp/appdir/vendor/swiftmailer/swiftmailer/lib/classes/Swift/Transport/AbstractSmtpTransport.php(390): Swift_Transport_EsmtpTransport->executeCommand('DATA\\
', Array, Array)
#3 /home/adminlsp/appdir/vendor/swiftmailer/swiftmailer/lib/classes/Swift/Transport/AbstractSmtpTransport.php(497): Swift_Transport_AbstractSmtpTransport->doDataCommand(Array)
#4 /home/adminlsp/appdir/vendor/swiftmailer/swiftmailer/lib/classes/Swift/Transport/AbstractSmtpTransport.php(516): Swift_Transport_AbstractSmtpTransport->doMailTransaction(Object(Swift_Message), 'lsp@polije.ac.i...', Array, Array)
#5 /home/adminlsp/appdir/vendor/swiftmailer/swiftmailer/lib/classes/Swift/Transport/AbstractSmtpTransport.php(206): Swift_Transport_AbstractSmtpTransport->sendTo(Object(Swift_Message), 'lsp@polije.ac.i...', Array, Array)
#6 /home/adminlsp/appdir/vendor/swiftmailer/swiftmailer/lib/classes/Swift/Mailer.php(71): Swift_Transport_AbstractSmtpTransport->send(Object(Swift_Message), Array)
#7 /home/adminlsp/appdir/vendor/laravel/framework/src/Illuminate/Mail/Mailer.php(484): Swift_Mailer->send(Object(Swift_Message), Array)
#8 /home/adminlsp/appdir/vendor/laravel/framework/src/Illuminate/Mail/Mailer.php(259): Illuminate\\Mail\\Mailer->sendSwiftMessage(Object(Swift_Message))
#9 /home/adminlsp/appdir/vendor/laravel/framework/src/Illuminate/Mail/Mailable.php(159): Illuminate\\Mail\\Mailer->send('auth.mail', Array, Object(Closure))
#10 /home/adminlsp/appdir/vendor/laravel/framework/src/Illuminate/Support/Traits/Localizable.php(19): Illuminate\\Mail\\Mailable->Illuminate\\Mail\\{closure}()
#11 /home/adminlsp/appdir/vendor/laravel/framework/src/Illuminate/Mail/Mailable.php(160): Illuminate\\Mail\\Mailable->withLocale(NULL, Object(Closure))
#12 /home/adminlsp/appdir/vendor/laravel/framework/src/Illuminate/Mail/Mailer.php(275): Illuminate\\Mail\\Mailable->send(Object(Illuminate\\Mail\\Mailer))
#13 /home/adminlsp/appdir/vendor/laravel/framework/src/Illuminate/Mail/Mailer.php(229): Illuminate\\Mail\\Mailer->sendMailable(Object(App\\Mail\\RegisterMail))
#14 /home/adminlsp/appdir/vendor/laravel/framework/src/Illuminate/Mail/PendingMail.php(127): Illuminate\\Mail\\Mailer->send(Object(App\\Mail\\RegisterMail))
#15 /home/adminlsp/appdir/app/Listeners/RegisteredListener.php(30): Illuminate\\Mail\\PendingMail->send(Object(App\\Mail\\RegisterMail))
#16 [internal function]: App\\Listeners\\RegisteredListener->handle(Object(Illuminate\\Auth\\Events\\Registered))
#17 /home/adminlsp/appdir/vendor/laravel/framework/src/Illuminate/Events/Dispatcher.php(366): call_user_func_array(Array, Array)
#18 /home/adminlsp/appdir/vendor/laravel/framework/src/Illuminate/Events/Dispatcher.php(196): Illuminate\\Events\\Dispatcher->Illuminate\\Events\\{closure}('Illuminate\\\\Auth...', Array)
#19 /home/adminlsp/appdir/vendor/laravel/framework/src/Illuminate/Foundation/helpers.php(482): Illuminate\\Events\\Dispatcher->dispatch('Illuminate\\\\Auth...')
#20 /home/adminlsp/appdir/vendor/laravel/framework/src/Illuminate/Foundation/Auth/RegistersUsers.php(34): event(Object(Illuminate\\Auth\\Events\\Registered))
#21 [internal function]: App\\Http\\Controllers\\Auth\\RegisterController->register(Object(Illuminate\\Http\\Request))
#22 /home/adminlsp/appdir/vendor/laravel/framework/src/Illuminate/Routing/Controller.php(54): call_user_func_array(Array, Array)
#23 /home/adminlsp/appdir/vendor/laravel/framework/src/Illuminate/Routing/ControllerDispatcher.php(45): Illuminate\\Routing\\Controller->callAction('register', Array)
#24 /home/adminlsp/appdir/vendor/laravel/framework/src/Illuminate/Routing/Route.php(219): Illuminate\\Routing\\ControllerDispatcher->dispatch(Object(Illuminate\\Routing\\Route), Object(App\\Http\\Controllers\\Auth\\RegisterController), 'register')
#25 /home/adminlsp/appdir/vendor/laravel/framework/src/Illuminate/Routing/Route.php(176): Illuminate\\Routing\\Route->runController()
#26 /home/adminlsp/appdir/vendor/laravel/framework/src/Illuminate/Routing/Router.php(680): Illuminate\\Routing\\Route->run()
#27 /home/adminlsp/appdir/vendor/laravel/framework/src/Illuminate/Routing/Pipeline.php(30): Illuminate\\Routing\\Router->Illuminate\\Routing\\{closure}(Object(Illuminate\\Http\\Request))
#28 /home/adminlsp/appdir/app/Http/Middleware/RedirectIfAuthenticated.php(24): Illuminate\\Routing\\Pipeline->Illuminate\\Routing\\{closure}(Object(Illuminate\\Http\\Request))
#29 /home/adminlsp/appdir/vendor/laravel/framework/src/Illuminate/Pipeline/Pipeline.php(163): App\\Http\\Middleware\\RedirectIfAuthenticated->handle(Object(Illuminate\\Http\\Request), Object(Closure))
#30 /home/adminlsp/appdir/vendor/laravel/framework/src/Illuminate/Routing/Pipeline.php(53): Illuminate\\Pipeline\\Pipeline->Illuminate\\Pipeline\\{closure}(Object(Illuminate\\Http\\Request))
#31 /home/adminlsp/appdir/vendor/laravel/framework/src/Illuminate/Routing/Middleware/SubstituteBindings.php(41): Illuminate\\Routing\\Pipeline->Illuminate\\Routing\\{closure}(Object(Illuminate\\Http\\Request))
#32 /home/adminlsp/appdir/vendor/laravel/framework/src/Illuminate/Pipeline/Pipeline.php(163): Illuminate\\Routing\\Middleware\\SubstituteBindings->handle(Object(Illuminate\\Http\\Request), Object(Closure))
#33 /home/adminlsp/appdir/vendor/laravel/framework/src/Illuminate/Routing/Pipeline.php(53): Illuminate\\Pipeline\\Pipeline->Illuminate\\Pipeline\\{closure}(Object(Illuminate\\Http\\Request))
#34 /home/adminlsp/appdir/vendor/laravel/framework/src/Illuminate/Foundation/Http/Middleware/VerifyCsrfToken.php(75): Illuminate\\Routing\\Pipeline->Illuminate\\Routing\\{closure}(Object(Illuminate\\Http\\Request))
#35 /home/adminlsp/appdir/vendor/laravel/framework/src/Illuminate/Pipeline/Pipeline.php(163): Illuminate\\Foundation\\Http\\Middleware\\VerifyCsrfToken->handle(Object(Illuminate\\Http\\Request), Object(Closure))
#36 /home/adminlsp/appdir/vendor/laravel/framework/src/Illuminate/Routing/Pipeline.php(53): Illuminate\\Pipeline\\Pipeline->Illuminate\\Pipeline\\{closure}(Object(Illuminate\\Http\\Request))
#37 /home/adminlsp/appdir/vendor/laravel/framework/src/Illuminate/Session/Middleware/AuthenticateSession.php(39): Illuminate\\Routing\\Pipeline->Illuminate\\Routing\\{closure}(Object(Illuminate\\Http\\Request))
#38 /home/adminlsp/appdir/vendor/laravel/framework/src/Illuminate/Pipeline/Pipeline.php(163): Illuminate\\Session\\Middleware\\AuthenticateSession->handle(Object(Illuminate\\Http\\Request), Object(Closure))
#39 /home/adminlsp/appdir/vendor/laravel/framework/src/Illuminate/Routing/Pipeline.php(53): Illuminate\\Pipeline\\Pipeline->Illuminate\\Pipeline\\{closure}(Object(Illuminate\\Http\\Request))
#40 /home/adminlsp/appdir/vendor/laravel/framework/src/Illuminate/View/Middleware/ShareErrorsFromSession.php(49): Illuminate\\Routing\\Pipeline->Illuminate\\Routing\\{closure}(Object(Illuminate\\Http\\Request))
#41 /home/adminlsp/appdir/vendor/laravel/framework/src/Illuminate/Pipeline/Pipeline.php(163): Illuminate\\View\\Middleware\\ShareErrorsFromSession->handle(Object(Illuminate\\Http\\Request), Object(Closure))
#42 /home/adminlsp/appdir/vendor/laravel/framework/src/Illuminate/Routing/Pipeline.php(53): Illuminate\\Pipeline\\Pipeline->Illuminate\\Pipeline\\{closure}(Object(Illuminate\\Http\\Request))
#43 /home/adminlsp/appdir/vendor/laravel/framework/src/Illuminate/Session/Middleware/StartSession.php(56): Illuminate\\Routing\\Pipeline->Illuminate\\Routing\\{closure}(Object(Illuminate\\Http\\Request))
#44 /home/adminlsp/appdir/vendor/laravel/framework/src/Illuminate/Pipeline/Pipeline.php(163): Illuminate\\Session\\Middleware\\StartSession->handle(Object(Illuminate\\Http\\Request), Object(Closure))
#45 /home/adminlsp/appdir/vendor/laravel/framework/src/Illuminate/Routing/Pipeline.php(53): Illuminate\\Pipeline\\Pipeline->Illuminate\\Pipeline\\{closure}(Object(Illuminate\\Http\\Request))
#46 /home/adminlsp/appdir/vendor/laravel/framework/src/Illuminate/Cookie/Middleware/AddQueuedCookiesToResponse.php(37): Illuminate\\Routing\\Pipeline->Illuminate\\Routing\\{closure}(Object(Illuminate\\Http\\Request))
#47 /home/adminlsp/appdir/vendor/laravel/framework/src/Illuminate/Pipeline/Pipeline.php(163): Illuminate\\Cookie\\Middleware\\AddQueuedCookiesToResponse->handle(Object(Illuminate\\Http\\Request), Object(Closure))
#48 /home/adminlsp/appdir/vendor/laravel/framework/src/Illuminate/Routing/Pipeline.php(53): Illuminate\\Pipeline\\Pipeline->Illuminate\\Pipeline\\{closure}(Object(Illuminate\\Http\\Request))
#49 /home/adminlsp/appdir/vendor/laravel/framework/src/Illuminate/Cookie/Middleware/EncryptCookies.php(66): Illuminate\\Routing\\Pipeline->Illuminate\\Routing\\{closure}(Object(Illuminate\\Http\\Request))
#50 /home/adminlsp/appdir/vendor/laravel/framework/src/Illuminate/Pipeline/Pipeline.php(163): Illuminate\\Cookie\\Middleware\\EncryptCookies->handle(Object(Illuminate\\Http\\Request), Object(Closure))
#51 /home/adminlsp/appdir/vendor/laravel/framework/src/Illuminate/Routing/Pipeline.php(53): Illuminate\\Pipeline\\Pipeline->Illuminate\\Pipeline\\{closure}(Object(Illuminate\\Http\\Request))
#52 /home/adminlsp/appdir/vendor/laravel/framework/src/Illuminate/Pipeline/Pipeline.php(104): Illuminate\\Routing\\Pipeline->Illuminate\\Routing\\{closure}(Object(Illuminate\\Http\\Request))
#53 /home/adminlsp/appdir/vendor/laravel/framework/src/Illuminate/Routing/Router.php(682): Illuminate\\Pipeline\\Pipeline->then(Object(Closure))
#54 /home/adminlsp/appdir/vendor/laravel/framework/src/Illuminate/Routing/Router.php(657): Illuminate\\Routing\\Router->runRouteWithinStack(Object(Illuminate\\Routing\\Route), Object(Illuminate\\Http\\Request))
#55 /home/adminlsp/appdir/vendor/laravel/framework/src/Illuminate/Routing/Router.php(623): Illuminate\\Routing\\Router->runRoute(Object(Illuminate\\Http\\Request), Object(Illuminate\\Routing\\Route))
#56 /home/adminlsp/appdir/vendor/laravel/framework/src/Illuminate/Routing/Router.php(612): Illuminate\\Routing\\Router->dispatchToRoute(Object(Illuminate\\Http\\Request))
#57 /home/adminlsp/appdir/vendor/laravel/framework/src/Illuminate/Foundation/Http/Kernel.php(176): Illuminate\\Routing\\Router->dispatch(Object(Illuminate\\Http\\Request))
#58 /home/adminlsp/appdir/vendor/laravel/framework/src/Illuminate/Routing/Pipeline.php(30): Illuminate\\Foundation\\Http\\Kernel->Illuminate\\Foundation\\Http\\{closure}(Object(Illuminate\\Http\\Request))
#59 /home/adminlsp/appdir/vendor/fideloper/proxy/src/TrustProxies.php(57): Illuminate\\Routing\\Pipeline->Illuminate\\Routing\\{closure}(Object(Illuminate\\Http\\Request))
#60 /home/adminlsp/appdir/vendor/laravel/framework/src/Illuminate/Pipeline/Pipeline.php(163): Fideloper\\Proxy\\TrustProxies->handle(Object(Illuminate\\Http\\Request), Object(Closure))
#61 /home/adminlsp/appdir/vendor/laravel/framework/src/Illuminate/Routing/Pipeline.php(53): Illuminate\\Pipeline\\Pipeline->Illuminate\\Pipeline\\{closure}(Object(Illuminate\\Http\\Request))
#62 /home/adminlsp/appdir/vendor/laravel/framework/src/Illuminate/Foundation/Http/Middleware/TransformsRequest.php(21): Illuminate\\Routing\\Pipeline->Illuminate\\Routing\\{closure}(Object(Illuminate\\Http\\Request))
#63 /home/adminlsp/appdir/vendor/laravel/framework/src/Illuminate/Pipeline/Pipeline.php(163): Illuminate\\Foundation\\Http\\Middleware\\TransformsRequest->handle(Object(Illuminate\\Http\\Request), Object(Closure))
#64 /home/adminlsp/appdir/vendor/laravel/framework/src/Illuminate/Routing/Pipeline.php(53): Illuminate\\Pipeline\\Pipeline->Illuminate\\Pipeline\\{closure}(Object(Illuminate\\Http\\Request))
#65 /home/adminlsp/appdir/vendor/laravel/framework/src/Illuminate/Foundation/Http/Middleware/TransformsRequest.php(21): Illuminate\\Routing\\Pipeline->Illuminate\\Routing\\{closure}(Object(Illuminate\\Http\\Request))
#66 /home/adminlsp/appdir/vendor/laravel/framework/src/Illuminate/Pipeline/Pipeline.php(163): Illuminate\\Foundation\\Http\\Middleware\\TransformsRequest->handle(Object(Illuminate\\Http\\Request), Object(Closure))
#67 /home/adminlsp/appdir/vendor/laravel/framework/src/Illuminate/Routing/Pipeline.php(53): Illuminate\\Pipeline\\Pipeline->Illuminate\\Pipeline\\{closure}(Object(Illuminate\\Http\\Request))
#68 /home/adminlsp/appdir/vendor/laravel/framework/src/Illuminate/Foundation/Http/Middleware/ValidatePostSize.php(27): Illuminate\\Routing\\Pipeline->Illuminate\\Routing\\{closure}(Object(Illuminate\\Http\\Request))
#69 /home/adminlsp/appdir/vendor/laravel/framework/src/Illuminate/Pipeline/Pipeline.php(163): Illuminate\\Foundation\\Http\\Middleware\\ValidatePostSize->handle(Object(Illuminate\\Http\\Request), Object(Closure))
#70 /home/adminlsp/appdir/vendor/laravel/framework/src/Illuminate/Routing/Pipeline.php(53): Illuminate\\Pipeline\\Pipeline->Illuminate\\Pipeline\\{closure}(Object(Illuminate\\Http\\Request))
#71 /home/adminlsp/appdir/vendor/laravel/framework/src/Illuminate/Foundation/Http/Middleware/CheckForMaintenanceMode.php(62): Illuminate\\Routing\\Pipeline->Illuminate\\Routing\\{closure}(Object(Illuminate\\Http\\Request))
#72 /home/adminlsp/appdir/vendor/laravel/framework/src/Illuminate/Pipeline/Pipeline.php(163): Illuminate\\Foundation\\Http\\Middleware\\CheckForMaintenanceMode->handle(Object(Illuminate\\Http\\Request), Object(Closure))
#73 /home/adminlsp/appdir/vendor/laravel/framework/src/Illuminate/Routing/Pipeline.php(53): Illuminate\\Pipeline\\Pipeline->Illuminate\\Pipeline\\{closure}(Object(Illuminate\\Http\\Request))
#74 /home/adminlsp/appdir/vendor/laravel/framework/src/Illuminate/Pipeline/Pipeline.php(104): Illuminate\\Routing\\Pipeline->Illuminate\\Routing\\{closure}(Object(Illuminate\\Http\\Request))
#75 /home/adminlsp/appdir/vendor/laravel/framework/src/Illuminate/Foundation/Http/Kernel.php(151): Illuminate\\Pipeline\\Pipeline->then(Object(Closure))
#76 /home/adminlsp/appdir/vendor/laravel/framework/src/Illuminate/Foundation/Http/Kernel.php(116): Illuminate\\Foundation\\Http\\Kernel->sendRequestThroughRouter(Object(Illuminate\\Http\\Request))
#77 /home/adminlsp/appdir/public/index.php(55): Illuminate\\Foundation\\Http\\Kernel->handle(Object(Illuminate\\Http\\Request))
#78 /home/adminlsp/appdir/server.php(21): require_once('/home/adminlsp/...')
#79 {main}
"} 
[2021-04-08 08:44:04] local.ERROR: Expected response code 354 but got code "550", with message "550 5.4.5 Daily user sending quota exceeded. h68sm24207739pfe.111 - gsmtp
" {"exception":"[object] (Swift_TransportException(code: 550): Expected response code 354 but got code \"550\", with message \"550 5.4.5 Daily user sending quota exceeded. h68sm24207739pfe.111 - gsmtp
\" at /home/adminlsp/appdir/vendor/swiftmailer/swiftmailer/lib/classes/Swift/Transport/AbstractSmtpTransport.php:457)
[stacktrace]
#0 /home/adminlsp/appdir/vendor/swiftmailer/swiftmailer/lib/classes/Swift/Transport/AbstractSmtpTransport.php(341): Swift_Transport_AbstractSmtpTransport->assertResponseCode('550 5.4.5 Daily...', Array)
#1 /home/adminlsp/appdir/vendor/swiftmailer/swiftmailer/lib/classes/Swift/Transport/EsmtpTransport.php(305): Swift_Transport_AbstractSmtpTransport->executeCommand('DATA\\
', Array, Array, false, NULL)
#2 /home/adminlsp/appdir/vendor/swiftmailer/swiftmailer/lib/classes/Swift/Transport/AbstractSmtpTransport.php(390): Swift_Transport_EsmtpTransport->executeCommand('DATA\\
', Array, Array)
#3 /home/adminlsp/appdir/vendor/swiftmailer/swiftmailer/lib/classes/Swift/Transport/AbstractSmtpTransport.php(497): Swift_Transport_AbstractSmtpTransport->doDataCommand(Array)
#4 /home/adminlsp/appdir/vendor/swiftmailer/swiftmailer/lib/classes/Swift/Transport/AbstractSmtpTransport.php(516): Swift_Transport_AbstractSmtpTransport->doMailTransaction(Object(Swift_Message), 'lsp@polije.ac.i...', Array, Array)
#5 /home/adminlsp/appdir/vendor/swiftmailer/swiftmailer/lib/classes/Swift/Transport/AbstractSmtpTransport.php(206): Swift_Transport_AbstractSmtpTransport->sendTo(Object(Swift_Message), 'lsp@polije.ac.i...', Array, Array)
#6 /home/adminlsp/appdir/vendor/swiftmailer/swiftmailer/lib/classes/Swift/Mailer.php(71): Swift_Transport_AbstractSmtpTransport->send(Object(Swift_Message), Array)
#7 /home/adminlsp/appdir/vendor/laravel/framework/src/Illuminate/Mail/Mailer.php(484): Swift_Mailer->send(Object(Swift_Message), Array)
#8 /home/adminlsp/appdir/vendor/laravel/framework/src/Illuminate/Mail/Mailer.php(259): Illuminate\\Mail\\Mailer->sendSwiftMessage(Object(Swift_Message))
#9 /home/adminlsp/appdir/vendor/laravel/framework/src/Illuminate/Mail/Mailable.php(159): Illuminate\\Mail\\Mailer->send('auth.mail', Array, Object(Closure))
#10 /home/adminlsp/appdir/vendor/laravel/framework/src/Illuminate/Support/Traits/Localizable.php(19): Illuminate\\Mail\\Mailable->Illuminate\\Mail\\{closure}()
#11 /home/adminlsp/appdir/vendor/laravel/framework/src/Illuminate/Mail/Mailable.php(160): Illuminate\\Mail\\Mailable->withLocale(NULL, Object(Closure))
#12 /home/adminlsp/appdir/vendor/laravel/framework/src/Illuminate/Mail/Mailer.php(275): Illuminate\\Mail\\Mailable->send(Object(Illuminate\\Mail\\Mailer))
#13 /home/adminlsp/appdir/vendor/laravel/framework/src/Illuminate/Mail/Mailer.php(229): Illuminate\\Mail\\Mailer->sendMailable(Object(App\\Mail\\RegisterMail))
#14 /home/adminlsp/appdir/vendor/laravel/framework/src/Illuminate/Mail/PendingMail.php(127): Illuminate\\Mail\\Mailer->send(Object(App\\Mail\\RegisterMail))
#15 /home/adminlsp/appdir/app/Listeners/RegisteredListener.php(30): Illuminate\\Mail\\PendingMail->send(Object(App\\Mail\\RegisterMail))
#16 [internal function]: App\\Listeners\\RegisteredListener->handle(Object(Illuminate\\Auth\\Events\\Registered))
#17 /home/adminlsp/appdir/vendor/laravel/framework/src/Illuminate/Events/Dispatcher.php(366): call_user_func_array(Array, Array)
#18 /home/adminlsp/appdir/vendor/laravel/framework/src/Illuminate/Events/Dispatcher.php(196): Illuminate\\Events\\Dispatcher->Illuminate\\Events\\{closure}('Illuminate\\\\Auth...', Array)
#19 /home/adminlsp/appdir/vendor/laravel/framework/src/Illuminate/Foundation/helpers.php(482): Illuminate\\Events\\Dispatcher->dispatch('Illuminate\\\\Auth...')
#20 /home/adminlsp/appdir/vendor/laravel/framework/src/Illuminate/Foundation/Auth/RegistersUsers.php(34): event(Object(Illuminate\\Auth\\Events\\Registered))
#21 [internal function]: App\\Http\\Controllers\\Auth\\RegisterController->register(Object(Illuminate\\Http\\Request))
#22 /home/adminlsp/appdir/vendor/laravel/framework/src/Illuminate/Routing/Controller.php(54): call_user_func_array(Array, Array)
#23 /home/adminlsp/appdir/vendor/laravel/framework/src/Illuminate/Routing/ControllerDispatcher.php(45): Illuminate\\Routing\\Controller->callAction('register', Array)
#24 /home/adminlsp/appdir/vendor/laravel/framework/src/Illuminate/Routing/Route.php(219): Illuminate\\Routing\\ControllerDispatcher->dispatch(Object(Illuminate\\Routing\\Route), Object(App\\Http\\Controllers\\Auth\\RegisterController), 'register')
#25 /home/adminlsp/appdir/vendor/laravel/framework/src/Illuminate/Routing/Route.php(176): Illuminate\\Routing\\Route->runController()
#26 /home/adminlsp/appdir/vendor/laravel/framework/src/Illuminate/Routing/Router.php(680): Illuminate\\Routing\\Route->run()
#27 /home/adminlsp/appdir/vendor/laravel/framework/src/Illuminate/Routing/Pipeline.php(30): Illuminate\\Routing\\Router->Illuminate\\Routing\\{closure}(Object(Illuminate\\Http\\Request))
#28 /home/adminlsp/appdir/app/Http/Middleware/RedirectIfAuthenticated.php(24): Illuminate\\Routing\\Pipeline->Illuminate\\Routing\\{closure}(Object(Illuminate\\Http\\Request))
#29 /home/adminlsp/appdir/vendor/laravel/framework/src/Illuminate/Pipeline/Pipeline.php(163): App\\Http\\Middleware\\RedirectIfAuthenticated->handle(Object(Illuminate\\Http\\Request), Object(Closure))
#30 /home/adminlsp/appdir/vendor/laravel/framework/src/Illuminate/Routing/Pipeline.php(53): Illuminate\\Pipeline\\Pipeline->Illuminate\\Pipeline\\{closure}(Object(Illuminate\\Http\\Request))
#31 /home/adminlsp/appdir/vendor/laravel/framework/src/Illuminate/Routing/Middleware/SubstituteBindings.php(41): Illuminate\\Routing\\Pipeline->Illuminate\\Routing\\{closure}(Object(Illuminate\\Http\\Request))
#32 /home/adminlsp/appdir/vendor/laravel/framework/src/Illuminate/Pipeline/Pipeline.php(163): Illuminate\\Routing\\Middleware\\SubstituteBindings->handle(Object(Illuminate\\Http\\Request), Object(Closure))
#33 /home/adminlsp/appdir/vendor/laravel/framework/src/Illuminate/Routing/Pipeline.php(53): Illuminate\\Pipeline\\Pipeline->Illuminate\\Pipeline\\{closure}(Object(Illuminate\\Http\\Request))
#34 /home/adminlsp/appdir/vendor/laravel/framework/src/Illuminate/Foundation/Http/Middleware/VerifyCsrfToken.php(75): Illuminate\\Routing\\Pipeline->Illuminate\\Routing\\{closure}(Object(Illuminate\\Http\\Request))
#35 /home/adminlsp/appdir/vendor/laravel/framework/src/Illuminate/Pipeline/Pipeline.php(163): Illuminate\\Foundation\\Http\\Middleware\\VerifyCsrfToken->handle(Object(Illuminate\\Http\\Request), Object(Closure))
#36 /home/adminlsp/appdir/vendor/laravel/framework/src/Illuminate/Routing/Pipeline.php(53): Illuminate\\Pipeline\\Pipeline->Illuminate\\Pipeline\\{closure}(Object(Illuminate\\Http\\Request))
#37 /home/adminlsp/appdir/vendor/laravel/framework/src/Illuminate/Session/Middleware/AuthenticateSession.php(39): Illuminate\\Routing\\Pipeline->Illuminate\\Routing\\{closure}(Object(Illuminate\\Http\\Request))
#38 /home/adminlsp/appdir/vendor/laravel/framework/src/Illuminate/Pipeline/Pipeline.php(163): Illuminate\\Session\\Middleware\\AuthenticateSession->handle(Object(Illuminate\\Http\\Request), Object(Closure))
#39 /home/adminlsp/appdir/vendor/laravel/framework/src/Illuminate/Routing/Pipeline.php(53): Illuminate\\Pipeline\\Pipeline->Illuminate\\Pipeline\\{closure}(Object(Illuminate\\Http\\Request))
#40 /home/adminlsp/appdir/vendor/laravel/framework/src/Illuminate/View/Middleware/ShareErrorsFromSession.php(49): Illuminate\\Routing\\Pipeline->Illuminate\\Routing\\{closure}(Object(Illuminate\\Http\\Request))
#41 /home/adminlsp/appdir/vendor/laravel/framework/src/Illuminate/Pipeline/Pipeline.php(163): Illuminate\\View\\Middleware\\ShareErrorsFromSession->handle(Object(Illuminate\\Http\\Request), Object(Closure))
#42 /home/adminlsp/appdir/vendor/laravel/framework/src/Illuminate/Routing/Pipeline.php(53): Illuminate\\Pipeline\\Pipeline->Illuminate\\Pipeline\\{closure}(Object(Illuminate\\Http\\Request))
#43 /home/adminlsp/appdir/vendor/laravel/framework/src/Illuminate/Session/Middleware/StartSession.php(56): Illuminate\\Routing\\Pipeline->Illuminate\\Routing\\{closure}(Object(Illuminate\\Http\\Request))
#44 /home/adminlsp/appdir/vendor/laravel/framework/src/Illuminate/Pipeline/Pipeline.php(163): Illuminate\\Session\\Middleware\\StartSession->handle(Object(Illuminate\\Http\\Request), Object(Closure))
#45 /home/adminlsp/appdir/vendor/laravel/framework/src/Illuminate/Routing/Pipeline.php(53): Illuminate\\Pipeline\\Pipeline->Illuminate\\Pipeline\\{closure}(Object(Illuminate\\Http\\Request))
#46 /home/adminlsp/appdir/vendor/laravel/framework/src/Illuminate/Cookie/Middleware/AddQueuedCookiesToResponse.php(37): Illuminate\\Routing\\Pipeline->Illuminate\\Routing\\{closure}(Object(Illuminate\\Http\\Request))
#47 /home/adminlsp/appdir/vendor/laravel/framework/src/Illuminate/Pipeline/Pipeline.php(163): Illuminate\\Cookie\\Middleware\\AddQueuedCookiesToResponse->handle(Object(Illuminate\\Http\\Request), Object(Closure))
#48 /home/adminlsp/appdir/vendor/laravel/framework/src/Illuminate/Routing/Pipeline.php(53): Illuminate\\Pipeline\\Pipeline->Illuminate\\Pipeline\\{closure}(Object(Illuminate\\Http\\Request))
#49 /home/adminlsp/appdir/vendor/laravel/framework/src/Illuminate/Cookie/Middleware/EncryptCookies.php(66): Illuminate\\Routing\\Pipeline->Illuminate\\Routing\\{closure}(Object(Illuminate\\Http\\Request))
#50 /home/adminlsp/appdir/vendor/laravel/framework/src/Illuminate/Pipeline/Pipeline.php(163): Illuminate\\Cookie\\Middleware\\EncryptCookies->handle(Object(Illuminate\\Http\\Request), Object(Closure))
#51 /home/adminlsp/appdir/vendor/laravel/framework/src/Illuminate/Routing/Pipeline.php(53): Illuminate\\Pipeline\\Pipeline->Illuminate\\Pipeline\\{closure}(Object(Illuminate\\Http\\Request))
#52 /home/adminlsp/appdir/vendor/laravel/framework/src/Illuminate/Pipeline/Pipeline.php(104): Illuminate\\Routing\\Pipeline->Illuminate\\Routing\\{closure}(Object(Illuminate\\Http\\Request))
#53 /home/adminlsp/appdir/vendor/laravel/framework/src/Illuminate/Routing/Router.php(682): Illuminate\\Pipeline\\Pipeline->then(Object(Closure))
#54 /home/adminlsp/appdir/vendor/laravel/framework/src/Illuminate/Routing/Router.php(657): Illuminate\\Routing\\Router->runRouteWithinStack(Object(Illuminate\\Routing\\Route), Object(Illuminate\\Http\\Request))
#55 /home/adminlsp/appdir/vendor/laravel/framework/src/Illuminate/Routing/Router.php(623): Illuminate\\Routing\\Router->runRoute(Object(Illuminate\\Http\\Request), Object(Illuminate\\Routing\\Route))
#56 /home/adminlsp/appdir/vendor/laravel/framework/src/Illuminate/Routing/Router.php(612): Illuminate\\Routing\\Router->dispatchToRoute(Object(Illuminate\\Http\\Request))
#57 /home/adminlsp/appdir/vendor/laravel/framework/src/Illuminate/Foundation/Http/Kernel.php(176): Illuminate\\Routing\\Router->dispatch(Object(Illuminate\\Http\\Request))
#58 /home/adminlsp/appdir/vendor/laravel/framework/src/Illuminate/Routing/Pipeline.php(30): Illuminate\\Foundation\\Http\\Kernel->Illuminate\\Foundation\\Http\\{closure}(Object(Illuminate\\Http\\Request))
#59 /home/adminlsp/appdir/vendor/fideloper/proxy/src/TrustProxies.php(57): Illuminate\\Routing\\Pipeline->Illuminate\\Routing\\{closure}(Object(Illuminate\\Http\\Request))
#60 /home/adminlsp/appdir/vendor/laravel/framework/src/Illuminate/Pipeline/Pipeline.php(163): Fideloper\\Proxy\\TrustProxies->handle(Object(Illuminate\\Http\\Request), Object(Closure))
#61 /home/adminlsp/appdir/vendor/laravel/framework/src/Illuminate/Routing/Pipeline.php(53): Illuminate\\Pipeline\\Pipeline->Illuminate\\Pipeline\\{closure}(Object(Illuminate\\Http\\Request))
#62 /home/adminlsp/appdir/vendor/laravel/framework/src/Illuminate/Foundation/Http/Middleware/TransformsRequest.php(21): Illuminate\\Routing\\Pipeline->Illuminate\\Routing\\{closure}(Object(Illuminate\\Http\\Request))
#63 /home/adminlsp/appdir/vendor/laravel/framework/src/Illuminate/Pipeline/Pipeline.php(163): Illuminate\\Foundation\\Http\\Middleware\\TransformsRequest->handle(Object(Illuminate\\Http\\Request), Object(Closure))
#64 /home/adminlsp/appdir/vendor/laravel/framework/src/Illuminate/Routing/Pipeline.php(53): Illuminate\\Pipeline\\Pipeline->Illuminate\\Pipeline\\{closure}(Object(Illuminate\\Http\\Request))
#65 /home/adminlsp/appdir/vendor/laravel/framework/src/Illuminate/Foundation/Http/Middleware/TransformsRequest.php(21): Illuminate\\Routing\\Pipeline->Illuminate\\Routing\\{closure}(Object(Illuminate\\Http\\Request))
#66 /home/adminlsp/appdir/vendor/laravel/framework/src/Illuminate/Pipeline/Pipeline.php(163): Illuminate\\Foundation\\Http\\Middleware\\TransformsRequest->handle(Object(Illuminate\\Http\\Request), Object(Closure))
#67 /home/adminlsp/appdir/vendor/laravel/framework/src/Illuminate/Routing/Pipeline.php(53): Illuminate\\Pipeline\\Pipeline->Illuminate\\Pipeline\\{closure}(Object(Illuminate\\Http\\Request))
#68 /home/adminlsp/appdir/vendor/laravel/framework/src/Illuminate/Foundation/Http/Middleware/ValidatePostSize.php(27): Illuminate\\Routing\\Pipeline->Illuminate\\Routing\\{closure}(Object(Illuminate\\Http\\Request))
#69 /home/adminlsp/appdir/vendor/laravel/framework/src/Illuminate/Pipeline/Pipeline.php(163): Illuminate\\Foundation\\Http\\Middleware\\ValidatePostSize->handle(Object(Illuminate\\Http\\Request), Object(Closure))
#70 /home/adminlsp/appdir/vendor/laravel/framework/src/Illuminate/Routing/Pipeline.php(53): Illuminate\\Pipeline\\Pipeline->Illuminate\\Pipeline\\{closure}(Object(Illuminate\\Http\\Request))
#71 /home/adminlsp/appdir/vendor/laravel/framework/src/Illuminate/Foundation/Http/Middleware/CheckForMaintenanceMode.php(62): Illuminate\\Routing\\Pipeline->Illuminate\\Routing\\{closure}(Object(Illuminate\\Http\\Request))
#72 /home/adminlsp/appdir/vendor/laravel/framework/src/Illuminate/Pipeline/Pipeline.php(163): Illuminate\\Foundation\\Http\\Middleware\\CheckForMaintenanceMode->handle(Object(Illuminate\\Http\\Request), Object(Closure))
#73 /home/adminlsp/appdir/vendor/laravel/framework/src/Illuminate/Routing/Pipeline.php(53): Illuminate\\Pipeline\\Pipeline->Illuminate\\Pipeline\\{closure}(Object(Illuminate\\Http\\Request))
#74 /home/adminlsp/appdir/vendor/laravel/framework/src/Illuminate/Pipeline/Pipeline.php(104): Illuminate\\Routing\\Pipeline->Illuminate\\Routing\\{closure}(Object(Illuminate\\Http\\Request))
#75 /home/adminlsp/appdir/vendor/laravel/framework/src/Illuminate/Foundation/Http/Kernel.php(151): Illuminate\\Pipeline\\Pipeline->then(Object(Closure))
#76 /home/adminlsp/appdir/vendor/laravel/framework/src/Illuminate/Foundation/Http/Kernel.php(116): Illuminate\\Foundation\\Http\\Kernel->sendRequestThroughRouter(Object(Illuminate\\Http\\Request))
#77 /home/adminlsp/appdir/public/index.php(55): Illuminate\\Foundation\\Http\\Kernel->handle(Object(Illuminate\\Http\\Request))
#78 /home/adminlsp/appdir/server.php(21): require_once('/home/adminlsp/...')
#79 {main}
"} 
[2021-04-08 09:21:13] local.ERROR: Expected response code 354 but got code "550", with message "550 5.4.5 Daily user sending quota exceeded. y66sm24454242pgb.78 - gsmtp
" {"exception":"[object] (Swift_TransportException(code: 550): Expected response code 354 but got code \"550\", with message \"550 5.4.5 Daily user sending quota exceeded. y66sm24454242pgb.78 - gsmtp
\" at /home/adminlsp/appdir/vendor/swiftmailer/swiftmailer/lib/classes/Swift/Transport/AbstractSmtpTransport.php:457)
[stacktrace]
#0 /home/adminlsp/appdir/vendor/swiftmailer/swiftmailer/lib/classes/Swift/Transport/AbstractSmtpTransport.php(341): Swift_Transport_AbstractSmtpTransport->assertResponseCode('550 5.4.5 Daily...', Array)
#1 /home/adminlsp/appdir/vendor/swiftmailer/swiftmailer/lib/classes/Swift/Transport/EsmtpTransport.php(305): Swift_Transport_AbstractSmtpTransport->executeCommand('DATA\\
', Array, Array, false, NULL)
#2 /home/adminlsp/appdir/vendor/swiftmailer/swiftmailer/lib/classes/Swift/Transport/AbstractSmtpTransport.php(390): Swift_Transport_EsmtpTransport->executeCommand('DATA\\
', Array, Array)
#3 /home/adminlsp/appdir/vendor/swiftmailer/swiftmailer/lib/classes/Swift/Transport/AbstractSmtpTransport.php(497): Swift_Transport_AbstractSmtpTransport->doDataCommand(Array)
#4 /home/adminlsp/appdir/vendor/swiftmailer/swiftmailer/lib/classes/Swift/Transport/AbstractSmtpTransport.php(516): Swift_Transport_AbstractSmtpTransport->doMailTransaction(Object(Swift_Message), 'lsp@polije.ac.i...', Array, Array)
#5 /home/adminlsp/appdir/vendor/swiftmailer/swiftmailer/lib/classes/Swift/Transport/AbstractSmtpTransport.php(206): Swift_Transport_AbstractSmtpTransport->sendTo(Object(Swift_Message), 'lsp@polije.ac.i...', Array, Array)
#6 /home/adminlsp/appdir/vendor/swiftmailer/swiftmailer/lib/classes/Swift/Mailer.php(71): Swift_Transport_AbstractSmtpTransport->send(Object(Swift_Message), Array)
#7 /home/adminlsp/appdir/vendor/laravel/framework/src/Illuminate/Mail/Mailer.php(484): Swift_Mailer->send(Object(Swift_Message), Array)
#8 /home/adminlsp/appdir/vendor/laravel/framework/src/Illuminate/Mail/Mailer.php(259): Illuminate\\Mail\\Mailer->sendSwiftMessage(Object(Swift_Message))
#9 /home/adminlsp/appdir/vendor/laravel/framework/src/Illuminate/Mail/Mailable.php(159): Illuminate\\Mail\\Mailer->send('auth.mail', Array, Object(Closure))
#10 /home/adminlsp/appdir/vendor/laravel/framework/src/Illuminate/Support/Traits/Localizable.php(19): Illuminate\\Mail\\Mailable->Illuminate\\Mail\\{closure}()
#11 /home/adminlsp/appdir/vendor/laravel/framework/src/Illuminate/Mail/Mailable.php(160): Illuminate\\Mail\\Mailable->withLocale(NULL, Object(Closure))
#12 /home/adminlsp/appdir/vendor/laravel/framework/src/Illuminate/Mail/Mailer.php(275): Illuminate\\Mail\\Mailable->send(Object(Illuminate\\Mail\\Mailer))
#13 /home/adminlsp/appdir/vendor/laravel/framework/src/Illuminate/Mail/Mailer.php(229): Illuminate\\Mail\\Mailer->sendMailable(Object(App\\Mail\\RegisterMail))
#14 /home/adminlsp/appdir/vendor/laravel/framework/src/Illuminate/Mail/PendingMail.php(127): Illuminate\\Mail\\Mailer->send(Object(App\\Mail\\RegisterMail))
#15 /home/adminlsp/appdir/app/Listeners/RegisteredListener.php(30): Illuminate\\Mail\\PendingMail->send(Object(App\\Mail\\RegisterMail))
#16 [internal function]: App\\Listeners\\RegisteredListener->handle(Object(Illuminate\\Auth\\Events\\Registered))
#17 /home/adminlsp/appdir/vendor/laravel/framework/src/Illuminate/Events/Dispatcher.php(366): call_user_func_array(Array, Array)
#18 /home/adminlsp/appdir/vendor/laravel/framework/src/Illuminate/Events/Dispatcher.php(196): Illuminate\\Events\\Dispatcher->Illuminate\\Events\\{closure}('Illuminate\\\\Auth...', Array)
#19 /home/adminlsp/appdir/vendor/laravel/framework/src/Illuminate/Foundation/helpers.php(482): Illuminate\\Events\\Dispatcher->dispatch('Illuminate\\\\Auth...')
#20 /home/adminlsp/appdir/vendor/laravel/framework/src/Illuminate/Foundation/Auth/RegistersUsers.php(34): event(Object(Illuminate\\Auth\\Events\\Registered))
#21 [internal function]: App\\Http\\Controllers\\Auth\\RegisterController->register(Object(Illuminate\\Http\\Request))
#22 /home/adminlsp/appdir/vendor/laravel/framework/src/Illuminate/Routing/Controller.php(54): call_user_func_array(Array, Array)
#23 /home/adminlsp/appdir/vendor/laravel/framework/src/Illuminate/Routing/ControllerDispatcher.php(45): Illuminate\\Routing\\Controller->callAction('register', Array)
#24 /home/adminlsp/appdir/vendor/laravel/framework/src/Illuminate/Routing/Route.php(219): Illuminate\\Routing\\ControllerDispatcher->dispatch(Object(Illuminate\\Routing\\Route), Object(App\\Http\\Controllers\\Auth\\RegisterController), 'register')
#25 /home/adminlsp/appdir/vendor/laravel/framework/src/Illuminate/Routing/Route.php(176): Illuminate\\Routing\\Route->runController()
#26 /home/adminlsp/appdir/vendor/laravel/framework/src/Illuminate/Routing/Router.php(680): Illuminate\\Routing\\Route->run()
#27 /home/adminlsp/appdir/vendor/laravel/framework/src/Illuminate/Routing/Pipeline.php(30): Illuminate\\Routing\\Router->Illuminate\\Routing\\{closure}(Object(Illuminate\\Http\\Request))
#28 /home/adminlsp/appdir/app/Http/Middleware/RedirectIfAuthenticated.php(24): Illuminate\\Routing\\Pipeline->Illuminate\\Routing\\{closure}(Object(Illuminate\\Http\\Request))
#29 /home/adminlsp/appdir/vendor/laravel/framework/src/Illuminate/Pipeline/Pipeline.php(163): App\\Http\\Middleware\\RedirectIfAuthenticated->handle(Object(Illuminate\\Http\\Request), Object(Closure))
#30 /home/adminlsp/appdir/vendor/laravel/framework/src/Illuminate/Routing/Pipeline.php(53): Illuminate\\Pipeline\\Pipeline->Illuminate\\Pipeline\\{closure}(Object(Illuminate\\Http\\Request))
#31 /home/adminlsp/appdir/vendor/laravel/framework/src/Illuminate/Routing/Middleware/SubstituteBindings.php(41): Illuminate\\Routing\\Pipeline->Illuminate\\Routing\\{closure}(Object(Illuminate\\Http\\Request))
#32 /home/adminlsp/appdir/vendor/laravel/framework/src/Illuminate/Pipeline/Pipeline.php(163): Illuminate\\Routing\\Middleware\\SubstituteBindings->handle(Object(Illuminate\\Http\\Request), Object(Closure))
#33 /home/adminlsp/appdir/vendor/laravel/framework/src/Illuminate/Routing/Pipeline.php(53): Illuminate\\Pipeline\\Pipeline->Illuminate\\Pipeline\\{closure}(Object(Illuminate\\Http\\Request))
#34 /home/adminlsp/appdir/vendor/laravel/framework/src/Illuminate/Foundation/Http/Middleware/VerifyCsrfToken.php(75): Illuminate\\Routing\\Pipeline->Illuminate\\Routing\\{closure}(Object(Illuminate\\Http\\Request))
#35 /home/adminlsp/appdir/vendor/laravel/framework/src/Illuminate/Pipeline/Pipeline.php(163): Illuminate\\Foundation\\Http\\Middleware\\VerifyCsrfToken->handle(Object(Illuminate\\Http\\Request), Object(Closure))
#36 /home/adminlsp/appdir/vendor/laravel/framework/src/Illuminate/Routing/Pipeline.php(53): Illuminate\\Pipeline\\Pipeline->Illuminate\\Pipeline\\{closure}(Object(Illuminate\\Http\\Request))
#37 /home/adminlsp/appdir/vendor/laravel/framework/src/Illuminate/Session/Middleware/AuthenticateSession.php(39): Illuminate\\Routing\\Pipeline->Illuminate\\Routing\\{closure}(Object(Illuminate\\Http\\Request))
#38 /home/adminlsp/appdir/vendor/laravel/framework/src/Illuminate/Pipeline/Pipeline.php(163): Illuminate\\Session\\Middleware\\AuthenticateSession->handle(Object(Illuminate\\Http\\Request), Object(Closure))
#39 /home/adminlsp/appdir/vendor/laravel/framework/src/Illuminate/Routing/Pipeline.php(53): Illuminate\\Pipeline\\Pipeline->Illuminate\\Pipeline\\{closure}(Object(Illuminate\\Http\\Request))
#40 /home/adminlsp/appdir/vendor/laravel/framework/src/Illuminate/View/Middleware/ShareErrorsFromSession.php(49): Illuminate\\Routing\\Pipeline->Illuminate\\Routing\\{closure}(Object(Illuminate\\Http\\Request))
#41 /home/adminlsp/appdir/vendor/laravel/framework/src/Illuminate/Pipeline/Pipeline.php(163): Illuminate\\View\\Middleware\\ShareErrorsFromSession->handle(Object(Illuminate\\Http\\Request), Object(Closure))
#42 /home/adminlsp/appdir/vendor/laravel/framework/src/Illuminate/Routing/Pipeline.php(53): Illuminate\\Pipeline\\Pipeline->Illuminate\\Pipeline\\{closure}(Object(Illuminate\\Http\\Request))
#43 /home/adminlsp/appdir/vendor/laravel/framework/src/Illuminate/Session/Middleware/StartSession.php(56): Illuminate\\Routing\\Pipeline->Illuminate\\Routing\\{closure}(Object(Illuminate\\Http\\Request))
#44 /home/adminlsp/appdir/vendor/laravel/framework/src/Illuminate/Pipeline/Pipeline.php(163): Illuminate\\Session\\Middleware\\StartSession->handle(Object(Illuminate\\Http\\Request), Object(Closure))
#45 /home/adminlsp/appdir/vendor/laravel/framework/src/Illuminate/Routing/Pipeline.php(53): Illuminate\\Pipeline\\Pipeline->Illuminate\\Pipeline\\{closure}(Object(Illuminate\\Http\\Request))
#46 /home/adminlsp/appdir/vendor/laravel/framework/src/Illuminate/Cookie/Middleware/AddQueuedCookiesToResponse.php(37): Illuminate\\Routing\\Pipeline->Illuminate\\Routing\\{closure}(Object(Illuminate\\Http\\Request))
#47 /home/adminlsp/appdir/vendor/laravel/framework/src/Illuminate/Pipeline/Pipeline.php(163): Illuminate\\Cookie\\Middleware\\AddQueuedCookiesToResponse->handle(Object(Illuminate\\Http\\Request), Object(Closure))
#48 /home/adminlsp/appdir/vendor/laravel/framework/src/Illuminate/Routing/Pipeline.php(53): Illuminate\\Pipeline\\Pipeline->Illuminate\\Pipeline\\{closure}(Object(Illuminate\\Http\\Request))
#49 /home/adminlsp/appdir/vendor/laravel/framework/src/Illuminate/Cookie/Middleware/EncryptCookies.php(66): Illuminate\\Routing\\Pipeline->Illuminate\\Routing\\{closure}(Object(Illuminate\\Http\\Request))
#50 /home/adminlsp/appdir/vendor/laravel/framework/src/Illuminate/Pipeline/Pipeline.php(163): Illuminate\\Cookie\\Middleware\\EncryptCookies->handle(Object(Illuminate\\Http\\Request), Object(Closure))
#51 /home/adminlsp/appdir/vendor/laravel/framework/src/Illuminate/Routing/Pipeline.php(53): Illuminate\\Pipeline\\Pipeline->Illuminate\\Pipeline\\{closure}(Object(Illuminate\\Http\\Request))
#52 /home/adminlsp/appdir/vendor/laravel/framework/src/Illuminate/Pipeline/Pipeline.php(104): Illuminate\\Routing\\Pipeline->Illuminate\\Routing\\{closure}(Object(Illuminate\\Http\\Request))
#53 /home/adminlsp/appdir/vendor/laravel/framework/src/Illuminate/Routing/Router.php(682): Illuminate\\Pipeline\\Pipeline->then(Object(Closure))
#54 /home/adminlsp/appdir/vendor/laravel/framework/src/Illuminate/Routing/Router.php(657): Illuminate\\Routing\\Router->runRouteWithinStack(Object(Illuminate\\Routing\\Route), Object(Illuminate\\Http\\Request))
#55 /home/adminlsp/appdir/vendor/laravel/framework/src/Illuminate/Routing/Router.php(623): Illuminate\\Routing\\Router->runRoute(Object(Illuminate\\Http\\Request), Object(Illuminate\\Routing\\Route))
#56 /home/adminlsp/appdir/vendor/laravel/framework/src/Illuminate/Routing/Router.php(612): Illuminate\\Routing\\Router->dispatchToRoute(Object(Illuminate\\Http\\Request))
#57 /home/adminlsp/appdir/vendor/laravel/framework/src/Illuminate/Foundation/Http/Kernel.php(176): Illuminate\\Routing\\Router->dispatch(Object(Illuminate\\Http\\Request))
#58 /home/adminlsp/appdir/vendor/laravel/framework/src/Illuminate/Routing/Pipeline.php(30): Illuminate\\Foundation\\Http\\Kernel->Illuminate\\Foundation\\Http\\{closure}(Object(Illuminate\\Http\\Request))
#59 /home/adminlsp/appdir/vendor/fideloper/proxy/src/TrustProxies.php(57): Illuminate\\Routing\\Pipeline->Illuminate\\Routing\\{closure}(Object(Illuminate\\Http\\Request))
#60 /home/adminlsp/appdir/vendor/laravel/framework/src/Illuminate/Pipeline/Pipeline.php(163): Fideloper\\Proxy\\TrustProxies->handle(Object(Illuminate\\Http\\Request), Object(Closure))
#61 /home/adminlsp/appdir/vendor/laravel/framework/src/Illuminate/Routing/Pipeline.php(53): Illuminate\\Pipeline\\Pipeline->Illuminate\\Pipeline\\{closure}(Object(Illuminate\\Http\\Request))
#62 /home/adminlsp/appdir/vendor/laravel/framework/src/Illuminate/Foundation/Http/Middleware/TransformsRequest.php(21): Illuminate\\Routing\\Pipeline->Illuminate\\Routing\\{closure}(Object(Illuminate\\Http\\Request))
#63 /home/adminlsp/appdir/vendor/laravel/framework/src/Illuminate/Pipeline/Pipeline.php(163): Illuminate\\Foundation\\Http\\Middleware\\TransformsRequest->handle(Object(Illuminate\\Http\\Request), Object(Closure))
#64 /home/adminlsp/appdir/vendor/laravel/framework/src/Illuminate/Routing/Pipeline.php(53): Illuminate\\Pipeline\\Pipeline->Illuminate\\Pipeline\\{closure}(Object(Illuminate\\Http\\Request))
#65 /home/adminlsp/appdir/vendor/laravel/framework/src/Illuminate/Foundation/Http/Middleware/TransformsRequest.php(21): Illuminate\\Routing\\Pipeline->Illuminate\\Routing\\{closure}(Object(Illuminate\\Http\\Request))
#66 /home/adminlsp/appdir/vendor/laravel/framework/src/Illuminate/Pipeline/Pipeline.php(163): Illuminate\\Foundation\\Http\\Middleware\\TransformsRequest->handle(Object(Illuminate\\Http\\Request), Object(Closure))
#67 /home/adminlsp/appdir/vendor/laravel/framework/src/Illuminate/Routing/Pipeline.php(53): Illuminate\\Pipeline\\Pipeline->Illuminate\\Pipeline\\{closure}(Object(Illuminate\\Http\\Request))
#68 /home/adminlsp/appdir/vendor/laravel/framework/src/Illuminate/Foundation/Http/Middleware/ValidatePostSize.php(27): Illuminate\\Routing\\Pipeline->Illuminate\\Routing\\{closure}(Object(Illuminate\\Http\\Request))
#69 /home/adminlsp/appdir/vendor/laravel/framework/src/Illuminate/Pipeline/Pipeline.php(163): Illuminate\\Foundation\\Http\\Middleware\\ValidatePostSize->handle(Object(Illuminate\\Http\\Request), Object(Closure))
#70 /home/adminlsp/appdir/vendor/laravel/framework/src/Illuminate/Routing/Pipeline.php(53): Illuminate\\Pipeline\\Pipeline->Illuminate\\Pipeline\\{closure}(Object(Illuminate\\Http\\Request))
#71 /home/adminlsp/appdir/vendor/laravel/framework/src/Illuminate/Foundation/Http/Middleware/CheckForMaintenanceMode.php(62): Illuminate\\Routing\\Pipeline->Illuminate\\Routing\\{closure}(Object(Illuminate\\Http\\Request))
#72 /home/adminlsp/appdir/vendor/laravel/framework/src/Illuminate/Pipeline/Pipeline.php(163): Illuminate\\Foundation\\Http\\Middleware\\CheckForMaintenanceMode->handle(Object(Illuminate\\Http\\Request), Object(Closure))
#73 /home/adminlsp/appdir/vendor/laravel/framework/src/Illuminate/Routing/Pipeline.php(53): Illuminate\\Pipeline\\Pipeline->Illuminate\\Pipeline\\{closure}(Object(Illuminate\\Http\\Request))
#74 /home/adminlsp/appdir/vendor/laravel/framework/src/Illuminate/Pipeline/Pipeline.php(104): Illuminate\\Routing\\Pipeline->Illuminate\\Routing\\{closure}(Object(Illuminate\\Http\\Request))
#75 /home/adminlsp/appdir/vendor/laravel/framework/src/Illuminate/Foundation/Http/Kernel.php(151): Illuminate\\Pipeline\\Pipeline->then(Object(Closure))
#76 /home/adminlsp/appdir/vendor/laravel/framework/src/Illuminate/Foundation/Http/Kernel.php(116): Illuminate\\Foundation\\Http\\Kernel->sendRequestThroughRouter(Object(Illuminate\\Http\\Request))
#77 /home/adminlsp/appdir/public/index.php(55): Illuminate\\Foundation\\Http\\Kernel->handle(Object(Illuminate\\Http\\Request))
#78 /home/adminlsp/appdir/server.php(21): require_once('/home/adminlsp/...')
#79 {main}
"} 
[2021-04-08 09:57:20] local.ERROR: Expected response code 354 but got code "550", with message "550 5.4.5 Daily user sending quota exceeded. x4sm23096253pfn.134 - gsmtp
" {"exception":"[object] (Swift_TransportException(code: 550): Expected response code 354 but got code \"550\", with message \"550 5.4.5 Daily user sending quota exceeded. x4sm23096253pfn.134 - gsmtp
\" at /home/adminlsp/appdir/vendor/swiftmailer/swiftmailer/lib/classes/Swift/Transport/AbstractSmtpTransport.php:457)
[stacktrace]
#0 /home/adminlsp/appdir/vendor/swiftmailer/swiftmailer/lib/classes/Swift/Transport/AbstractSmtpTransport.php(341): Swift_Transport_AbstractSmtpTransport->assertResponseCode('550 5.4.5 Daily...', Array)
#1 /home/adminlsp/appdir/vendor/swiftmailer/swiftmailer/lib/classes/Swift/Transport/EsmtpTransport.php(305): Swift_Transport_AbstractSmtpTransport->executeCommand('DATA\\
', Array, Array, false, NULL)
#2 /home/adminlsp/appdir/vendor/swiftmailer/swiftmailer/lib/classes/Swift/Transport/AbstractSmtpTransport.php(390): Swift_Transport_EsmtpTransport->executeCommand('DATA\\
', Array, Array)
#3 /home/adminlsp/appdir/vendor/swiftmailer/swiftmailer/lib/classes/Swift/Transport/AbstractSmtpTransport.php(497): Swift_Transport_AbstractSmtpTransport->doDataCommand(Array)
#4 /home/adminlsp/appdir/vendor/swiftmailer/swiftmailer/lib/classes/Swift/Transport/AbstractSmtpTransport.php(516): Swift_Transport_AbstractSmtpTransport->doMailTransaction(Object(Swift_Message), 'lsp@polije.ac.i...', Array, Array)
#5 /home/adminlsp/appdir/vendor/swiftmailer/swiftmailer/lib/classes/Swift/Transport/AbstractSmtpTransport.php(206): Swift_Transport_AbstractSmtpTransport->sendTo(Object(Swift_Message), 'lsp@polije.ac.i...', Array, Array)
#6 /home/adminlsp/appdir/vendor/swiftmailer/swiftmailer/lib/classes/Swift/Mailer.php(71): Swift_Transport_AbstractSmtpTransport->send(Object(Swift_Message), Array)
#7 /home/adminlsp/appdir/vendor/laravel/framework/src/Illuminate/Mail/Mailer.php(484): Swift_Mailer->send(Object(Swift_Message), Array)
#8 /home/adminlsp/appdir/vendor/laravel/framework/src/Illuminate/Mail/Mailer.php(259): Illuminate\\Mail\\Mailer->sendSwiftMessage(Object(Swift_Message))
#9 /home/adminlsp/appdir/vendor/laravel/framework/src/Illuminate/Mail/Mailable.php(159): Illuminate\\Mail\\Mailer->send('auth.mail', Array, Object(Closure))
#10 /home/adminlsp/appdir/vendor/laravel/framework/src/Illuminate/Support/Traits/Localizable.php(19): Illuminate\\Mail\\Mailable->Illuminate\\Mail\\{closure}()
#11 /home/adminlsp/appdir/vendor/laravel/framework/src/Illuminate/Mail/Mailable.php(160): Illuminate\\Mail\\Mailable->withLocale(NULL, Object(Closure))
#12 /home/adminlsp/appdir/vendor/laravel/framework/src/Illuminate/Mail/Mailer.php(275): Illuminate\\Mail\\Mailable->send(Object(Illuminate\\Mail\\Mailer))
#13 /home/adminlsp/appdir/vendor/laravel/framework/src/Illuminate/Mail/Mailer.php(229): Illuminate\\Mail\\Mailer->sendMailable(Object(App\\Mail\\RegisterMail))
#14 /home/adminlsp/appdir/vendor/laravel/framework/src/Illuminate/Mail/PendingMail.php(127): Illuminate\\Mail\\Mailer->send(Object(App\\Mail\\RegisterMail))
#15 /home/adminlsp/appdir/app/Listeners/RegisteredListener.php(30): Illuminate\\Mail\\PendingMail->send(Object(App\\Mail\\RegisterMail))
#16 [internal function]: App\\Listeners\\RegisteredListener->handle(Object(Illuminate\\Auth\\Events\\Registered))
#17 /home/adminlsp/appdir/vendor/laravel/framework/src/Illuminate/Events/Dispatcher.php(366): call_user_func_array(Array, Array)
#18 /home/adminlsp/appdir/vendor/laravel/framework/src/Illuminate/Events/Dispatcher.php(196): Illuminate\\Events\\Dispatcher->Illuminate\\Events\\{closure}('Illuminate\\\\Auth...', Array)
#19 /home/adminlsp/appdir/vendor/laravel/framework/src/Illuminate/Foundation/helpers.php(482): Illuminate\\Events\\Dispatcher->dispatch('Illuminate\\\\Auth...')
#20 /home/adminlsp/appdir/vendor/laravel/framework/src/Illuminate/Foundation/Auth/RegistersUsers.php(34): event(Object(Illuminate\\Auth\\Events\\Registered))
#21 [internal function]: App\\Http\\Controllers\\Auth\\RegisterController->register(Object(Illuminate\\Http\\Request))
#22 /home/adminlsp/appdir/vendor/laravel/framework/src/Illuminate/Routing/Controller.php(54): call_user_func_array(Array, Array)
#23 /home/adminlsp/appdir/vendor/laravel/framework/src/Illuminate/Routing/ControllerDispatcher.php(45): Illuminate\\Routing\\Controller->callAction('register', Array)
#24 /home/adminlsp/appdir/vendor/laravel/framework/src/Illuminate/Routing/Route.php(219): Illuminate\\Routing\\ControllerDispatcher->dispatch(Object(Illuminate\\Routing\\Route), Object(App\\Http\\Controllers\\Auth\\RegisterController), 'register')
#25 /home/adminlsp/appdir/vendor/laravel/framework/src/Illuminate/Routing/Route.php(176): Illuminate\\Routing\\Route->runController()
#26 /home/adminlsp/appdir/vendor/laravel/framework/src/Illuminate/Routing/Router.php(680): Illuminate\\Routing\\Route->run()
#27 /home/adminlsp/appdir/vendor/laravel/framework/src/Illuminate/Routing/Pipeline.php(30): Illuminate\\Routing\\Router->Illuminate\\Routing\\{closure}(Object(Illuminate\\Http\\Request))
#28 /home/adminlsp/appdir/app/Http/Middleware/RedirectIfAuthenticated.php(24): Illuminate\\Routing\\Pipeline->Illuminate\\Routing\\{closure}(Object(Illuminate\\Http\\Request))
#29 /home/adminlsp/appdir/vendor/laravel/framework/src/Illuminate/Pipeline/Pipeline.php(163): App\\Http\\Middleware\\RedirectIfAuthenticated->handle(Object(Illuminate\\Http\\Request), Object(Closure))
#30 /home/adminlsp/appdir/vendor/laravel/framework/src/Illuminate/Routing/Pipeline.php(53): Illuminate\\Pipeline\\Pipeline->Illuminate\\Pipeline\\{closure}(Object(Illuminate\\Http\\Request))
#31 /home/adminlsp/appdir/vendor/laravel/framework/src/Illuminate/Routing/Middleware/SubstituteBindings.php(41): Illuminate\\Routing\\Pipeline->Illuminate\\Routing\\{closure}(Object(Illuminate\\Http\\Request))
#32 /home/adminlsp/appdir/vendor/laravel/framework/src/Illuminate/Pipeline/Pipeline.php(163): Illuminate\\Routing\\Middleware\\SubstituteBindings->handle(Object(Illuminate\\Http\\Request), Object(Closure))
#33 /home/adminlsp/appdir/vendor/laravel/framework/src/Illuminate/Routing/Pipeline.php(53): Illuminate\\Pipeline\\Pipeline->Illuminate\\Pipeline\\{closure}(Object(Illuminate\\Http\\Request))
#34 /home/adminlsp/appdir/vendor/laravel/framework/src/Illuminate/Foundation/Http/Middleware/VerifyCsrfToken.php(75): Illuminate\\Routing\\Pipeline->Illuminate\\Routing\\{closure}(Object(Illuminate\\Http\\Request))
#35 /home/adminlsp/appdir/vendor/laravel/framework/src/Illuminate/Pipeline/Pipeline.php(163): Illuminate\\Foundation\\Http\\Middleware\\VerifyCsrfToken->handle(Object(Illuminate\\Http\\Request), Object(Closure))
#36 /home/adminlsp/appdir/vendor/laravel/framework/src/Illuminate/Routing/Pipeline.php(53): Illuminate\\Pipeline\\Pipeline->Illuminate\\Pipeline\\{closure}(Object(Illuminate\\Http\\Request))
#37 /home/adminlsp/appdir/vendor/laravel/framework/src/Illuminate/Session/Middleware/AuthenticateSession.php(39): Illuminate\\Routing\\Pipeline->Illuminate\\Routing\\{closure}(Object(Illuminate\\Http\\Request))
#38 /home/adminlsp/appdir/vendor/laravel/framework/src/Illuminate/Pipeline/Pipeline.php(163): Illuminate\\Session\\Middleware\\AuthenticateSession->handle(Object(Illuminate\\Http\\Request), Object(Closure))
#39 /home/adminlsp/appdir/vendor/laravel/framework/src/Illuminate/Routing/Pipeline.php(53): Illuminate\\Pipeline\\Pipeline->Illuminate\\Pipeline\\{closure}(Object(Illuminate\\Http\\Request))
#40 /home/adminlsp/appdir/vendor/laravel/framework/src/Illuminate/View/Middleware/ShareErrorsFromSession.php(49): Illuminate\\Routing\\Pipeline->Illuminate\\Routing\\{closure}(Object(Illuminate\\Http\\Request))
#41 /home/adminlsp/appdir/vendor/laravel/framework/src/Illuminate/Pipeline/Pipeline.php(163): Illuminate\\View\\Middleware\\ShareErrorsFromSession->handle(Object(Illuminate\\Http\\Request), Object(Closure))
#42 /home/adminlsp/appdir/vendor/laravel/framework/src/Illuminate/Routing/Pipeline.php(53): Illuminate\\Pipeline\\Pipeline->Illuminate\\Pipeline\\{closure}(Object(Illuminate\\Http\\Request))
#43 /home/adminlsp/appdir/vendor/laravel/framework/src/Illuminate/Session/Middleware/StartSession.php(56): Illuminate\\Routing\\Pipeline->Illuminate\\Routing\\{closure}(Object(Illuminate\\Http\\Request))
#44 /home/adminlsp/appdir/vendor/laravel/framework/src/Illuminate/Pipeline/Pipeline.php(163): Illuminate\\Session\\Middleware\\StartSession->handle(Object(Illuminate\\Http\\Request), Object(Closure))
#45 /home/adminlsp/appdir/vendor/laravel/framework/src/Illuminate/Routing/Pipeline.php(53): Illuminate\\Pipeline\\Pipeline->Illuminate\\Pipeline\\{closure}(Object(Illuminate\\Http\\Request))
#46 /home/adminlsp/appdir/vendor/laravel/framework/src/Illuminate/Cookie/Middleware/AddQueuedCookiesToResponse.php(37): Illuminate\\Routing\\Pipeline->Illuminate\\Routing\\{closure}(Object(Illuminate\\Http\\Request))
#47 /home/adminlsp/appdir/vendor/laravel/framework/src/Illuminate/Pipeline/Pipeline.php(163): Illuminate\\Cookie\\Middleware\\AddQueuedCookiesToResponse->handle(Object(Illuminate\\Http\\Request), Object(Closure))
#48 /home/adminlsp/appdir/vendor/laravel/framework/src/Illuminate/Routing/Pipeline.php(53): Illuminate\\Pipeline\\Pipeline->Illuminate\\Pipeline\\{closure}(Object(Illuminate\\Http\\Request))
#49 /home/adminlsp/appdir/vendor/laravel/framework/src/Illuminate/Cookie/Middleware/EncryptCookies.php(66): Illuminate\\Routing\\Pipeline->Illuminate\\Routing\\{closure}(Object(Illuminate\\Http\\Request))
#50 /home/adminlsp/appdir/vendor/laravel/framework/src/Illuminate/Pipeline/Pipeline.php(163): Illuminate\\Cookie\\Middleware\\EncryptCookies->handle(Object(Illuminate\\Http\\Request), Object(Closure))
#51 /home/adminlsp/appdir/vendor/laravel/framework/src/Illuminate/Routing/Pipeline.php(53): Illuminate\\Pipeline\\Pipeline->Illuminate\\Pipeline\\{closure}(Object(Illuminate\\Http\\Request))
#52 /home/adminlsp/appdir/vendor/laravel/framework/src/Illuminate/Pipeline/Pipeline.php(104): Illuminate\\Routing\\Pipeline->Illuminate\\Routing\\{closure}(Object(Illuminate\\Http\\Request))
#53 /home/adminlsp/appdir/vendor/laravel/framework/src/Illuminate/Routing/Router.php(682): Illuminate\\Pipeline\\Pipeline->then(Object(Closure))
#54 /home/adminlsp/appdir/vendor/laravel/framework/src/Illuminate/Routing/Router.php(657): Illuminate\\Routing\\Router->runRouteWithinStack(Object(Illuminate\\Routing\\Route), Object(Illuminate\\Http\\Request))
#55 /home/adminlsp/appdir/vendor/laravel/framework/src/Illuminate/Routing/Router.php(623): Illuminate\\Routing\\Router->runRoute(Object(Illuminate\\Http\\Request), Object(Illuminate\\Routing\\Route))
#56 /home/adminlsp/appdir/vendor/laravel/framework/src/Illuminate/Routing/Router.php(612): Illuminate\\Routing\\Router->dispatchToRoute(Object(Illuminate\\Http\\Request))
#57 /home/adminlsp/appdir/vendor/laravel/framework/src/Illuminate/Foundation/Http/Kernel.php(176): Illuminate\\Routing\\Router->dispatch(Object(Illuminate\\Http\\Request))
#58 /home/adminlsp/appdir/vendor/laravel/framework/src/Illuminate/Routing/Pipeline.php(30): Illuminate\\Foundation\\Http\\Kernel->Illuminate\\Foundation\\Http\\{closure}(Object(Illuminate\\Http\\Request))
#59 /home/adminlsp/appdir/vendor/fideloper/proxy/src/TrustProxies.php(57): Illuminate\\Routing\\Pipeline->Illuminate\\Routing\\{closure}(Object(Illuminate\\Http\\Request))
#60 /home/adminlsp/appdir/vendor/laravel/framework/src/Illuminate/Pipeline/Pipeline.php(163): Fideloper\\Proxy\\TrustProxies->handle(Object(Illuminate\\Http\\Request), Object(Closure))
#61 /home/adminlsp/appdir/vendor/laravel/framework/src/Illuminate/Routing/Pipeline.php(53): Illuminate\\Pipeline\\Pipeline->Illuminate\\Pipeline\\{closure}(Object(Illuminate\\Http\\Request))
#62 /home/adminlsp/appdir/vendor/laravel/framework/src/Illuminate/Foundation/Http/Middleware/TransformsRequest.php(21): Illuminate\\Routing\\Pipeline->Illuminate\\Routing\\{closure}(Object(Illuminate\\Http\\Request))
#63 /home/adminlsp/appdir/vendor/laravel/framework/src/Illuminate/Pipeline/Pipeline.php(163): Illuminate\\Foundation\\Http\\Middleware\\TransformsRequest->handle(Object(Illuminate\\Http\\Request), Object(Closure))
#64 /home/adminlsp/appdir/vendor/laravel/framework/src/Illuminate/Routing/Pipeline.php(53): Illuminate\\Pipeline\\Pipeline->Illuminate\\Pipeline\\{closure}(Object(Illuminate\\Http\\Request))
#65 /home/adminlsp/appdir/vendor/laravel/framework/src/Illuminate/Foundation/Http/Middleware/TransformsRequest.php(21): Illuminate\\Routing\\Pipeline->Illuminate\\Routing\\{closure}(Object(Illuminate\\Http\\Request))
#66 /home/adminlsp/appdir/vendor/laravel/framework/src/Illuminate/Pipeline/Pipeline.php(163): Illuminate\\Foundation\\Http\\Middleware\\TransformsRequest->handle(Object(Illuminate\\Http\\Request), Object(Closure))
#67 /home/adminlsp/appdir/vendor/laravel/framework/src/Illuminate/Routing/Pipeline.php(53): Illuminate\\Pipeline\\Pipeline->Illuminate\\Pipeline\\{closure}(Object(Illuminate\\Http\\Request))
#68 /home/adminlsp/appdir/vendor/laravel/framework/src/Illuminate/Foundation/Http/Middleware/ValidatePostSize.php(27): Illuminate\\Routing\\Pipeline->Illuminate\\Routing\\{closure}(Object(Illuminate\\Http\\Request))
#69 /home/adminlsp/appdir/vendor/laravel/framework/src/Illuminate/Pipeline/Pipeline.php(163): Illuminate\\Foundation\\Http\\Middleware\\ValidatePostSize->handle(Object(Illuminate\\Http\\Request), Object(Closure))
#70 /home/adminlsp/appdir/vendor/laravel/framework/src/Illuminate/Routing/Pipeline.php(53): Illuminate\\Pipeline\\Pipeline->Illuminate\\Pipeline\\{closure}(Object(Illuminate\\Http\\Request))
#71 /home/adminlsp/appdir/vendor/laravel/framework/src/Illuminate/Foundation/Http/Middleware/CheckForMaintenanceMode.php(62): Illuminate\\Routing\\Pipeline->Illuminate\\Routing\\{closure}(Object(Illuminate\\Http\\Request))
#72 /home/adminlsp/appdir/vendor/laravel/framework/src/Illuminate/Pipeline/Pipeline.php(163): Illuminate\\Foundation\\Http\\Middleware\\CheckForMaintenanceMode->handle(Object(Illuminate\\Http\\Request), Object(Closure))
#73 /home/adminlsp/appdir/vendor/laravel/framework/src/Illuminate/Routing/Pipeline.php(53): Illuminate\\Pipeline\\Pipeline->Illuminate\\Pipeline\\{closure}(Object(Illuminate\\Http\\Request))
#74 /home/adminlsp/appdir/vendor/laravel/framework/src/Illuminate/Pipeline/Pipeline.php(104): Illuminate\\Routing\\Pipeline->Illuminate\\Routing\\{closure}(Object(Illuminate\\Http\\Request))
#75 /home/adminlsp/appdir/vendor/laravel/framework/src/Illuminate/Foundation/Http/Kernel.php(151): Illuminate\\Pipeline\\Pipeline->then(Object(Closure))
#76 /home/adminlsp/appdir/vendor/laravel/framework/src/Illuminate/Foundation/Http/Kernel.php(116): Illuminate\\Foundation\\Http\\Kernel->sendRequestThroughRouter(Object(Illuminate\\Http\\Request))
#77 /home/adminlsp/appdir/public/index.php(55): Illuminate\\Foundation\\Http\\Kernel->handle(Object(Illuminate\\Http\\Request))
#78 /home/adminlsp/appdir/server.php(21): require_once('/home/adminlsp/...')
#79 {main}
"} 
[2021-04-08 10:57:12] local.ERROR: Expected response code 354 but got code "550", with message "550 5.4.5 Daily user sending quota exceeded. o13sm24402217pfp.26 - gsmtp
" {"exception":"[object] (Swift_TransportException(code: 550): Expected response code 354 but got code \"550\", with message \"550 5.4.5 Daily user sending quota exceeded. o13sm24402217pfp.26 - gsmtp
\" at /home/adminlsp/appdir/vendor/swiftmailer/swiftmailer/lib/classes/Swift/Transport/AbstractSmtpTransport.php:457)
[stacktrace]
#0 /home/adminlsp/appdir/vendor/swiftmailer/swiftmailer/lib/classes/Swift/Transport/AbstractSmtpTransport.php(341): Swift_Transport_AbstractSmtpTransport->assertResponseCode('550 5.4.5 Daily...', Array)
#1 /home/adminlsp/appdir/vendor/swiftmailer/swiftmailer/lib/classes/Swift/Transport/EsmtpTransport.php(305): Swift_Transport_AbstractSmtpTransport->executeCommand('DATA\\
', Array, Array, false, NULL)
#2 /home/adminlsp/appdir/vendor/swiftmailer/swiftmailer/lib/classes/Swift/Transport/AbstractSmtpTransport.php(390): Swift_Transport_EsmtpTransport->executeCommand('DATA\\
', Array, Array)
#3 /home/adminlsp/appdir/vendor/swiftmailer/swiftmailer/lib/classes/Swift/Transport/AbstractSmtpTransport.php(497): Swift_Transport_AbstractSmtpTransport->doDataCommand(Array)
#4 /home/adminlsp/appdir/vendor/swiftmailer/swiftmailer/lib/classes/Swift/Transport/AbstractSmtpTransport.php(516): Swift_Transport_AbstractSmtpTransport->doMailTransaction(Object(Swift_Message), 'lsp@polije.ac.i...', Array, Array)
#5 /home/adminlsp/appdir/vendor/swiftmailer/swiftmailer/lib/classes/Swift/Transport/AbstractSmtpTransport.php(206): Swift_Transport_AbstractSmtpTransport->sendTo(Object(Swift_Message), 'lsp@polije.ac.i...', Array, Array)
#6 /home/adminlsp/appdir/vendor/swiftmailer/swiftmailer/lib/classes/Swift/Mailer.php(71): Swift_Transport_AbstractSmtpTransport->send(Object(Swift_Message), Array)
#7 /home/adminlsp/appdir/vendor/laravel/framework/src/Illuminate/Mail/Mailer.php(484): Swift_Mailer->send(Object(Swift_Message), Array)
#8 /home/adminlsp/appdir/vendor/laravel/framework/src/Illuminate/Mail/Mailer.php(259): Illuminate\\Mail\\Mailer->sendSwiftMessage(Object(Swift_Message))
#9 /home/adminlsp/appdir/vendor/laravel/framework/src/Illuminate/Mail/Mailable.php(159): Illuminate\\Mail\\Mailer->send('auth.mail', Array, Object(Closure))
#10 /home/adminlsp/appdir/vendor/laravel/framework/src/Illuminate/Support/Traits/Localizable.php(19): Illuminate\\Mail\\Mailable->Illuminate\\Mail\\{closure}()
#11 /home/adminlsp/appdir/vendor/laravel/framework/src/Illuminate/Mail/Mailable.php(160): Illuminate\\Mail\\Mailable->withLocale(NULL, Object(Closure))
#12 /home/adminlsp/appdir/vendor/laravel/framework/src/Illuminate/Mail/Mailer.php(275): Illuminate\\Mail\\Mailable->send(Object(Illuminate\\Mail\\Mailer))
#13 /home/adminlsp/appdir/vendor/laravel/framework/src/Illuminate/Mail/Mailer.php(229): Illuminate\\Mail\\Mailer->sendMailable(Object(App\\Mail\\RegisterMail))
#14 /home/adminlsp/appdir/vendor/laravel/framework/src/Illuminate/Mail/PendingMail.php(127): Illuminate\\Mail\\Mailer->send(Object(App\\Mail\\RegisterMail))
#15 /home/adminlsp/appdir/app/Listeners/RegisteredListener.php(30): Illuminate\\Mail\\PendingMail->send(Object(App\\Mail\\RegisterMail))
#16 [internal function]: App\\Listeners\\RegisteredListener->handle(Object(Illuminate\\Auth\\Events\\Registered))
#17 /home/adminlsp/appdir/vendor/laravel/framework/src/Illuminate/Events/Dispatcher.php(366): call_user_func_array(Array, Array)
#18 /home/adminlsp/appdir/vendor/laravel/framework/src/Illuminate/Events/Dispatcher.php(196): Illuminate\\Events\\Dispatcher->Illuminate\\Events\\{closure}('Illuminate\\\\Auth...', Array)
#19 /home/adminlsp/appdir/vendor/laravel/framework/src/Illuminate/Foundation/helpers.php(482): Illuminate\\Events\\Dispatcher->dispatch('Illuminate\\\\Auth...')
#20 /home/adminlsp/appdir/vendor/laravel/framework/src/Illuminate/Foundation/Auth/RegistersUsers.php(34): event(Object(Illuminate\\Auth\\Events\\Registered))
#21 [internal function]: App\\Http\\Controllers\\Auth\\RegisterController->register(Object(Illuminate\\Http\\Request))
#22 /home/adminlsp/appdir/vendor/laravel/framework/src/Illuminate/Routing/Controller.php(54): call_user_func_array(Array, Array)
#23 /home/adminlsp/appdir/vendor/laravel/framework/src/Illuminate/Routing/ControllerDispatcher.php(45): Illuminate\\Routing\\Controller->callAction('register', Array)
#24 /home/adminlsp/appdir/vendor/laravel/framework/src/Illuminate/Routing/Route.php(219): Illuminate\\Routing\\ControllerDispatcher->dispatch(Object(Illuminate\\Routing\\Route), Object(App\\Http\\Controllers\\Auth\\RegisterController), 'register')
#25 /home/adminlsp/appdir/vendor/laravel/framework/src/Illuminate/Routing/Route.php(176): Illuminate\\Routing\\Route->runController()
#26 /home/adminlsp/appdir/vendor/laravel/framework/src/Illuminate/Routing/Router.php(680): Illuminate\\Routing\\Route->run()
#27 /home/adminlsp/appdir/vendor/laravel/framework/src/Illuminate/Routing/Pipeline.php(30): Illuminate\\Routing\\Router->Illuminate\\Routing\\{closure}(Object(Illuminate\\Http\\Request))
#28 /home/adminlsp/appdir/app/Http/Middleware/RedirectIfAuthenticated.php(24): Illuminate\\Routing\\Pipeline->Illuminate\\Routing\\{closure}(Object(Illuminate\\Http\\Request))
#29 /home/adminlsp/appdir/vendor/laravel/framework/src/Illuminate/Pipeline/Pipeline.php(163): App\\Http\\Middleware\\RedirectIfAuthenticated->handle(Object(Illuminate\\Http\\Request), Object(Closure))
#30 /home/adminlsp/appdir/vendor/laravel/framework/src/Illuminate/Routing/Pipeline.php(53): Illuminate\\Pipeline\\Pipeline->Illuminate\\Pipeline\\{closure}(Object(Illuminate\\Http\\Request))
#31 /home/adminlsp/appdir/vendor/laravel/framework/src/Illuminate/Routing/Middleware/SubstituteBindings.php(41): Illuminate\\Routing\\Pipeline->Illuminate\\Routing\\{closure}(Object(Illuminate\\Http\\Request))
#32 /home/adminlsp/appdir/vendor/laravel/framework/src/Illuminate/Pipeline/Pipeline.php(163): Illuminate\\Routing\\Middleware\\SubstituteBindings->handle(Object(Illuminate\\Http\\Request), Object(Closure))
#33 /home/adminlsp/appdir/vendor/laravel/framework/src/Illuminate/Routing/Pipeline.php(53): Illuminate\\Pipeline\\Pipeline->Illuminate\\Pipeline\\{closure}(Object(Illuminate\\Http\\Request))
#34 /home/adminlsp/appdir/vendor/laravel/framework/src/Illuminate/Foundation/Http/Middleware/VerifyCsrfToken.php(75): Illuminate\\Routing\\Pipeline->Illuminate\\Routing\\{closure}(Object(Illuminate\\Http\\Request))
#35 /home/adminlsp/appdir/vendor/laravel/framework/src/Illuminate/Pipeline/Pipeline.php(163): Illuminate\\Foundation\\Http\\Middleware\\VerifyCsrfToken->handle(Object(Illuminate\\Http\\Request), Object(Closure))
#36 /home/adminlsp/appdir/vendor/laravel/framework/src/Illuminate/Routing/Pipeline.php(53): Illuminate\\Pipeline\\Pipeline->Illuminate\\Pipeline\\{closure}(Object(Illuminate\\Http\\Request))
#37 /home/adminlsp/appdir/vendor/laravel/framework/src/Illuminate/Session/Middleware/AuthenticateSession.php(39): Illuminate\\Routing\\Pipeline->Illuminate\\Routing\\{closure}(Object(Illuminate\\Http\\Request))
#38 /home/adminlsp/appdir/vendor/laravel/framework/src/Illuminate/Pipeline/Pipeline.php(163): Illuminate\\Session\\Middleware\\AuthenticateSession->handle(Object(Illuminate\\Http\\Request), Object(Closure))
#39 /home/adminlsp/appdir/vendor/laravel/framework/src/Illuminate/Routing/Pipeline.php(53): Illuminate\\Pipeline\\Pipeline->Illuminate\\Pipeline\\{closure}(Object(Illuminate\\Http\\Request))
#40 /home/adminlsp/appdir/vendor/laravel/framework/src/Illuminate/View/Middleware/ShareErrorsFromSession.php(49): Illuminate\\Routing\\Pipeline->Illuminate\\Routing\\{closure}(Object(Illuminate\\Http\\Request))
#41 /home/adminlsp/appdir/vendor/laravel/framework/src/Illuminate/Pipeline/Pipeline.php(163): Illuminate\\View\\Middleware\\ShareErrorsFromSession->handle(Object(Illuminate\\Http\\Request), Object(Closure))
#42 /home/adminlsp/appdir/vendor/laravel/framework/src/Illuminate/Routing/Pipeline.php(53): Illuminate\\Pipeline\\Pipeline->Illuminate\\Pipeline\\{closure}(Object(Illuminate\\Http\\Request))
#43 /home/adminlsp/appdir/vendor/laravel/framework/src/Illuminate/Session/Middleware/StartSession.php(56): Illuminate\\Routing\\Pipeline->Illuminate\\Routing\\{closure}(Object(Illuminate\\Http\\Request))
#44 /home/adminlsp/appdir/vendor/laravel/framework/src/Illuminate/Pipeline/Pipeline.php(163): Illuminate\\Session\\Middleware\\StartSession->handle(Object(Illuminate\\Http\\Request), Object(Closure))
#45 /home/adminlsp/appdir/vendor/laravel/framework/src/Illuminate/Routing/Pipeline.php(53): Illuminate\\Pipeline\\Pipeline->Illuminate\\Pipeline\\{closure}(Object(Illuminate\\Http\\Request))
#46 /home/adminlsp/appdir/vendor/laravel/framework/src/Illuminate/Cookie/Middleware/AddQueuedCookiesToResponse.php(37): Illuminate\\Routing\\Pipeline->Illuminate\\Routing\\{closure}(Object(Illuminate\\Http\\Request))
#47 /home/adminlsp/appdir/vendor/laravel/framework/src/Illuminate/Pipeline/Pipeline.php(163): Illuminate\\Cookie\\Middleware\\AddQueuedCookiesToResponse->handle(Object(Illuminate\\Http\\Request), Object(Closure))
#48 /home/adminlsp/appdir/vendor/laravel/framework/src/Illuminate/Routing/Pipeline.php(53): Illuminate\\Pipeline\\Pipeline->Illuminate\\Pipeline\\{closure}(Object(Illuminate\\Http\\Request))
#49 /home/adminlsp/appdir/vendor/laravel/framework/src/Illuminate/Cookie/Middleware/EncryptCookies.php(66): Illuminate\\Routing\\Pipeline->Illuminate\\Routing\\{closure}(Object(Illuminate\\Http\\Request))
#50 /home/adminlsp/appdir/vendor/laravel/framework/src/Illuminate/Pipeline/Pipeline.php(163): Illuminate\\Cookie\\Middleware\\EncryptCookies->handle(Object(Illuminate\\Http\\Request), Object(Closure))
#51 /home/adminlsp/appdir/vendor/laravel/framework/src/Illuminate/Routing/Pipeline.php(53): Illuminate\\Pipeline\\Pipeline->Illuminate\\Pipeline\\{closure}(Object(Illuminate\\Http\\Request))
#52 /home/adminlsp/appdir/vendor/laravel/framework/src/Illuminate/Pipeline/Pipeline.php(104): Illuminate\\Routing\\Pipeline->Illuminate\\Routing\\{closure}(Object(Illuminate\\Http\\Request))
#53 /home/adminlsp/appdir/vendor/laravel/framework/src/Illuminate/Routing/Router.php(682): Illuminate\\Pipeline\\Pipeline->then(Object(Closure))
#54 /home/adminlsp/appdir/vendor/laravel/framework/src/Illuminate/Routing/Router.php(657): Illuminate\\Routing\\Router->runRouteWithinStack(Object(Illuminate\\Routing\\Route), Object(Illuminate\\Http\\Request))
#55 /home/adminlsp/appdir/vendor/laravel/framework/src/Illuminate/Routing/Router.php(623): Illuminate\\Routing\\Router->runRoute(Object(Illuminate\\Http\\Request), Object(Illuminate\\Routing\\Route))
#56 /home/adminlsp/appdir/vendor/laravel/framework/src/Illuminate/Routing/Router.php(612): Illuminate\\Routing\\Router->dispatchToRoute(Object(Illuminate\\Http\\Request))
#57 /home/adminlsp/appdir/vendor/laravel/framework/src/Illuminate/Foundation/Http/Kernel.php(176): Illuminate\\Routing\\Router->dispatch(Object(Illuminate\\Http\\Request))
#58 /home/adminlsp/appdir/vendor/laravel/framework/src/Illuminate/Routing/Pipeline.php(30): Illuminate\\Foundation\\Http\\Kernel->Illuminate\\Foundation\\Http\\{closure}(Object(Illuminate\\Http\\Request))
#59 /home/adminlsp/appdir/vendor/fideloper/proxy/src/TrustProxies.php(57): Illuminate\\Routing\\Pipeline->Illuminate\\Routing\\{closure}(Object(Illuminate\\Http\\Request))
#60 /home/adminlsp/appdir/vendor/laravel/framework/src/Illuminate/Pipeline/Pipeline.php(163): Fideloper\\Proxy\\TrustProxies->handle(Object(Illuminate\\Http\\Request), Object(Closure))
#61 /home/adminlsp/appdir/vendor/laravel/framework/src/Illuminate/Routing/Pipeline.php(53): Illuminate\\Pipeline\\Pipeline->Illuminate\\Pipeline\\{closure}(Object(Illuminate\\Http\\Request))
#62 /home/adminlsp/appdir/vendor/laravel/framework/src/Illuminate/Foundation/Http/Middleware/TransformsRequest.php(21): Illuminate\\Routing\\Pipeline->Illuminate\\Routing\\{closure}(Object(Illuminate\\Http\\Request))
#63 /home/adminlsp/appdir/vendor/laravel/framework/src/Illuminate/Pipeline/Pipeline.php(163): Illuminate\\Foundation\\Http\\Middleware\\TransformsRequest->handle(Object(Illuminate\\Http\\Request), Object(Closure))
#64 /home/adminlsp/appdir/vendor/laravel/framework/src/Illuminate/Routing/Pipeline.php(53): Illuminate\\Pipeline\\Pipeline->Illuminate\\Pipeline\\{closure}(Object(Illuminate\\Http\\Request))
#65 /home/adminlsp/appdir/vendor/laravel/framework/src/Illuminate/Foundation/Http/Middleware/TransformsRequest.php(21): Illuminate\\Routing\\Pipeline->Illuminate\\Routing\\{closure}(Object(Illuminate\\Http\\Request))
#66 /home/adminlsp/appdir/vendor/laravel/framework/src/Illuminate/Pipeline/Pipeline.php(163): Illuminate\\Foundation\\Http\\Middleware\\TransformsRequest->handle(Object(Illuminate\\Http\\Request), Object(Closure))
#67 /home/adminlsp/appdir/vendor/laravel/framework/src/Illuminate/Routing/Pipeline.php(53): Illuminate\\Pipeline\\Pipeline->Illuminate\\Pipeline\\{closure}(Object(Illuminate\\Http\\Request))
#68 /home/adminlsp/appdir/vendor/laravel/framework/src/Illuminate/Foundation/Http/Middleware/ValidatePostSize.php(27): Illuminate\\Routing\\Pipeline->Illuminate\\Routing\\{closure}(Object(Illuminate\\Http\\Request))
#69 /home/adminlsp/appdir/vendor/laravel/framework/src/Illuminate/Pipeline/Pipeline.php(163): Illuminate\\Foundation\\Http\\Middleware\\ValidatePostSize->handle(Object(Illuminate\\Http\\Request), Object(Closure))
#70 /home/adminlsp/appdir/vendor/laravel/framework/src/Illuminate/Routing/Pipeline.php(53): Illuminate\\Pipeline\\Pipeline->Illuminate\\Pipeline\\{closure}(Object(Illuminate\\Http\\Request))
#71 /home/adminlsp/appdir/vendor/laravel/framework/src/Illuminate/Foundation/Http/Middleware/CheckForMaintenanceMode.php(62): Illuminate\\Routing\\Pipeline->Illuminate\\Routing\\{closure}(Object(Illuminate\\Http\\Request))
#72 /home/adminlsp/appdir/vendor/laravel/framework/src/Illuminate/Pipeline/Pipeline.php(163): Illuminate\\Foundation\\Http\\Middleware\\CheckForMaintenanceMode->handle(Object(Illuminate\\Http\\Request), Object(Closure))
#73 /home/adminlsp/appdir/vendor/laravel/framework/src/Illuminate/Routing/Pipeline.php(53): Illuminate\\Pipeline\\Pipeline->Illuminate\\Pipeline\\{closure}(Object(Illuminate\\Http\\Request))
#74 /home/adminlsp/appdir/vendor/laravel/framework/src/Illuminate/Pipeline/Pipeline.php(104): Illuminate\\Routing\\Pipeline->Illuminate\\Routing\\{closure}(Object(Illuminate\\Http\\Request))
#75 /home/adminlsp/appdir/vendor/laravel/framework/src/Illuminate/Foundation/Http/Kernel.php(151): Illuminate\\Pipeline\\Pipeline->then(Object(Closure))
#76 /home/adminlsp/appdir/vendor/laravel/framework/src/Illuminate/Foundation/Http/Kernel.php(116): Illuminate\\Foundation\\Http\\Kernel->sendRequestThroughRouter(Object(Illuminate\\Http\\Request))
#77 /home/adminlsp/appdir/public/index.php(55): Illuminate\\Foundation\\Http\\Kernel->handle(Object(Illuminate\\Http\\Request))
#78 /home/adminlsp/appdir/server.php(21): require_once('/home/adminlsp/...')
#79 {main}
"} 
[2021-04-08 11:05:48] local.ERROR: Expected response code 354 but got code "550", with message "550 5.4.5 Daily user sending quota exceeded. e7sm7210860pfv.107 - gsmtp
" {"exception":"[object] (Swift_TransportException(code: 550): Expected response code 354 but got code \"550\", with message \"550 5.4.5 Daily user sending quota exceeded. e7sm7210860pfv.107 - gsmtp
\" at /home/adminlsp/appdir/vendor/swiftmailer/swiftmailer/lib/classes/Swift/Transport/AbstractSmtpTransport.php:457)
[stacktrace]
#0 /home/adminlsp/appdir/vendor/swiftmailer/swiftmailer/lib/classes/Swift/Transport/AbstractSmtpTransport.php(341): Swift_Transport_AbstractSmtpTransport->assertResponseCode('550 5.4.5 Daily...', Array)
#1 /home/adminlsp/appdir/vendor/swiftmailer/swiftmailer/lib/classes/Swift/Transport/EsmtpTransport.php(305): Swift_Transport_AbstractSmtpTransport->executeCommand('DATA\\
', Array, Array, false, NULL)
#2 /home/adminlsp/appdir/vendor/swiftmailer/swiftmailer/lib/classes/Swift/Transport/AbstractSmtpTransport.php(390): Swift_Transport_EsmtpTransport->executeCommand('DATA\\
', Array, Array)
#3 /home/adminlsp/appdir/vendor/swiftmailer/swiftmailer/lib/classes/Swift/Transport/AbstractSmtpTransport.php(497): Swift_Transport_AbstractSmtpTransport->doDataCommand(Array)
#4 /home/adminlsp/appdir/vendor/swiftmailer/swiftmailer/lib/classes/Swift/Transport/AbstractSmtpTransport.php(516): Swift_Transport_AbstractSmtpTransport->doMailTransaction(Object(Swift_Message), 'lsp@polije.ac.i...', Array, Array)
#5 /home/adminlsp/appdir/vendor/swiftmailer/swiftmailer/lib/classes/Swift/Transport/AbstractSmtpTransport.php(206): Swift_Transport_AbstractSmtpTransport->sendTo(Object(Swift_Message), 'lsp@polije.ac.i...', Array, Array)
#6 /home/adminlsp/appdir/vendor/swiftmailer/swiftmailer/lib/classes/Swift/Mailer.php(71): Swift_Transport_AbstractSmtpTransport->send(Object(Swift_Message), Array)
#7 /home/adminlsp/appdir/vendor/laravel/framework/src/Illuminate/Mail/Mailer.php(484): Swift_Mailer->send(Object(Swift_Message), Array)
#8 /home/adminlsp/appdir/vendor/laravel/framework/src/Illuminate/Mail/Mailer.php(259): Illuminate\\Mail\\Mailer->sendSwiftMessage(Object(Swift_Message))
#9 /home/adminlsp/appdir/vendor/laravel/framework/src/Illuminate/Mail/Mailable.php(159): Illuminate\\Mail\\Mailer->send('auth.mail', Array, Object(Closure))
#10 /home/adminlsp/appdir/vendor/laravel/framework/src/Illuminate/Support/Traits/Localizable.php(19): Illuminate\\Mail\\Mailable->Illuminate\\Mail\\{closure}()
#11 /home/adminlsp/appdir/vendor/laravel/framework/src/Illuminate/Mail/Mailable.php(160): Illuminate\\Mail\\Mailable->withLocale(NULL, Object(Closure))
#12 /home/adminlsp/appdir/vendor/laravel/framework/src/Illuminate/Mail/Mailer.php(275): Illuminate\\Mail\\Mailable->send(Object(Illuminate\\Mail\\Mailer))
#13 /home/adminlsp/appdir/vendor/laravel/framework/src/Illuminate/Mail/Mailer.php(229): Illuminate\\Mail\\Mailer->sendMailable(Object(App\\Mail\\RegisterMail))
#14 /home/adminlsp/appdir/vendor/laravel/framework/src/Illuminate/Mail/PendingMail.php(127): Illuminate\\Mail\\Mailer->send(Object(App\\Mail\\RegisterMail))
#15 /home/adminlsp/appdir/app/Listeners/RegisteredListener.php(30): Illuminate\\Mail\\PendingMail->send(Object(App\\Mail\\RegisterMail))
#16 [internal function]: App\\Listeners\\RegisteredListener->handle(Object(Illuminate\\Auth\\Events\\Registered))
#17 /home/adminlsp/appdir/vendor/laravel/framework/src/Illuminate/Events/Dispatcher.php(366): call_user_func_array(Array, Array)
#18 /home/adminlsp/appdir/vendor/laravel/framework/src/Illuminate/Events/Dispatcher.php(196): Illuminate\\Events\\Dispatcher->Illuminate\\Events\\{closure}('Illuminate\\\\Auth...', Array)
#19 /home/adminlsp/appdir/vendor/laravel/framework/src/Illuminate/Foundation/helpers.php(482): Illuminate\\Events\\Dispatcher->dispatch('Illuminate\\\\Auth...')
#20 /home/adminlsp/appdir/vendor/laravel/framework/src/Illuminate/Foundation/Auth/RegistersUsers.php(34): event(Object(Illuminate\\Auth\\Events\\Registered))
#21 [internal function]: App\\Http\\Controllers\\Auth\\RegisterController->register(Object(Illuminate\\Http\\Request))
#22 /home/adminlsp/appdir/vendor/laravel/framework/src/Illuminate/Routing/Controller.php(54): call_user_func_array(Array, Array)
#23 /home/adminlsp/appdir/vendor/laravel/framework/src/Illuminate/Routing/ControllerDispatcher.php(45): Illuminate\\Routing\\Controller->callAction('register', Array)
#24 /home/adminlsp/appdir/vendor/laravel/framework/src/Illuminate/Routing/Route.php(219): Illuminate\\Routing\\ControllerDispatcher->dispatch(Object(Illuminate\\Routing\\Route), Object(App\\Http\\Controllers\\Auth\\RegisterController), 'register')
#25 /home/adminlsp/appdir/vendor/laravel/framework/src/Illuminate/Routing/Route.php(176): Illuminate\\Routing\\Route->runController()
#26 /home/adminlsp/appdir/vendor/laravel/framework/src/Illuminate/Routing/Router.php(680): Illuminate\\Routing\\Route->run()
#27 /home/adminlsp/appdir/vendor/laravel/framework/src/Illuminate/Routing/Pipeline.php(30): Illuminate\\Routing\\Router->Illuminate\\Routing\\{closure}(Object(Illuminate\\Http\\Request))
#28 /home/adminlsp/appdir/app/Http/Middleware/RedirectIfAuthenticated.php(24): Illuminate\\Routing\\Pipeline->Illuminate\\Routing\\{closure}(Object(Illuminate\\Http\\Request))
#29 /home/adminlsp/appdir/vendor/laravel/framework/src/Illuminate/Pipeline/Pipeline.php(163): App\\Http\\Middleware\\RedirectIfAuthenticated->handle(Object(Illuminate\\Http\\Request), Object(Closure))
#30 /home/adminlsp/appdir/vendor/laravel/framework/src/Illuminate/Routing/Pipeline.php(53): Illuminate\\Pipeline\\Pipeline->Illuminate\\Pipeline\\{closure}(Object(Illuminate\\Http\\Request))
#31 /home/adminlsp/appdir/vendor/laravel/framework/src/Illuminate/Routing/Middleware/SubstituteBindings.php(41): Illuminate\\Routing\\Pipeline->Illuminate\\Routing\\{closure}(Object(Illuminate\\Http\\Request))
#32 /home/adminlsp/appdir/vendor/laravel/framework/src/Illuminate/Pipeline/Pipeline.php(163): Illuminate\\Routing\\Middleware\\SubstituteBindings->handle(Object(Illuminate\\Http\\Request), Object(Closure))
#33 /home/adminlsp/appdir/vendor/laravel/framework/src/Illuminate/Routing/Pipeline.php(53): Illuminate\\Pipeline\\Pipeline->Illuminate\\Pipeline\\{closure}(Object(Illuminate\\Http\\Request))
#34 /home/adminlsp/appdir/vendor/laravel/framework/src/Illuminate/Foundation/Http/Middleware/VerifyCsrfToken.php(75): Illuminate\\Routing\\Pipeline->Illuminate\\Routing\\{closure}(Object(Illuminate\\Http\\Request))
#35 /home/adminlsp/appdir/vendor/laravel/framework/src/Illuminate/Pipeline/Pipeline.php(163): Illuminate\\Foundation\\Http\\Middleware\\VerifyCsrfToken->handle(Object(Illuminate\\Http\\Request), Object(Closure))
#36 /home/adminlsp/appdir/vendor/laravel/framework/src/Illuminate/Routing/Pipeline.php(53): Illuminate\\Pipeline\\Pipeline->Illuminate\\Pipeline\\{closure}(Object(Illuminate\\Http\\Request))
#37 /home/adminlsp/appdir/vendor/laravel/framework/src/Illuminate/Session/Middleware/AuthenticateSession.php(39): Illuminate\\Routing\\Pipeline->Illuminate\\Routing\\{closure}(Object(Illuminate\\Http\\Request))
#38 /home/adminlsp/appdir/vendor/laravel/framework/src/Illuminate/Pipeline/Pipeline.php(163): Illuminate\\Session\\Middleware\\AuthenticateSession->handle(Object(Illuminate\\Http\\Request), Object(Closure))
#39 /home/adminlsp/appdir/vendor/laravel/framework/src/Illuminate/Routing/Pipeline.php(53): Illuminate\\Pipeline\\Pipeline->Illuminate\\Pipeline\\{closure}(Object(Illuminate\\Http\\Request))
#40 /home/adminlsp/appdir/vendor/laravel/framework/src/Illuminate/View/Middleware/ShareErrorsFromSession.php(49): Illuminate\\Routing\\Pipeline->Illuminate\\Routing\\{closure}(Object(Illuminate\\Http\\Request))
#41 /home/adminlsp/appdir/vendor/laravel/framework/src/Illuminate/Pipeline/Pipeline.php(163): Illuminate\\View\\Middleware\\ShareErrorsFromSession->handle(Object(Illuminate\\Http\\Request), Object(Closure))
#42 /home/adminlsp/appdir/vendor/laravel/framework/src/Illuminate/Routing/Pipeline.php(53): Illuminate\\Pipeline\\Pipeline->Illuminate\\Pipeline\\{closure}(Object(Illuminate\\Http\\Request))
#43 /home/adminlsp/appdir/vendor/laravel/framework/src/Illuminate/Session/Middleware/StartSession.php(56): Illuminate\\Routing\\Pipeline->Illuminate\\Routing\\{closure}(Object(Illuminate\\Http\\Request))
#44 /home/adminlsp/appdir/vendor/laravel/framework/src/Illuminate/Pipeline/Pipeline.php(163): Illuminate\\Session\\Middleware\\StartSession->handle(Object(Illuminate\\Http\\Request), Object(Closure))
#45 /home/adminlsp/appdir/vendor/laravel/framework/src/Illuminate/Routing/Pipeline.php(53): Illuminate\\Pipeline\\Pipeline->Illuminate\\Pipeline\\{closure}(Object(Illuminate\\Http\\Request))
#46 /home/adminlsp/appdir/vendor/laravel/framework/src/Illuminate/Cookie/Middleware/AddQueuedCookiesToResponse.php(37): Illuminate\\Routing\\Pipeline->Illuminate\\Routing\\{closure}(Object(Illuminate\\Http\\Request))
#47 /home/adminlsp/appdir/vendor/laravel/framework/src/Illuminate/Pipeline/Pipeline.php(163): Illuminate\\Cookie\\Middleware\\AddQueuedCookiesToResponse->handle(Object(Illuminate\\Http\\Request), Object(Closure))
#48 /home/adminlsp/appdir/vendor/laravel/framework/src/Illuminate/Routing/Pipeline.php(53): Illuminate\\Pipeline\\Pipeline->Illuminate\\Pipeline\\{closure}(Object(Illuminate\\Http\\Request))
#49 /home/adminlsp/appdir/vendor/laravel/framework/src/Illuminate/Cookie/Middleware/EncryptCookies.php(66): Illuminate\\Routing\\Pipeline->Illuminate\\Routing\\{closure}(Object(Illuminate\\Http\\Request))
#50 /home/adminlsp/appdir/vendor/laravel/framework/src/Illuminate/Pipeline/Pipeline.php(163): Illuminate\\Cookie\\Middleware\\EncryptCookies->handle(Object(Illuminate\\Http\\Request), Object(Closure))
#51 /home/adminlsp/appdir/vendor/laravel/framework/src/Illuminate/Routing/Pipeline.php(53): Illuminate\\Pipeline\\Pipeline->Illuminate\\Pipeline\\{closure}(Object(Illuminate\\Http\\Request))
#52 /home/adminlsp/appdir/vendor/laravel/framework/src/Illuminate/Pipeline/Pipeline.php(104): Illuminate\\Routing\\Pipeline->Illuminate\\Routing\\{closure}(Object(Illuminate\\Http\\Request))
#53 /home/adminlsp/appdir/vendor/laravel/framework/src/Illuminate/Routing/Router.php(682): Illuminate\\Pipeline\\Pipeline->then(Object(Closure))
#54 /home/adminlsp/appdir/vendor/laravel/framework/src/Illuminate/Routing/Router.php(657): Illuminate\\Routing\\Router->runRouteWithinStack(Object(Illuminate\\Routing\\Route), Object(Illuminate\\Http\\Request))
#55 /home/adminlsp/appdir/vendor/laravel/framework/src/Illuminate/Routing/Router.php(623): Illuminate\\Routing\\Router->runRoute(Object(Illuminate\\Http\\Request), Object(Illuminate\\Routing\\Route))
#56 /home/adminlsp/appdir/vendor/laravel/framework/src/Illuminate/Routing/Router.php(612): Illuminate\\Routing\\Router->dispatchToRoute(Object(Illuminate\\Http\\Request))
#57 /home/adminlsp/appdir/vendor/laravel/framework/src/Illuminate/Foundation/Http/Kernel.php(176): Illuminate\\Routing\\Router->dispatch(Object(Illuminate\\Http\\Request))
#58 /home/adminlsp/appdir/vendor/laravel/framework/src/Illuminate/Routing/Pipeline.php(30): Illuminate\\Foundation\\Http\\Kernel->Illuminate\\Foundation\\Http\\{closure}(Object(Illuminate\\Http\\Request))
#59 /home/adminlsp/appdir/vendor/fideloper/proxy/src/TrustProxies.php(57): Illuminate\\Routing\\Pipeline->Illuminate\\Routing\\{closure}(Object(Illuminate\\Http\\Request))
#60 /home/adminlsp/appdir/vendor/laravel/framework/src/Illuminate/Pipeline/Pipeline.php(163): Fideloper\\Proxy\\TrustProxies->handle(Object(Illuminate\\Http\\Request), Object(Closure))
#61 /home/adminlsp/appdir/vendor/laravel/framework/src/Illuminate/Routing/Pipeline.php(53): Illuminate\\Pipeline\\Pipeline->Illuminate\\Pipeline\\{closure}(Object(Illuminate\\Http\\Request))
#62 /home/adminlsp/appdir/vendor/laravel/framework/src/Illuminate/Foundation/Http/Middleware/TransformsRequest.php(21): Illuminate\\Routing\\Pipeline->Illuminate\\Routing\\{closure}(Object(Illuminate\\Http\\Request))
#63 /home/adminlsp/appdir/vendor/laravel/framework/src/Illuminate/Pipeline/Pipeline.php(163): Illuminate\\Foundation\\Http\\Middleware\\TransformsRequest->handle(Object(Illuminate\\Http\\Request), Object(Closure))
#64 /home/adminlsp/appdir/vendor/laravel/framework/src/Illuminate/Routing/Pipeline.php(53): Illuminate\\Pipeline\\Pipeline->Illuminate\\Pipeline\\{closure}(Object(Illuminate\\Http\\Request))
#65 /home/adminlsp/appdir/vendor/laravel/framework/src/Illuminate/Foundation/Http/Middleware/TransformsRequest.php(21): Illuminate\\Routing\\Pipeline->Illuminate\\Routing\\{closure}(Object(Illuminate\\Http\\Request))
#66 /home/adminlsp/appdir/vendor/laravel/framework/src/Illuminate/Pipeline/Pipeline.php(163): Illuminate\\Foundation\\Http\\Middleware\\TransformsRequest->handle(Object(Illuminate\\Http\\Request), Object(Closure))
#67 /home/adminlsp/appdir/vendor/laravel/framework/src/Illuminate/Routing/Pipeline.php(53): Illuminate\\Pipeline\\Pipeline->Illuminate\\Pipeline\\{closure}(Object(Illuminate\\Http\\Request))
#68 /home/adminlsp/appdir/vendor/laravel/framework/src/Illuminate/Foundation/Http/Middleware/ValidatePostSize.php(27): Illuminate\\Routing\\Pipeline->Illuminate\\Routing\\{closure}(Object(Illuminate\\Http\\Request))
#69 /home/adminlsp/appdir/vendor/laravel/framework/src/Illuminate/Pipeline/Pipeline.php(163): Illuminate\\Foundation\\Http\\Middleware\\ValidatePostSize->handle(Object(Illuminate\\Http\\Request), Object(Closure))
#70 /home/adminlsp/appdir/vendor/laravel/framework/src/Illuminate/Routing/Pipeline.php(53): Illuminate\\Pipeline\\Pipeline->Illuminate\\Pipeline\\{closure}(Object(Illuminate\\Http\\Request))
#71 /home/adminlsp/appdir/vendor/laravel/framework/src/Illuminate/Foundation/Http/Middleware/CheckForMaintenanceMode.php(62): Illuminate\\Routing\\Pipeline->Illuminate\\Routing\\{closure}(Object(Illuminate\\Http\\Request))
#72 /home/adminlsp/appdir/vendor/laravel/framework/src/Illuminate/Pipeline/Pipeline.php(163): Illuminate\\Foundation\\Http\\Middleware\\CheckForMaintenanceMode->handle(Object(Illuminate\\Http\\Request), Object(Closure))
#73 /home/adminlsp/appdir/vendor/laravel/framework/src/Illuminate/Routing/Pipeline.php(53): Illuminate\\Pipeline\\Pipeline->Illuminate\\Pipeline\\{closure}(Object(Illuminate\\Http\\Request))
#74 /home/adminlsp/appdir/vendor/laravel/framework/src/Illuminate/Pipeline/Pipeline.php(104): Illuminate\\Routing\\Pipeline->Illuminate\\Routing\\{closure}(Object(Illuminate\\Http\\Request))
#75 /home/adminlsp/appdir/vendor/laravel/framework/src/Illuminate/Foundation/Http/Kernel.php(151): Illuminate\\Pipeline\\Pipeline->then(Object(Closure))
#76 /home/adminlsp/appdir/vendor/laravel/framework/src/Illuminate/Foundation/Http/Kernel.php(116): Illuminate\\Foundation\\Http\\Kernel->sendRequestThroughRouter(Object(Illuminate\\Http\\Request))
#77 /home/adminlsp/appdir/public/index.php(55): Illuminate\\Foundation\\Http\\Kernel->handle(Object(Illuminate\\Http\\Request))
#78 /home/adminlsp/appdir/server.php(21): require_once('/home/adminlsp/...')
#79 {main}
"} 
[2021-04-08 11:16:24] local.ERROR: Expected response code 354 but got code "550", with message "550 5.4.5 Daily user sending quota exceeded. i10sm27548112pgo.75 - gsmtp
" {"exception":"[object] (Swift_TransportException(code: 550): Expected response code 354 but got code \"550\", with message \"550 5.4.5 Daily user sending quota exceeded. i10sm27548112pgo.75 - gsmtp
\" at /home/adminlsp/appdir/vendor/swiftmailer/swiftmailer/lib/classes/Swift/Transport/AbstractSmtpTransport.php:457)
[stacktrace]
#0 /home/adminlsp/appdir/vendor/swiftmailer/swiftmailer/lib/classes/Swift/Transport/AbstractSmtpTransport.php(341): Swift_Transport_AbstractSmtpTransport->assertResponseCode('550 5.4.5 Daily...', Array)
#1 /home/adminlsp/appdir/vendor/swiftmailer/swiftmailer/lib/classes/Swift/Transport/EsmtpTransport.php(305): Swift_Transport_AbstractSmtpTransport->executeCommand('DATA\\
', Array, Array, false, NULL)
#2 /home/adminlsp/appdir/vendor/swiftmailer/swiftmailer/lib/classes/Swift/Transport/AbstractSmtpTransport.php(390): Swift_Transport_EsmtpTransport->executeCommand('DATA\\
', Array, Array)
#3 /home/adminlsp/appdir/vendor/swiftmailer/swiftmailer/lib/classes/Swift/Transport/AbstractSmtpTransport.php(497): Swift_Transport_AbstractSmtpTransport->doDataCommand(Array)
#4 /home/adminlsp/appdir/vendor/swiftmailer/swiftmailer/lib/classes/Swift/Transport/AbstractSmtpTransport.php(516): Swift_Transport_AbstractSmtpTransport->doMailTransaction(Object(Swift_Message), 'lsp@polije.ac.i...', Array, Array)
#5 /home/adminlsp/appdir/vendor/swiftmailer/swiftmailer/lib/classes/Swift/Transport/AbstractSmtpTransport.php(206): Swift_Transport_AbstractSmtpTransport->sendTo(Object(Swift_Message), 'lsp@polije.ac.i...', Array, Array)
#6 /home/adminlsp/appdir/vendor/swiftmailer/swiftmailer/lib/classes/Swift/Mailer.php(71): Swift_Transport_AbstractSmtpTransport->send(Object(Swift_Message), Array)
#7 /home/adminlsp/appdir/vendor/laravel/framework/src/Illuminate/Mail/Mailer.php(484): Swift_Mailer->send(Object(Swift_Message), Array)
#8 /home/adminlsp/appdir/vendor/laravel/framework/src/Illuminate/Mail/Mailer.php(259): Illuminate\\Mail\\Mailer->sendSwiftMessage(Object(Swift_Message))
#9 /home/adminlsp/appdir/vendor/laravel/framework/src/Illuminate/Mail/Mailable.php(159): Illuminate\\Mail\\Mailer->send('auth.mail', Array, Object(Closure))
#10 /home/adminlsp/appdir/vendor/laravel/framework/src/Illuminate/Support/Traits/Localizable.php(19): Illuminate\\Mail\\Mailable->Illuminate\\Mail\\{closure}()
#11 /home/adminlsp/appdir/vendor/laravel/framework/src/Illuminate/Mail/Mailable.php(160): Illuminate\\Mail\\Mailable->withLocale(NULL, Object(Closure))
#12 /home/adminlsp/appdir/vendor/laravel/framework/src/Illuminate/Mail/Mailer.php(275): Illuminate\\Mail\\Mailable->send(Object(Illuminate\\Mail\\Mailer))
#13 /home/adminlsp/appdir/vendor/laravel/framework/src/Illuminate/Mail/Mailer.php(229): Illuminate\\Mail\\Mailer->sendMailable(Object(App\\Mail\\RegisterMail))
#14 /home/adminlsp/appdir/vendor/laravel/framework/src/Illuminate/Mail/PendingMail.php(127): Illuminate\\Mail\\Mailer->send(Object(App\\Mail\\RegisterMail))
#15 /home/adminlsp/appdir/app/Listeners/RegisteredListener.php(30): Illuminate\\Mail\\PendingMail->send(Object(App\\Mail\\RegisterMail))
#16 [internal function]: App\\Listeners\\RegisteredListener->handle(Object(Illuminate\\Auth\\Events\\Registered))
#17 /home/adminlsp/appdir/vendor/laravel/framework/src/Illuminate/Events/Dispatcher.php(366): call_user_func_array(Array, Array)
#18 /home/adminlsp/appdir/vendor/laravel/framework/src/Illuminate/Events/Dispatcher.php(196): Illuminate\\Events\\Dispatcher->Illuminate\\Events\\{closure}('Illuminate\\\\Auth...', Array)
#19 /home/adminlsp/appdir/vendor/laravel/framework/src/Illuminate/Foundation/helpers.php(482): Illuminate\\Events\\Dispatcher->dispatch('Illuminate\\\\Auth...')
#20 /home/adminlsp/appdir/vendor/laravel/framework/src/Illuminate/Foundation/Auth/RegistersUsers.php(34): event(Object(Illuminate\\Auth\\Events\\Registered))
#21 [internal function]: App\\Http\\Controllers\\Auth\\RegisterController->register(Object(Illuminate\\Http\\Request))
#22 /home/adminlsp/appdir/vendor/laravel/framework/src/Illuminate/Routing/Controller.php(54): call_user_func_array(Array, Array)
#23 /home/adminlsp/appdir/vendor/laravel/framework/src/Illuminate/Routing/ControllerDispatcher.php(45): Illuminate\\Routing\\Controller->callAction('register', Array)
#24 /home/adminlsp/appdir/vendor/laravel/framework/src/Illuminate/Routing/Route.php(219): Illuminate\\Routing\\ControllerDispatcher->dispatch(Object(Illuminate\\Routing\\Route), Object(App\\Http\\Controllers\\Auth\\RegisterController), 'register')
#25 /home/adminlsp/appdir/vendor/laravel/framework/src/Illuminate/Routing/Route.php(176): Illuminate\\Routing\\Route->runController()
#26 /home/adminlsp/appdir/vendor/laravel/framework/src/Illuminate/Routing/Router.php(680): Illuminate\\Routing\\Route->run()
#27 /home/adminlsp/appdir/vendor/laravel/framework/src/Illuminate/Routing/Pipeline.php(30): Illuminate\\Routing\\Router->Illuminate\\Routing\\{closure}(Object(Illuminate\\Http\\Request))
#28 /home/adminlsp/appdir/app/Http/Middleware/RedirectIfAuthenticated.php(24): Illuminate\\Routing\\Pipeline->Illuminate\\Routing\\{closure}(Object(Illuminate\\Http\\Request))
#29 /home/adminlsp/appdir/vendor/laravel/framework/src/Illuminate/Pipeline/Pipeline.php(163): App\\Http\\Middleware\\RedirectIfAuthenticated->handle(Object(Illuminate\\Http\\Request), Object(Closure))
#30 /home/adminlsp/appdir/vendor/laravel/framework/src/Illuminate/Routing/Pipeline.php(53): Illuminate\\Pipeline\\Pipeline->Illuminate\\Pipeline\\{closure}(Object(Illuminate\\Http\\Request))
#31 /home/adminlsp/appdir/vendor/laravel/framework/src/Illuminate/Routing/Middleware/SubstituteBindings.php(41): Illuminate\\Routing\\Pipeline->Illuminate\\Routing\\{closure}(Object(Illuminate\\Http\\Request))
#32 /home/adminlsp/appdir/vendor/laravel/framework/src/Illuminate/Pipeline/Pipeline.php(163): Illuminate\\Routing\\Middleware\\SubstituteBindings->handle(Object(Illuminate\\Http\\Request), Object(Closure))
#33 /home/adminlsp/appdir/vendor/laravel/framework/src/Illuminate/Routing/Pipeline.php(53): Illuminate\\Pipeline\\Pipeline->Illuminate\\Pipeline\\{closure}(Object(Illuminate\\Http\\Request))
#34 /home/adminlsp/appdir/vendor/laravel/framework/src/Illuminate/Foundation/Http/Middleware/VerifyCsrfToken.php(75): Illuminate\\Routing\\Pipeline->Illuminate\\Routing\\{closure}(Object(Illuminate\\Http\\Request))
#35 /home/adminlsp/appdir/vendor/laravel/framework/src/Illuminate/Pipeline/Pipeline.php(163): Illuminate\\Foundation\\Http\\Middleware\\VerifyCsrfToken->handle(Object(Illuminate\\Http\\Request), Object(Closure))
#36 /home/adminlsp/appdir/vendor/laravel/framework/src/Illuminate/Routing/Pipeline.php(53): Illuminate\\Pipeline\\Pipeline->Illuminate\\Pipeline\\{closure}(Object(Illuminate\\Http\\Request))
#37 /home/adminlsp/appdir/vendor/laravel/framework/src/Illuminate/Session/Middleware/AuthenticateSession.php(39): Illuminate\\Routing\\Pipeline->Illuminate\\Routing\\{closure}(Object(Illuminate\\Http\\Request))
#38 /home/adminlsp/appdir/vendor/laravel/framework/src/Illuminate/Pipeline/Pipeline.php(163): Illuminate\\Session\\Middleware\\AuthenticateSession->handle(Object(Illuminate\\Http\\Request), Object(Closure))
#39 /home/adminlsp/appdir/vendor/laravel/framework/src/Illuminate/Routing/Pipeline.php(53): Illuminate\\Pipeline\\Pipeline->Illuminate\\Pipeline\\{closure}(Object(Illuminate\\Http\\Request))
#40 /home/adminlsp/appdir/vendor/laravel/framework/src/Illuminate/View/Middleware/ShareErrorsFromSession.php(49): Illuminate\\Routing\\Pipeline->Illuminate\\Routing\\{closure}(Object(Illuminate\\Http\\Request))
#41 /home/adminlsp/appdir/vendor/laravel/framework/src/Illuminate/Pipeline/Pipeline.php(163): Illuminate\\View\\Middleware\\ShareErrorsFromSession->handle(Object(Illuminate\\Http\\Request), Object(Closure))
#42 /home/adminlsp/appdir/vendor/laravel/framework/src/Illuminate/Routing/Pipeline.php(53): Illuminate\\Pipeline\\Pipeline->Illuminate\\Pipeline\\{closure}(Object(Illuminate\\Http\\Request))
#43 /home/adminlsp/appdir/vendor/laravel/framework/src/Illuminate/Session/Middleware/StartSession.php(56): Illuminate\\Routing\\Pipeline->Illuminate\\Routing\\{closure}(Object(Illuminate\\Http\\Request))
#44 /home/adminlsp/appdir/vendor/laravel/framework/src/Illuminate/Pipeline/Pipeline.php(163): Illuminate\\Session\\Middleware\\StartSession->handle(Object(Illuminate\\Http\\Request), Object(Closure))
#45 /home/adminlsp/appdir/vendor/laravel/framework/src/Illuminate/Routing/Pipeline.php(53): Illuminate\\Pipeline\\Pipeline->Illuminate\\Pipeline\\{closure}(Object(Illuminate\\Http\\Request))
#46 /home/adminlsp/appdir/vendor/laravel/framework/src/Illuminate/Cookie/Middleware/AddQueuedCookiesToResponse.php(37): Illuminate\\Routing\\Pipeline->Illuminate\\Routing\\{closure}(Object(Illuminate\\Http\\Request))
#47 /home/adminlsp/appdir/vendor/laravel/framework/src/Illuminate/Pipeline/Pipeline.php(163): Illuminate\\Cookie\\Middleware\\AddQueuedCookiesToResponse->handle(Object(Illuminate\\Http\\Request), Object(Closure))
#48 /home/adminlsp/appdir/vendor/laravel/framework/src/Illuminate/Routing/Pipeline.php(53): Illuminate\\Pipeline\\Pipeline->Illuminate\\Pipeline\\{closure}(Object(Illuminate\\Http\\Request))
#49 /home/adminlsp/appdir/vendor/laravel/framework/src/Illuminate/Cookie/Middleware/EncryptCookies.php(66): Illuminate\\Routing\\Pipeline->Illuminate\\Routing\\{closure}(Object(Illuminate\\Http\\Request))
#50 /home/adminlsp/appdir/vendor/laravel/framework/src/Illuminate/Pipeline/Pipeline.php(163): Illuminate\\Cookie\\Middleware\\EncryptCookies->handle(Object(Illuminate\\Http\\Request), Object(Closure))
#51 /home/adminlsp/appdir/vendor/laravel/framework/src/Illuminate/Routing/Pipeline.php(53): Illuminate\\Pipeline\\Pipeline->Illuminate\\Pipeline\\{closure}(Object(Illuminate\\Http\\Request))
#52 /home/adminlsp/appdir/vendor/laravel/framework/src/Illuminate/Pipeline/Pipeline.php(104): Illuminate\\Routing\\Pipeline->Illuminate\\Routing\\{closure}(Object(Illuminate\\Http\\Request))
#53 /home/adminlsp/appdir/vendor/laravel/framework/src/Illuminate/Routing/Router.php(682): Illuminate\\Pipeline\\Pipeline->then(Object(Closure))
#54 /home/adminlsp/appdir/vendor/laravel/framework/src/Illuminate/Routing/Router.php(657): Illuminate\\Routing\\Router->runRouteWithinStack(Object(Illuminate\\Routing\\Route), Object(Illuminate\\Http\\Request))
#55 /home/adminlsp/appdir/vendor/laravel/framework/src/Illuminate/Routing/Router.php(623): Illuminate\\Routing\\Router->runRoute(Object(Illuminate\\Http\\Request), Object(Illuminate\\Routing\\Route))
#56 /home/adminlsp/appdir/vendor/laravel/framework/src/Illuminate/Routing/Router.php(612): Illuminate\\Routing\\Router->dispatchToRoute(Object(Illuminate\\Http\\Request))
#57 /home/adminlsp/appdir/vendor/laravel/framework/src/Illuminate/Foundation/Http/Kernel.php(176): Illuminate\\Routing\\Router->dispatch(Object(Illuminate\\Http\\Request))
#58 /home/adminlsp/appdir/vendor/laravel/framework/src/Illuminate/Routing/Pipeline.php(30): Illuminate\\Foundation\\Http\\Kernel->Illuminate\\Foundation\\Http\\{closure}(Object(Illuminate\\Http\\Request))
#59 /home/adminlsp/appdir/vendor/fideloper/proxy/src/TrustProxies.php(57): Illuminate\\Routing\\Pipeline->Illuminate\\Routing\\{closure}(Object(Illuminate\\Http\\Request))
#60 /home/adminlsp/appdir/vendor/laravel/framework/src/Illuminate/Pipeline/Pipeline.php(163): Fideloper\\Proxy\\TrustProxies->handle(Object(Illuminate\\Http\\Request), Object(Closure))
#61 /home/adminlsp/appdir/vendor/laravel/framework/src/Illuminate/Routing/Pipeline.php(53): Illuminate\\Pipeline\\Pipeline->Illuminate\\Pipeline\\{closure}(Object(Illuminate\\Http\\Request))
#62 /home/adminlsp/appdir/vendor/laravel/framework/src/Illuminate/Foundation/Http/Middleware/TransformsRequest.php(21): Illuminate\\Routing\\Pipeline->Illuminate\\Routing\\{closure}(Object(Illuminate\\Http\\Request))
#63 /home/adminlsp/appdir/vendor/laravel/framework/src/Illuminate/Pipeline/Pipeline.php(163): Illuminate\\Foundation\\Http\\Middleware\\TransformsRequest->handle(Object(Illuminate\\Http\\Request), Object(Closure))
#64 /home/adminlsp/appdir/vendor/laravel/framework/src/Illuminate/Routing/Pipeline.php(53): Illuminate\\Pipeline\\Pipeline->Illuminate\\Pipeline\\{closure}(Object(Illuminate\\Http\\Request))
#65 /home/adminlsp/appdir/vendor/laravel/framework/src/Illuminate/Foundation/Http/Middleware/TransformsRequest.php(21): Illuminate\\Routing\\Pipeline->Illuminate\\Routing\\{closure}(Object(Illuminate\\Http\\Request))
#66 /home/adminlsp/appdir/vendor/laravel/framework/src/Illuminate/Pipeline/Pipeline.php(163): Illuminate\\Foundation\\Http\\Middleware\\TransformsRequest->handle(Object(Illuminate\\Http\\Request), Object(Closure))
#67 /home/adminlsp/appdir/vendor/laravel/framework/src/Illuminate/Routing/Pipeline.php(53): Illuminate\\Pipeline\\Pipeline->Illuminate\\Pipeline\\{closure}(Object(Illuminate\\Http\\Request))
#68 /home/adminlsp/appdir/vendor/laravel/framework/src/Illuminate/Foundation/Http/Middleware/ValidatePostSize.php(27): Illuminate\\Routing\\Pipeline->Illuminate\\Routing\\{closure}(Object(Illuminate\\Http\\Request))
#69 /home/adminlsp/appdir/vendor/laravel/framework/src/Illuminate/Pipeline/Pipeline.php(163): Illuminate\\Foundation\\Http\\Middleware\\ValidatePostSize->handle(Object(Illuminate\\Http\\Request), Object(Closure))
#70 /home/adminlsp/appdir/vendor/laravel/framework/src/Illuminate/Routing/Pipeline.php(53): Illuminate\\Pipeline\\Pipeline->Illuminate\\Pipeline\\{closure}(Object(Illuminate\\Http\\Request))
#71 /home/adminlsp/appdir/vendor/laravel/framework/src/Illuminate/Foundation/Http/Middleware/CheckForMaintenanceMode.php(62): Illuminate\\Routing\\Pipeline->Illuminate\\Routing\\{closure}(Object(Illuminate\\Http\\Request))
#72 /home/adminlsp/appdir/vendor/laravel/framework/src/Illuminate/Pipeline/Pipeline.php(163): Illuminate\\Foundation\\Http\\Middleware\\CheckForMaintenanceMode->handle(Object(Illuminate\\Http\\Request), Object(Closure))
#73 /home/adminlsp/appdir/vendor/laravel/framework/src/Illuminate/Routing/Pipeline.php(53): Illuminate\\Pipeline\\Pipeline->Illuminate\\Pipeline\\{closure}(Object(Illuminate\\Http\\Request))
#74 /home/adminlsp/appdir/vendor/laravel/framework/src/Illuminate/Pipeline/Pipeline.php(104): Illuminate\\Routing\\Pipeline->Illuminate\\Routing\\{closure}(Object(Illuminate\\Http\\Request))
#75 /home/adminlsp/appdir/vendor/laravel/framework/src/Illuminate/Foundation/Http/Kernel.php(151): Illuminate\\Pipeline\\Pipeline->then(Object(Closure))
#76 /home/adminlsp/appdir/vendor/laravel/framework/src/Illuminate/Foundation/Http/Kernel.php(116): Illuminate\\Foundation\\Http\\Kernel->sendRequestThroughRouter(Object(Illuminate\\Http\\Request))
#77 /home/adminlsp/appdir/public/index.php(55): Illuminate\\Foundation\\Http\\Kernel->handle(Object(Illuminate\\Http\\Request))
#78 /home/adminlsp/appdir/server.php(21): require_once('/home/adminlsp/...')
#79 {main}
"} 
[2021-04-08 11:57:02] local.ERROR: Expected response code 354 but got code "550", with message "550 5.4.5 Daily user sending quota exceeded. d20sm1605629pfl.155 - gsmtp
" {"exception":"[object] (Swift_TransportException(code: 550): Expected response code 354 but got code \"550\", with message \"550 5.4.5 Daily user sending quota exceeded. d20sm1605629pfl.155 - gsmtp
\" at /home/adminlsp/appdir/vendor/swiftmailer/swiftmailer/lib/classes/Swift/Transport/AbstractSmtpTransport.php:457)
[stacktrace]
#0 /home/adminlsp/appdir/vendor/swiftmailer/swiftmailer/lib/classes/Swift/Transport/AbstractSmtpTransport.php(341): Swift_Transport_AbstractSmtpTransport->assertResponseCode('550 5.4.5 Daily...', Array)
#1 /home/adminlsp/appdir/vendor/swiftmailer/swiftmailer/lib/classes/Swift/Transport/EsmtpTransport.php(305): Swift_Transport_AbstractSmtpTransport->executeCommand('DATA\\
', Array, Array, false, NULL)
#2 /home/adminlsp/appdir/vendor/swiftmailer/swiftmailer/lib/classes/Swift/Transport/AbstractSmtpTransport.php(390): Swift_Transport_EsmtpTransport->executeCommand('DATA\\
', Array, Array)
#3 /home/adminlsp/appdir/vendor/swiftmailer/swiftmailer/lib/classes/Swift/Transport/AbstractSmtpTransport.php(497): Swift_Transport_AbstractSmtpTransport->doDataCommand(Array)
#4 /home/adminlsp/appdir/vendor/swiftmailer/swiftmailer/lib/classes/Swift/Transport/AbstractSmtpTransport.php(516): Swift_Transport_AbstractSmtpTransport->doMailTransaction(Object(Swift_Message), 'lsp@polije.ac.i...', Array, Array)
#5 /home/adminlsp/appdir/vendor/swiftmailer/swiftmailer/lib/classes/Swift/Transport/AbstractSmtpTransport.php(206): Swift_Transport_AbstractSmtpTransport->sendTo(Object(Swift_Message), 'lsp@polije.ac.i...', Array, Array)
#6 /home/adminlsp/appdir/vendor/swiftmailer/swiftmailer/lib/classes/Swift/Mailer.php(71): Swift_Transport_AbstractSmtpTransport->send(Object(Swift_Message), Array)
#7 /home/adminlsp/appdir/vendor/laravel/framework/src/Illuminate/Mail/Mailer.php(484): Swift_Mailer->send(Object(Swift_Message), Array)
#8 /home/adminlsp/appdir/vendor/laravel/framework/src/Illuminate/Mail/Mailer.php(259): Illuminate\\Mail\\Mailer->sendSwiftMessage(Object(Swift_Message))
#9 /home/adminlsp/appdir/vendor/laravel/framework/src/Illuminate/Mail/Mailable.php(159): Illuminate\\Mail\\Mailer->send('auth.mail', Array, Object(Closure))
#10 /home/adminlsp/appdir/vendor/laravel/framework/src/Illuminate/Support/Traits/Localizable.php(19): Illuminate\\Mail\\Mailable->Illuminate\\Mail\\{closure}()
#11 /home/adminlsp/appdir/vendor/laravel/framework/src/Illuminate/Mail/Mailable.php(160): Illuminate\\Mail\\Mailable->withLocale(NULL, Object(Closure))
#12 /home/adminlsp/appdir/vendor/laravel/framework/src/Illuminate/Mail/Mailer.php(275): Illuminate\\Mail\\Mailable->send(Object(Illuminate\\Mail\\Mailer))
#13 /home/adminlsp/appdir/vendor/laravel/framework/src/Illuminate/Mail/Mailer.php(229): Illuminate\\Mail\\Mailer->sendMailable(Object(App\\Mail\\RegisterMail))
#14 /home/adminlsp/appdir/vendor/laravel/framework/src/Illuminate/Mail/PendingMail.php(127): Illuminate\\Mail\\Mailer->send(Object(App\\Mail\\RegisterMail))
#15 /home/adminlsp/appdir/app/Listeners/RegisteredListener.php(30): Illuminate\\Mail\\PendingMail->send(Object(App\\Mail\\RegisterMail))
#16 [internal function]: App\\Listeners\\RegisteredListener->handle(Object(Illuminate\\Auth\\Events\\Registered))
#17 /home/adminlsp/appdir/vendor/laravel/framework/src/Illuminate/Events/Dispatcher.php(366): call_user_func_array(Array, Array)
#18 /home/adminlsp/appdir/vendor/laravel/framework/src/Illuminate/Events/Dispatcher.php(196): Illuminate\\Events\\Dispatcher->Illuminate\\Events\\{closure}('Illuminate\\\\Auth...', Array)
#19 /home/adminlsp/appdir/vendor/laravel/framework/src/Illuminate/Foundation/helpers.php(482): Illuminate\\Events\\Dispatcher->dispatch('Illuminate\\\\Auth...')
#20 /home/adminlsp/appdir/vendor/laravel/framework/src/Illuminate/Foundation/Auth/RegistersUsers.php(34): event(Object(Illuminate\\Auth\\Events\\Registered))
#21 [internal function]: App\\Http\\Controllers\\Auth\\RegisterController->register(Object(Illuminate\\Http\\Request))
#22 /home/adminlsp/appdir/vendor/laravel/framework/src/Illuminate/Routing/Controller.php(54): call_user_func_array(Array, Array)
#23 /home/adminlsp/appdir/vendor/laravel/framework/src/Illuminate/Routing/ControllerDispatcher.php(45): Illuminate\\Routing\\Controller->callAction('register', Array)
#24 /home/adminlsp/appdir/vendor/laravel/framework/src/Illuminate/Routing/Route.php(219): Illuminate\\Routing\\ControllerDispatcher->dispatch(Object(Illuminate\\Routing\\Route), Object(App\\Http\\Controllers\\Auth\\RegisterController), 'register')
#25 /home/adminlsp/appdir/vendor/laravel/framework/src/Illuminate/Routing/Route.php(176): Illuminate\\Routing\\Route->runController()
#26 /home/adminlsp/appdir/vendor/laravel/framework/src/Illuminate/Routing/Router.php(680): Illuminate\\Routing\\Route->run()
#27 /home/adminlsp/appdir/vendor/laravel/framework/src/Illuminate/Routing/Pipeline.php(30): Illuminate\\Routing\\Router->Illuminate\\Routing\\{closure}(Object(Illuminate\\Http\\Request))
#28 /home/adminlsp/appdir/app/Http/Middleware/RedirectIfAuthenticated.php(24): Illuminate\\Routing\\Pipeline->Illuminate\\Routing\\{closure}(Object(Illuminate\\Http\\Request))
#29 /home/adminlsp/appdir/vendor/laravel/framework/src/Illuminate/Pipeline/Pipeline.php(163): App\\Http\\Middleware\\RedirectIfAuthenticated->handle(Object(Illuminate\\Http\\Request), Object(Closure))
#30 /home/adminlsp/appdir/vendor/laravel/framework/src/Illuminate/Routing/Pipeline.php(53): Illuminate\\Pipeline\\Pipeline->Illuminate\\Pipeline\\{closure}(Object(Illuminate\\Http\\Request))
#31 /home/adminlsp/appdir/vendor/laravel/framework/src/Illuminate/Routing/Middleware/SubstituteBindings.php(41): Illuminate\\Routing\\Pipeline->Illuminate\\Routing\\{closure}(Object(Illuminate\\Http\\Request))
#32 /home/adminlsp/appdir/vendor/laravel/framework/src/Illuminate/Pipeline/Pipeline.php(163): Illuminate\\Routing\\Middleware\\SubstituteBindings->handle(Object(Illuminate\\Http\\Request), Object(Closure))
#33 /home/adminlsp/appdir/vendor/laravel/framework/src/Illuminate/Routing/Pipeline.php(53): Illuminate\\Pipeline\\Pipeline->Illuminate\\Pipeline\\{closure}(Object(Illuminate\\Http\\Request))
#34 /home/adminlsp/appdir/vendor/laravel/framework/src/Illuminate/Foundation/Http/Middleware/VerifyCsrfToken.php(75): Illuminate\\Routing\\Pipeline->Illuminate\\Routing\\{closure}(Object(Illuminate\\Http\\Request))
#35 /home/adminlsp/appdir/vendor/laravel/framework/src/Illuminate/Pipeline/Pipeline.php(163): Illuminate\\Foundation\\Http\\Middleware\\VerifyCsrfToken->handle(Object(Illuminate\\Http\\Request), Object(Closure))
#36 /home/adminlsp/appdir/vendor/laravel/framework/src/Illuminate/Routing/Pipeline.php(53): Illuminate\\Pipeline\\Pipeline->Illuminate\\Pipeline\\{closure}(Object(Illuminate\\Http\\Request))
#37 /home/adminlsp/appdir/vendor/laravel/framework/src/Illuminate/Session/Middleware/AuthenticateSession.php(39): Illuminate\\Routing\\Pipeline->Illuminate\\Routing\\{closure}(Object(Illuminate\\Http\\Request))
#38 /home/adminlsp/appdir/vendor/laravel/framework/src/Illuminate/Pipeline/Pipeline.php(163): Illuminate\\Session\\Middleware\\AuthenticateSession->handle(Object(Illuminate\\Http\\Request), Object(Closure))
#39 /home/adminlsp/appdir/vendor/laravel/framework/src/Illuminate/Routing/Pipeline.php(53): Illuminate\\Pipeline\\Pipeline->Illuminate\\Pipeline\\{closure}(Object(Illuminate\\Http\\Request))
#40 /home/adminlsp/appdir/vendor/laravel/framework/src/Illuminate/View/Middleware/ShareErrorsFromSession.php(49): Illuminate\\Routing\\Pipeline->Illuminate\\Routing\\{closure}(Object(Illuminate\\Http\\Request))
#41 /home/adminlsp/appdir/vendor/laravel/framework/src/Illuminate/Pipeline/Pipeline.php(163): Illuminate\\View\\Middleware\\ShareErrorsFromSession->handle(Object(Illuminate\\Http\\Request), Object(Closure))
#42 /home/adminlsp/appdir/vendor/laravel/framework/src/Illuminate/Routing/Pipeline.php(53): Illuminate\\Pipeline\\Pipeline->Illuminate\\Pipeline\\{closure}(Object(Illuminate\\Http\\Request))
#43 /home/adminlsp/appdir/vendor/laravel/framework/src/Illuminate/Session/Middleware/StartSession.php(56): Illuminate\\Routing\\Pipeline->Illuminate\\Routing\\{closure}(Object(Illuminate\\Http\\Request))
#44 /home/adminlsp/appdir/vendor/laravel/framework/src/Illuminate/Pipeline/Pipeline.php(163): Illuminate\\Session\\Middleware\\StartSession->handle(Object(Illuminate\\Http\\Request), Object(Closure))
#45 /home/adminlsp/appdir/vendor/laravel/framework/src/Illuminate/Routing/Pipeline.php(53): Illuminate\\Pipeline\\Pipeline->Illuminate\\Pipeline\\{closure}(Object(Illuminate\\Http\\Request))
#46 /home/adminlsp/appdir/vendor/laravel/framework/src/Illuminate/Cookie/Middleware/AddQueuedCookiesToResponse.php(37): Illuminate\\Routing\\Pipeline->Illuminate\\Routing\\{closure}(Object(Illuminate\\Http\\Request))
#47 /home/adminlsp/appdir/vendor/laravel/framework/src/Illuminate/Pipeline/Pipeline.php(163): Illuminate\\Cookie\\Middleware\\AddQueuedCookiesToResponse->handle(Object(Illuminate\\Http\\Request), Object(Closure))
#48 /home/adminlsp/appdir/vendor/laravel/framework/src/Illuminate/Routing/Pipeline.php(53): Illuminate\\Pipeline\\Pipeline->Illuminate\\Pipeline\\{closure}(Object(Illuminate\\Http\\Request))
#49 /home/adminlsp/appdir/vendor/laravel/framework/src/Illuminate/Cookie/Middleware/EncryptCookies.php(66): Illuminate\\Routing\\Pipeline->Illuminate\\Routing\\{closure}(Object(Illuminate\\Http\\Request))
#50 /home/adminlsp/appdir/vendor/laravel/framework/src/Illuminate/Pipeline/Pipeline.php(163): Illuminate\\Cookie\\Middleware\\EncryptCookies->handle(Object(Illuminate\\Http\\Request), Object(Closure))
#51 /home/adminlsp/appdir/vendor/laravel/framework/src/Illuminate/Routing/Pipeline.php(53): Illuminate\\Pipeline\\Pipeline->Illuminate\\Pipeline\\{closure}(Object(Illuminate\\Http\\Request))
#52 /home/adminlsp/appdir/vendor/laravel/framework/src/Illuminate/Pipeline/Pipeline.php(104): Illuminate\\Routing\\Pipeline->Illuminate\\Routing\\{closure}(Object(Illuminate\\Http\\Request))
#53 /home/adminlsp/appdir/vendor/laravel/framework/src/Illuminate/Routing/Router.php(682): Illuminate\\Pipeline\\Pipeline->then(Object(Closure))
#54 /home/adminlsp/appdir/vendor/laravel/framework/src/Illuminate/Routing/Router.php(657): Illuminate\\Routing\\Router->runRouteWithinStack(Object(Illuminate\\Routing\\Route), Object(Illuminate\\Http\\Request))
#55 /home/adminlsp/appdir/vendor/laravel/framework/src/Illuminate/Routing/Router.php(623): Illuminate\\Routing\\Router->runRoute(Object(Illuminate\\Http\\Request), Object(Illuminate\\Routing\\Route))
#56 /home/adminlsp/appdir/vendor/laravel/framework/src/Illuminate/Routing/Router.php(612): Illuminate\\Routing\\Router->dispatchToRoute(Object(Illuminate\\Http\\Request))
#57 /home/adminlsp/appdir/vendor/laravel/framework/src/Illuminate/Foundation/Http/Kernel.php(176): Illuminate\\Routing\\Router->dispatch(Object(Illuminate\\Http\\Request))
#58 /home/adminlsp/appdir/vendor/laravel/framework/src/Illuminate/Routing/Pipeline.php(30): Illuminate\\Foundation\\Http\\Kernel->Illuminate\\Foundation\\Http\\{closure}(Object(Illuminate\\Http\\Request))
#59 /home/adminlsp/appdir/vendor/fideloper/proxy/src/TrustProxies.php(57): Illuminate\\Routing\\Pipeline->Illuminate\\Routing\\{closure}(Object(Illuminate\\Http\\Request))
#60 /home/adminlsp/appdir/vendor/laravel/framework/src/Illuminate/Pipeline/Pipeline.php(163): Fideloper\\Proxy\\TrustProxies->handle(Object(Illuminate\\Http\\Request), Object(Closure))
#61 /home/adminlsp/appdir/vendor/laravel/framework/src/Illuminate/Routing/Pipeline.php(53): Illuminate\\Pipeline\\Pipeline->Illuminate\\Pipeline\\{closure}(Object(Illuminate\\Http\\Request))
#62 /home/adminlsp/appdir/vendor/laravel/framework/src/Illuminate/Foundation/Http/Middleware/TransformsRequest.php(21): Illuminate\\Routing\\Pipeline->Illuminate\\Routing\\{closure}(Object(Illuminate\\Http\\Request))
#63 /home/adminlsp/appdir/vendor/laravel/framework/src/Illuminate/Pipeline/Pipeline.php(163): Illuminate\\Foundation\\Http\\Middleware\\TransformsRequest->handle(Object(Illuminate\\Http\\Request), Object(Closure))
#64 /home/adminlsp/appdir/vendor/laravel/framework/src/Illuminate/Routing/Pipeline.php(53): Illuminate\\Pipeline\\Pipeline->Illuminate\\Pipeline\\{closure}(Object(Illuminate\\Http\\Request))
#65 /home/adminlsp/appdir/vendor/laravel/framework/src/Illuminate/Foundation/Http/Middleware/TransformsRequest.php(21): Illuminate\\Routing\\Pipeline->Illuminate\\Routing\\{closure}(Object(Illuminate\\Http\\Request))
#66 /home/adminlsp/appdir/vendor/laravel/framework/src/Illuminate/Pipeline/Pipeline.php(163): Illuminate\\Foundation\\Http\\Middleware\\TransformsRequest->handle(Object(Illuminate\\Http\\Request), Object(Closure))
#67 /home/adminlsp/appdir/vendor/laravel/framework/src/Illuminate/Routing/Pipeline.php(53): Illuminate\\Pipeline\\Pipeline->Illuminate\\Pipeline\\{closure}(Object(Illuminate\\Http\\Request))
#68 /home/adminlsp/appdir/vendor/laravel/framework/src/Illuminate/Foundation/Http/Middleware/ValidatePostSize.php(27): Illuminate\\Routing\\Pipeline->Illuminate\\Routing\\{closure}(Object(Illuminate\\Http\\Request))
#69 /home/adminlsp/appdir/vendor/laravel/framework/src/Illuminate/Pipeline/Pipeline.php(163): Illuminate\\Foundation\\Http\\Middleware\\ValidatePostSize->handle(Object(Illuminate\\Http\\Request), Object(Closure))
#70 /home/adminlsp/appdir/vendor/laravel/framework/src/Illuminate/Routing/Pipeline.php(53): Illuminate\\Pipeline\\Pipeline->Illuminate\\Pipeline\\{closure}(Object(Illuminate\\Http\\Request))
#71 /home/adminlsp/appdir/vendor/laravel/framework/src/Illuminate/Foundation/Http/Middleware/CheckForMaintenanceMode.php(62): Illuminate\\Routing\\Pipeline->Illuminate\\Routing\\{closure}(Object(Illuminate\\Http\\Request))
#72 /home/adminlsp/appdir/vendor/laravel/framework/src/Illuminate/Pipeline/Pipeline.php(163): Illuminate\\Foundation\\Http\\Middleware\\CheckForMaintenanceMode->handle(Object(Illuminate\\Http\\Request), Object(Closure))
#73 /home/adminlsp/appdir/vendor/laravel/framework/src/Illuminate/Routing/Pipeline.php(53): Illuminate\\Pipeline\\Pipeline->Illuminate\\Pipeline\\{closure}(Object(Illuminate\\Http\\Request))
#74 /home/adminlsp/appdir/vendor/laravel/framework/src/Illuminate/Pipeline/Pipeline.php(104): Illuminate\\Routing\\Pipeline->Illuminate\\Routing\\{closure}(Object(Illuminate\\Http\\Request))
#75 /home/adminlsp/appdir/vendor/laravel/framework/src/Illuminate/Foundation/Http/Kernel.php(151): Illuminate\\Pipeline\\Pipeline->then(Object(Closure))
#76 /home/adminlsp/appdir/vendor/laravel/framework/src/Illuminate/Foundation/Http/Kernel.php(116): Illuminate\\Foundation\\Http\\Kernel->sendRequestThroughRouter(Object(Illuminate\\Http\\Request))
#77 /home/adminlsp/appdir/public/index.php(55): Illuminate\\Foundation\\Http\\Kernel->handle(Object(Illuminate\\Http\\Request))
#78 /home/adminlsp/appdir/server.php(21): require_once('/home/adminlsp/...')
#79 {main}
"} 
[2021-04-08 12:10:51] local.ERROR: Expected response code 354 but got code "550", with message "550 5.4.5 Daily user sending quota exceeded. j13sm24105776pfn.103 - gsmtp
" {"exception":"[object] (Swift_TransportException(code: 550): Expected response code 354 but got code \"550\", with message \"550 5.4.5 Daily user sending quota exceeded. j13sm24105776pfn.103 - gsmtp
\" at /home/adminlsp/appdir/vendor/swiftmailer/swiftmailer/lib/classes/Swift/Transport/AbstractSmtpTransport.php:457)
[stacktrace]
#0 /home/adminlsp/appdir/vendor/swiftmailer/swiftmailer/lib/classes/Swift/Transport/AbstractSmtpTransport.php(341): Swift_Transport_AbstractSmtpTransport->assertResponseCode('550 5.4.5 Daily...', Array)
#1 /home/adminlsp/appdir/vendor/swiftmailer/swiftmailer/lib/classes/Swift/Transport/EsmtpTransport.php(305): Swift_Transport_AbstractSmtpTransport->executeCommand('DATA\\
', Array, Array, false, NULL)
#2 /home/adminlsp/appdir/vendor/swiftmailer/swiftmailer/lib/classes/Swift/Transport/AbstractSmtpTransport.php(390): Swift_Transport_EsmtpTransport->executeCommand('DATA\\
', Array, Array)
#3 /home/adminlsp/appdir/vendor/swiftmailer/swiftmailer/lib/classes/Swift/Transport/AbstractSmtpTransport.php(497): Swift_Transport_AbstractSmtpTransport->doDataCommand(Array)
#4 /home/adminlsp/appdir/vendor/swiftmailer/swiftmailer/lib/classes/Swift/Transport/AbstractSmtpTransport.php(516): Swift_Transport_AbstractSmtpTransport->doMailTransaction(Object(Swift_Message), 'lsp@polije.ac.i...', Array, Array)
#5 /home/adminlsp/appdir/vendor/swiftmailer/swiftmailer/lib/classes/Swift/Transport/AbstractSmtpTransport.php(206): Swift_Transport_AbstractSmtpTransport->sendTo(Object(Swift_Message), 'lsp@polije.ac.i...', Array, Array)
#6 /home/adminlsp/appdir/vendor/swiftmailer/swiftmailer/lib/classes/Swift/Mailer.php(71): Swift_Transport_AbstractSmtpTransport->send(Object(Swift_Message), Array)
#7 /home/adminlsp/appdir/vendor/laravel/framework/src/Illuminate/Mail/Mailer.php(484): Swift_Mailer->send(Object(Swift_Message), Array)
#8 /home/adminlsp/appdir/vendor/laravel/framework/src/Illuminate/Mail/Mailer.php(259): Illuminate\\Mail\\Mailer->sendSwiftMessage(Object(Swift_Message))
#9 /home/adminlsp/appdir/vendor/laravel/framework/src/Illuminate/Mail/Mailable.php(159): Illuminate\\Mail\\Mailer->send('auth.mail', Array, Object(Closure))
#10 /home/adminlsp/appdir/vendor/laravel/framework/src/Illuminate/Support/Traits/Localizable.php(19): Illuminate\\Mail\\Mailable->Illuminate\\Mail\\{closure}()
#11 /home/adminlsp/appdir/vendor/laravel/framework/src/Illuminate/Mail/Mailable.php(160): Illuminate\\Mail\\Mailable->withLocale(NULL, Object(Closure))
#12 /home/adminlsp/appdir/vendor/laravel/framework/src/Illuminate/Mail/Mailer.php(275): Illuminate\\Mail\\Mailable->send(Object(Illuminate\\Mail\\Mailer))
#13 /home/adminlsp/appdir/vendor/laravel/framework/src/Illuminate/Mail/Mailer.php(229): Illuminate\\Mail\\Mailer->sendMailable(Object(App\\Mail\\RegisterMail))
#14 /home/adminlsp/appdir/vendor/laravel/framework/src/Illuminate/Mail/PendingMail.php(127): Illuminate\\Mail\\Mailer->send(Object(App\\Mail\\RegisterMail))
#15 /home/adminlsp/appdir/app/Listeners/RegisteredListener.php(30): Illuminate\\Mail\\PendingMail->send(Object(App\\Mail\\RegisterMail))
#16 [internal function]: App\\Listeners\\RegisteredListener->handle(Object(Illuminate\\Auth\\Events\\Registered))
#17 /home/adminlsp/appdir/vendor/laravel/framework/src/Illuminate/Events/Dispatcher.php(366): call_user_func_array(Array, Array)
#18 /home/adminlsp/appdir/vendor/laravel/framework/src/Illuminate/Events/Dispatcher.php(196): Illuminate\\Events\\Dispatcher->Illuminate\\Events\\{closure}('Illuminate\\\\Auth...', Array)
#19 /home/adminlsp/appdir/vendor/laravel/framework/src/Illuminate/Foundation/helpers.php(482): Illuminate\\Events\\Dispatcher->dispatch('Illuminate\\\\Auth...')
#20 /home/adminlsp/appdir/vendor/laravel/framework/src/Illuminate/Foundation/Auth/RegistersUsers.php(34): event(Object(Illuminate\\Auth\\Events\\Registered))
#21 [internal function]: App\\Http\\Controllers\\Auth\\RegisterController->register(Object(Illuminate\\Http\\Request))
#22 /home/adminlsp/appdir/vendor/laravel/framework/src/Illuminate/Routing/Controller.php(54): call_user_func_array(Array, Array)
#23 /home/adminlsp/appdir/vendor/laravel/framework/src/Illuminate/Routing/ControllerDispatcher.php(45): Illuminate\\Routing\\Controller->callAction('register', Array)
#24 /home/adminlsp/appdir/vendor/laravel/framework/src/Illuminate/Routing/Route.php(219): Illuminate\\Routing\\ControllerDispatcher->dispatch(Object(Illuminate\\Routing\\Route), Object(App\\Http\\Controllers\\Auth\\RegisterController), 'register')
#25 /home/adminlsp/appdir/vendor/laravel/framework/src/Illuminate/Routing/Route.php(176): Illuminate\\Routing\\Route->runController()
#26 /home/adminlsp/appdir/vendor/laravel/framework/src/Illuminate/Routing/Router.php(680): Illuminate\\Routing\\Route->run()
#27 /home/adminlsp/appdir/vendor/laravel/framework/src/Illuminate/Routing/Pipeline.php(30): Illuminate\\Routing\\Router->Illuminate\\Routing\\{closure}(Object(Illuminate\\Http\\Request))
#28 /home/adminlsp/appdir/app/Http/Middleware/RedirectIfAuthenticated.php(24): Illuminate\\Routing\\Pipeline->Illuminate\\Routing\\{closure}(Object(Illuminate\\Http\\Request))
#29 /home/adminlsp/appdir/vendor/laravel/framework/src/Illuminate/Pipeline/Pipeline.php(163): App\\Http\\Middleware\\RedirectIfAuthenticated->handle(Object(Illuminate\\Http\\Request), Object(Closure))
#30 /home/adminlsp/appdir/vendor/laravel/framework/src/Illuminate/Routing/Pipeline.php(53): Illuminate\\Pipeline\\Pipeline->Illuminate\\Pipeline\\{closure}(Object(Illuminate\\Http\\Request))
#31 /home/adminlsp/appdir/vendor/laravel/framework/src/Illuminate/Routing/Middleware/SubstituteBindings.php(41): Illuminate\\Routing\\Pipeline->Illuminate\\Routing\\{closure}(Object(Illuminate\\Http\\Request))
#32 /home/adminlsp/appdir/vendor/laravel/framework/src/Illuminate/Pipeline/Pipeline.php(163): Illuminate\\Routing\\Middleware\\SubstituteBindings->handle(Object(Illuminate\\Http\\Request), Object(Closure))
#33 /home/adminlsp/appdir/vendor/laravel/framework/src/Illuminate/Routing/Pipeline.php(53): Illuminate\\Pipeline\\Pipeline->Illuminate\\Pipeline\\{closure}(Object(Illuminate\\Http\\Request))
#34 /home/adminlsp/appdir/vendor/laravel/framework/src/Illuminate/Foundation/Http/Middleware/VerifyCsrfToken.php(75): Illuminate\\Routing\\Pipeline->Illuminate\\Routing\\{closure}(Object(Illuminate\\Http\\Request))
#35 /home/adminlsp/appdir/vendor/laravel/framework/src/Illuminate/Pipeline/Pipeline.php(163): Illuminate\\Foundation\\Http\\Middleware\\VerifyCsrfToken->handle(Object(Illuminate\\Http\\Request), Object(Closure))
#36 /home/adminlsp/appdir/vendor/laravel/framework/src/Illuminate/Routing/Pipeline.php(53): Illuminate\\Pipeline\\Pipeline->Illuminate\\Pipeline\\{closure}(Object(Illuminate\\Http\\Request))
#37 /home/adminlsp/appdir/vendor/laravel/framework/src/Illuminate/Session/Middleware/AuthenticateSession.php(39): Illuminate\\Routing\\Pipeline->Illuminate\\Routing\\{closure}(Object(Illuminate\\Http\\Request))
#38 /home/adminlsp/appdir/vendor/laravel/framework/src/Illuminate/Pipeline/Pipeline.php(163): Illuminate\\Session\\Middleware\\AuthenticateSession->handle(Object(Illuminate\\Http\\Request), Object(Closure))
#39 /home/adminlsp/appdir/vendor/laravel/framework/src/Illuminate/Routing/Pipeline.php(53): Illuminate\\Pipeline\\Pipeline->Illuminate\\Pipeline\\{closure}(Object(Illuminate\\Http\\Request))
#40 /home/adminlsp/appdir/vendor/laravel/framework/src/Illuminate/View/Middleware/ShareErrorsFromSession.php(49): Illuminate\\Routing\\Pipeline->Illuminate\\Routing\\{closure}(Object(Illuminate\\Http\\Request))
#41 /home/adminlsp/appdir/vendor/laravel/framework/src/Illuminate/Pipeline/Pipeline.php(163): Illuminate\\View\\Middleware\\ShareErrorsFromSession->handle(Object(Illuminate\\Http\\Request), Object(Closure))
#42 /home/adminlsp/appdir/vendor/laravel/framework/src/Illuminate/Routing/Pipeline.php(53): Illuminate\\Pipeline\\Pipeline->Illuminate\\Pipeline\\{closure}(Object(Illuminate\\Http\\Request))
#43 /home/adminlsp/appdir/vendor/laravel/framework/src/Illuminate/Session/Middleware/StartSession.php(56): Illuminate\\Routing\\Pipeline->Illuminate\\Routing\\{closure}(Object(Illuminate\\Http\\Request))
#44 /home/adminlsp/appdir/vendor/laravel/framework/src/Illuminate/Pipeline/Pipeline.php(163): Illuminate\\Session\\Middleware\\StartSession->handle(Object(Illuminate\\Http\\Request), Object(Closure))
#45 /home/adminlsp/appdir/vendor/laravel/framework/src/Illuminate/Routing/Pipeline.php(53): Illuminate\\Pipeline\\Pipeline->Illuminate\\Pipeline\\{closure}(Object(Illuminate\\Http\\Request))
#46 /home/adminlsp/appdir/vendor/laravel/framework/src/Illuminate/Cookie/Middleware/AddQueuedCookiesToResponse.php(37): Illuminate\\Routing\\Pipeline->Illuminate\\Routing\\{closure}(Object(Illuminate\\Http\\Request))
#47 /home/adminlsp/appdir/vendor/laravel/framework/src/Illuminate/Pipeline/Pipeline.php(163): Illuminate\\Cookie\\Middleware\\AddQueuedCookiesToResponse->handle(Object(Illuminate\\Http\\Request), Object(Closure))
#48 /home/adminlsp/appdir/vendor/laravel/framework/src/Illuminate/Routing/Pipeline.php(53): Illuminate\\Pipeline\\Pipeline->Illuminate\\Pipeline\\{closure}(Object(Illuminate\\Http\\Request))
#49 /home/adminlsp/appdir/vendor/laravel/framework/src/Illuminate/Cookie/Middleware/EncryptCookies.php(66): Illuminate\\Routing\\Pipeline->Illuminate\\Routing\\{closure}(Object(Illuminate\\Http\\Request))
#50 /home/adminlsp/appdir/vendor/laravel/framework/src/Illuminate/Pipeline/Pipeline.php(163): Illuminate\\Cookie\\Middleware\\EncryptCookies->handle(Object(Illuminate\\Http\\Request), Object(Closure))
#51 /home/adminlsp/appdir/vendor/laravel/framework/src/Illuminate/Routing/Pipeline.php(53): Illuminate\\Pipeline\\Pipeline->Illuminate\\Pipeline\\{closure}(Object(Illuminate\\Http\\Request))
#52 /home/adminlsp/appdir/vendor/laravel/framework/src/Illuminate/Pipeline/Pipeline.php(104): Illuminate\\Routing\\Pipeline->Illuminate\\Routing\\{closure}(Object(Illuminate\\Http\\Request))
#53 /home/adminlsp/appdir/vendor/laravel/framework/src/Illuminate/Routing/Router.php(682): Illuminate\\Pipeline\\Pipeline->then(Object(Closure))
#54 /home/adminlsp/appdir/vendor/laravel/framework/src/Illuminate/Routing/Router.php(657): Illuminate\\Routing\\Router->runRouteWithinStack(Object(Illuminate\\Routing\\Route), Object(Illuminate\\Http\\Request))
#55 /home/adminlsp/appdir/vendor/laravel/framework/src/Illuminate/Routing/Router.php(623): Illuminate\\Routing\\Router->runRoute(Object(Illuminate\\Http\\Request), Object(Illuminate\\Routing\\Route))
#56 /home/adminlsp/appdir/vendor/laravel/framework/src/Illuminate/Routing/Router.php(612): Illuminate\\Routing\\Router->dispatchToRoute(Object(Illuminate\\Http\\Request))
#57 /home/adminlsp/appdir/vendor/laravel/framework/src/Illuminate/Foundation/Http/Kernel.php(176): Illuminate\\Routing\\Router->dispatch(Object(Illuminate\\Http\\Request))
#58 /home/adminlsp/appdir/vendor/laravel/framework/src/Illuminate/Routing/Pipeline.php(30): Illuminate\\Foundation\\Http\\Kernel->Illuminate\\Foundation\\Http\\{closure}(Object(Illuminate\\Http\\Request))
#59 /home/adminlsp/appdir/vendor/fideloper/proxy/src/TrustProxies.php(57): Illuminate\\Routing\\Pipeline->Illuminate\\Routing\\{closure}(Object(Illuminate\\Http\\Request))
#60 /home/adminlsp/appdir/vendor/laravel/framework/src/Illuminate/Pipeline/Pipeline.php(163): Fideloper\\Proxy\\TrustProxies->handle(Object(Illuminate\\Http\\Request), Object(Closure))
#61 /home/adminlsp/appdir/vendor/laravel/framework/src/Illuminate/Routing/Pipeline.php(53): Illuminate\\Pipeline\\Pipeline->Illuminate\\Pipeline\\{closure}(Object(Illuminate\\Http\\Request))
#62 /home/adminlsp/appdir/vendor/laravel/framework/src/Illuminate/Foundation/Http/Middleware/TransformsRequest.php(21): Illuminate\\Routing\\Pipeline->Illuminate\\Routing\\{closure}(Object(Illuminate\\Http\\Request))
#63 /home/adminlsp/appdir/vendor/laravel/framework/src/Illuminate/Pipeline/Pipeline.php(163): Illuminate\\Foundation\\Http\\Middleware\\TransformsRequest->handle(Object(Illuminate\\Http\\Request), Object(Closure))
#64 /home/adminlsp/appdir/vendor/laravel/framework/src/Illuminate/Routing/Pipeline.php(53): Illuminate\\Pipeline\\Pipeline->Illuminate\\Pipeline\\{closure}(Object(Illuminate\\Http\\Request))
#65 /home/adminlsp/appdir/vendor/laravel/framework/src/Illuminate/Foundation/Http/Middleware/TransformsRequest.php(21): Illuminate\\Routing\\Pipeline->Illuminate\\Routing\\{closure}(Object(Illuminate\\Http\\Request))
#66 /home/adminlsp/appdir/vendor/laravel/framework/src/Illuminate/Pipeline/Pipeline.php(163): Illuminate\\Foundation\\Http\\Middleware\\TransformsRequest->handle(Object(Illuminate\\Http\\Request), Object(Closure))
#67 /home/adminlsp/appdir/vendor/laravel/framework/src/Illuminate/Routing/Pipeline.php(53): Illuminate\\Pipeline\\Pipeline->Illuminate\\Pipeline\\{closure}(Object(Illuminate\\Http\\Request))
#68 /home/adminlsp/appdir/vendor/laravel/framework/src/Illuminate/Foundation/Http/Middleware/ValidatePostSize.php(27): Illuminate\\Routing\\Pipeline->Illuminate\\Routing\\{closure}(Object(Illuminate\\Http\\Request))
#69 /home/adminlsp/appdir/vendor/laravel/framework/src/Illuminate/Pipeline/Pipeline.php(163): Illuminate\\Foundation\\Http\\Middleware\\ValidatePostSize->handle(Object(Illuminate\\Http\\Request), Object(Closure))
#70 /home/adminlsp/appdir/vendor/laravel/framework/src/Illuminate/Routing/Pipeline.php(53): Illuminate\\Pipeline\\Pipeline->Illuminate\\Pipeline\\{closure}(Object(Illuminate\\Http\\Request))
#71 /home/adminlsp/appdir/vendor/laravel/framework/src/Illuminate/Foundation/Http/Middleware/CheckForMaintenanceMode.php(62): Illuminate\\Routing\\Pipeline->Illuminate\\Routing\\{closure}(Object(Illuminate\\Http\\Request))
#72 /home/adminlsp/appdir/vendor/laravel/framework/src/Illuminate/Pipeline/Pipeline.php(163): Illuminate\\Foundation\\Http\\Middleware\\CheckForMaintenanceMode->handle(Object(Illuminate\\Http\\Request), Object(Closure))
#73 /home/adminlsp/appdir/vendor/laravel/framework/src/Illuminate/Routing/Pipeline.php(53): Illuminate\\Pipeline\\Pipeline->Illuminate\\Pipeline\\{closure}(Object(Illuminate\\Http\\Request))
#74 /home/adminlsp/appdir/vendor/laravel/framework/src/Illuminate/Pipeline/Pipeline.php(104): Illuminate\\Routing\\Pipeline->Illuminate\\Routing\\{closure}(Object(Illuminate\\Http\\Request))
#75 /home/adminlsp/appdir/vendor/laravel/framework/src/Illuminate/Foundation/Http/Kernel.php(151): Illuminate\\Pipeline\\Pipeline->then(Object(Closure))
#76 /home/adminlsp/appdir/vendor/laravel/framework/src/Illuminate/Foundation/Http/Kernel.php(116): Illuminate\\Foundation\\Http\\Kernel->sendRequestThroughRouter(Object(Illuminate\\Http\\Request))
#77 /home/adminlsp/appdir/public/index.php(55): Illuminate\\Foundation\\Http\\Kernel->handle(Object(Illuminate\\Http\\Request))
#78 /home/adminlsp/appdir/server.php(21): require_once('/home/adminlsp/...')
#79 {main}
"} 
[2021-04-08 14:07:10] local.ERROR: Expected response code 354 but got code "550", with message "550 5.4.5 Daily user sending quota exceeded. o18sm8623770pji.10 - gsmtp
" {"exception":"[object] (Swift_TransportException(code: 550): Expected response code 354 but got code \"550\", with message \"550 5.4.5 Daily user sending quota exceeded. o18sm8623770pji.10 - gsmtp
\" at /home/adminlsp/appdir/vendor/swiftmailer/swiftmailer/lib/classes/Swift/Transport/AbstractSmtpTransport.php:457)
[stacktrace]
#0 /home/adminlsp/appdir/vendor/swiftmailer/swiftmailer/lib/classes/Swift/Transport/AbstractSmtpTransport.php(341): Swift_Transport_AbstractSmtpTransport->assertResponseCode('550 5.4.5 Daily...', Array)
#1 /home/adminlsp/appdir/vendor/swiftmailer/swiftmailer/lib/classes/Swift/Transport/EsmtpTransport.php(305): Swift_Transport_AbstractSmtpTransport->executeCommand('DATA\\
', Array, Array, false, NULL)
#2 /home/adminlsp/appdir/vendor/swiftmailer/swiftmailer/lib/classes/Swift/Transport/AbstractSmtpTransport.php(390): Swift_Transport_EsmtpTransport->executeCommand('DATA\\
', Array, Array)
#3 /home/adminlsp/appdir/vendor/swiftmailer/swiftmailer/lib/classes/Swift/Transport/AbstractSmtpTransport.php(497): Swift_Transport_AbstractSmtpTransport->doDataCommand(Array)
#4 /home/adminlsp/appdir/vendor/swiftmailer/swiftmailer/lib/classes/Swift/Transport/AbstractSmtpTransport.php(516): Swift_Transport_AbstractSmtpTransport->doMailTransaction(Object(Swift_Message), 'lsp@polije.ac.i...', Array, Array)
#5 /home/adminlsp/appdir/vendor/swiftmailer/swiftmailer/lib/classes/Swift/Transport/AbstractSmtpTransport.php(206): Swift_Transport_AbstractSmtpTransport->sendTo(Object(Swift_Message), 'lsp@polije.ac.i...', Array, Array)
#6 /home/adminlsp/appdir/vendor/swiftmailer/swiftmailer/lib/classes/Swift/Mailer.php(71): Swift_Transport_AbstractSmtpTransport->send(Object(Swift_Message), Array)
#7 /home/adminlsp/appdir/vendor/laravel/framework/src/Illuminate/Mail/Mailer.php(484): Swift_Mailer->send(Object(Swift_Message), Array)
#8 /home/adminlsp/appdir/vendor/laravel/framework/src/Illuminate/Mail/Mailer.php(259): Illuminate\\Mail\\Mailer->sendSwiftMessage(Object(Swift_Message))
#9 /home/adminlsp/appdir/vendor/laravel/framework/src/Illuminate/Mail/Mailable.php(159): Illuminate\\Mail\\Mailer->send('auth.mail', Array, Object(Closure))
#10 /home/adminlsp/appdir/vendor/laravel/framework/src/Illuminate/Support/Traits/Localizable.php(19): Illuminate\\Mail\\Mailable->Illuminate\\Mail\\{closure}()
#11 /home/adminlsp/appdir/vendor/laravel/framework/src/Illuminate/Mail/Mailable.php(160): Illuminate\\Mail\\Mailable->withLocale(NULL, Object(Closure))
#12 /home/adminlsp/appdir/vendor/laravel/framework/src/Illuminate/Mail/Mailer.php(275): Illuminate\\Mail\\Mailable->send(Object(Illuminate\\Mail\\Mailer))
#13 /home/adminlsp/appdir/vendor/laravel/framework/src/Illuminate/Mail/Mailer.php(229): Illuminate\\Mail\\Mailer->sendMailable(Object(App\\Mail\\RegisterMail))
#14 /home/adminlsp/appdir/vendor/laravel/framework/src/Illuminate/Mail/PendingMail.php(127): Illuminate\\Mail\\Mailer->send(Object(App\\Mail\\RegisterMail))
#15 /home/adminlsp/appdir/app/Listeners/RegisteredListener.php(30): Illuminate\\Mail\\PendingMail->send(Object(App\\Mail\\RegisterMail))
#16 [internal function]: App\\Listeners\\RegisteredListener->handle(Object(Illuminate\\Auth\\Events\\Registered))
#17 /home/adminlsp/appdir/vendor/laravel/framework/src/Illuminate/Events/Dispatcher.php(366): call_user_func_array(Array, Array)
#18 /home/adminlsp/appdir/vendor/laravel/framework/src/Illuminate/Events/Dispatcher.php(196): Illuminate\\Events\\Dispatcher->Illuminate\\Events\\{closure}('Illuminate\\\\Auth...', Array)
#19 /home/adminlsp/appdir/vendor/laravel/framework/src/Illuminate/Foundation/helpers.php(482): Illuminate\\Events\\Dispatcher->dispatch('Illuminate\\\\Auth...')
#20 /home/adminlsp/appdir/vendor/laravel/framework/src/Illuminate/Foundation/Auth/RegistersUsers.php(34): event(Object(Illuminate\\Auth\\Events\\Registered))
#21 [internal function]: App\\Http\\Controllers\\Auth\\RegisterController->register(Object(Illuminate\\Http\\Request))
#22 /home/adminlsp/appdir/vendor/laravel/framework/src/Illuminate/Routing/Controller.php(54): call_user_func_array(Array, Array)
#23 /home/adminlsp/appdir/vendor/laravel/framework/src/Illuminate/Routing/ControllerDispatcher.php(45): Illuminate\\Routing\\Controller->callAction('register', Array)
#24 /home/adminlsp/appdir/vendor/laravel/framework/src/Illuminate/Routing/Route.php(219): Illuminate\\Routing\\ControllerDispatcher->dispatch(Object(Illuminate\\Routing\\Route), Object(App\\Http\\Controllers\\Auth\\RegisterController), 'register')
#25 /home/adminlsp/appdir/vendor/laravel/framework/src/Illuminate/Routing/Route.php(176): Illuminate\\Routing\\Route->runController()
#26 /home/adminlsp/appdir/vendor/laravel/framework/src/Illuminate/Routing/Router.php(680): Illuminate\\Routing\\Route->run()
#27 /home/adminlsp/appdir/vendor/laravel/framework/src/Illuminate/Routing/Pipeline.php(30): Illuminate\\Routing\\Router->Illuminate\\Routing\\{closure}(Object(Illuminate\\Http\\Request))
#28 /home/adminlsp/appdir/app/Http/Middleware/RedirectIfAuthenticated.php(24): Illuminate\\Routing\\Pipeline->Illuminate\\Routing\\{closure}(Object(Illuminate\\Http\\Request))
#29 /home/adminlsp/appdir/vendor/laravel/framework/src/Illuminate/Pipeline/Pipeline.php(163): App\\Http\\Middleware\\RedirectIfAuthenticated->handle(Object(Illuminate\\Http\\Request), Object(Closure))
#30 /home/adminlsp/appdir/vendor/laravel/framework/src/Illuminate/Routing/Pipeline.php(53): Illuminate\\Pipeline\\Pipeline->Illuminate\\Pipeline\\{closure}(Object(Illuminate\\Http\\Request))
#31 /home/adminlsp/appdir/vendor/laravel/framework/src/Illuminate/Routing/Middleware/SubstituteBindings.php(41): Illuminate\\Routing\\Pipeline->Illuminate\\Routing\\{closure}(Object(Illuminate\\Http\\Request))
#32 /home/adminlsp/appdir/vendor/laravel/framework/src/Illuminate/Pipeline/Pipeline.php(163): Illuminate\\Routing\\Middleware\\SubstituteBindings->handle(Object(Illuminate\\Http\\Request), Object(Closure))
#33 /home/adminlsp/appdir/vendor/laravel/framework/src/Illuminate/Routing/Pipeline.php(53): Illuminate\\Pipeline\\Pipeline->Illuminate\\Pipeline\\{closure}(Object(Illuminate\\Http\\Request))
#34 /home/adminlsp/appdir/vendor/laravel/framework/src/Illuminate/Foundation/Http/Middleware/VerifyCsrfToken.php(75): Illuminate\\Routing\\Pipeline->Illuminate\\Routing\\{closure}(Object(Illuminate\\Http\\Request))
#35 /home/adminlsp/appdir/vendor/laravel/framework/src/Illuminate/Pipeline/Pipeline.php(163): Illuminate\\Foundation\\Http\\Middleware\\VerifyCsrfToken->handle(Object(Illuminate\\Http\\Request), Object(Closure))
#36 /home/adminlsp/appdir/vendor/laravel/framework/src/Illuminate/Routing/Pipeline.php(53): Illuminate\\Pipeline\\Pipeline->Illuminate\\Pipeline\\{closure}(Object(Illuminate\\Http\\Request))
#37 /home/adminlsp/appdir/vendor/laravel/framework/src/Illuminate/Session/Middleware/AuthenticateSession.php(39): Illuminate\\Routing\\Pipeline->Illuminate\\Routing\\{closure}(Object(Illuminate\\Http\\Request))
#38 /home/adminlsp/appdir/vendor/laravel/framework/src/Illuminate/Pipeline/Pipeline.php(163): Illuminate\\Session\\Middleware\\AuthenticateSession->handle(Object(Illuminate\\Http\\Request), Object(Closure))
#39 /home/adminlsp/appdir/vendor/laravel/framework/src/Illuminate/Routing/Pipeline.php(53): Illuminate\\Pipeline\\Pipeline->Illuminate\\Pipeline\\{closure}(Object(Illuminate\\Http\\Request))
#40 /home/adminlsp/appdir/vendor/laravel/framework/src/Illuminate/View/Middleware/ShareErrorsFromSession.php(49): Illuminate\\Routing\\Pipeline->Illuminate\\Routing\\{closure}(Object(Illuminate\\Http\\Request))
#41 /home/adminlsp/appdir/vendor/laravel/framework/src/Illuminate/Pipeline/Pipeline.php(163): Illuminate\\View\\Middleware\\ShareErrorsFromSession->handle(Object(Illuminate\\Http\\Request), Object(Closure))
#42 /home/adminlsp/appdir/vendor/laravel/framework/src/Illuminate/Routing/Pipeline.php(53): Illuminate\\Pipeline\\Pipeline->Illuminate\\Pipeline\\{closure}(Object(Illuminate\\Http\\Request))
#43 /home/adminlsp/appdir/vendor/laravel/framework/src/Illuminate/Session/Middleware/StartSession.php(56): Illuminate\\Routing\\Pipeline->Illuminate\\Routing\\{closure}(Object(Illuminate\\Http\\Request))
#44 /home/adminlsp/appdir/vendor/laravel/framework/src/Illuminate/Pipeline/Pipeline.php(163): Illuminate\\Session\\Middleware\\StartSession->handle(Object(Illuminate\\Http\\Request), Object(Closure))
#45 /home/adminlsp/appdir/vendor/laravel/framework/src/Illuminate/Routing/Pipeline.php(53): Illuminate\\Pipeline\\Pipeline->Illuminate\\Pipeline\\{closure}(Object(Illuminate\\Http\\Request))
#46 /home/adminlsp/appdir/vendor/laravel/framework/src/Illuminate/Cookie/Middleware/AddQueuedCookiesToResponse.php(37): Illuminate\\Routing\\Pipeline->Illuminate\\Routing\\{closure}(Object(Illuminate\\Http\\Request))
#47 /home/adminlsp/appdir/vendor/laravel/framework/src/Illuminate/Pipeline/Pipeline.php(163): Illuminate\\Cookie\\Middleware\\AddQueuedCookiesToResponse->handle(Object(Illuminate\\Http\\Request), Object(Closure))
#48 /home/adminlsp/appdir/vendor/laravel/framework/src/Illuminate/Routing/Pipeline.php(53): Illuminate\\Pipeline\\Pipeline->Illuminate\\Pipeline\\{closure}(Object(Illuminate\\Http\\Request))
#49 /home/adminlsp/appdir/vendor/laravel/framework/src/Illuminate/Cookie/Middleware/EncryptCookies.php(66): Illuminate\\Routing\\Pipeline->Illuminate\\Routing\\{closure}(Object(Illuminate\\Http\\Request))
#50 /home/adminlsp/appdir/vendor/laravel/framework/src/Illuminate/Pipeline/Pipeline.php(163): Illuminate\\Cookie\\Middleware\\EncryptCookies->handle(Object(Illuminate\\Http\\Request), Object(Closure))
#51 /home/adminlsp/appdir/vendor/laravel/framework/src/Illuminate/Routing/Pipeline.php(53): Illuminate\\Pipeline\\Pipeline->Illuminate\\Pipeline\\{closure}(Object(Illuminate\\Http\\Request))
#52 /home/adminlsp/appdir/vendor/laravel/framework/src/Illuminate/Pipeline/Pipeline.php(104): Illuminate\\Routing\\Pipeline->Illuminate\\Routing\\{closure}(Object(Illuminate\\Http\\Request))
#53 /home/adminlsp/appdir/vendor/laravel/framework/src/Illuminate/Routing/Router.php(682): Illuminate\\Pipeline\\Pipeline->then(Object(Closure))
#54 /home/adminlsp/appdir/vendor/laravel/framework/src/Illuminate/Routing/Router.php(657): Illuminate\\Routing\\Router->runRouteWithinStack(Object(Illuminate\\Routing\\Route), Object(Illuminate\\Http\\Request))
#55 /home/adminlsp/appdir/vendor/laravel/framework/src/Illuminate/Routing/Router.php(623): Illuminate\\Routing\\Router->runRoute(Object(Illuminate\\Http\\Request), Object(Illuminate\\Routing\\Route))
#56 /home/adminlsp/appdir/vendor/laravel/framework/src/Illuminate/Routing/Router.php(612): Illuminate\\Routing\\Router->dispatchToRoute(Object(Illuminate\\Http\\Request))
#57 /home/adminlsp/appdir/vendor/laravel/framework/src/Illuminate/Foundation/Http/Kernel.php(176): Illuminate\\Routing\\Router->dispatch(Object(Illuminate\\Http\\Request))
#58 /home/adminlsp/appdir/vendor/laravel/framework/src/Illuminate/Routing/Pipeline.php(30): Illuminate\\Foundation\\Http\\Kernel->Illuminate\\Foundation\\Http\\{closure}(Object(Illuminate\\Http\\Request))
#59 /home/adminlsp/appdir/vendor/fideloper/proxy/src/TrustProxies.php(57): Illuminate\\Routing\\Pipeline->Illuminate\\Routing\\{closure}(Object(Illuminate\\Http\\Request))
#60 /home/adminlsp/appdir/vendor/laravel/framework/src/Illuminate/Pipeline/Pipeline.php(163): Fideloper\\Proxy\\TrustProxies->handle(Object(Illuminate\\Http\\Request), Object(Closure))
#61 /home/adminlsp/appdir/vendor/laravel/framework/src/Illuminate/Routing/Pipeline.php(53): Illuminate\\Pipeline\\Pipeline->Illuminate\\Pipeline\\{closure}(Object(Illuminate\\Http\\Request))
#62 /home/adminlsp/appdir/vendor/laravel/framework/src/Illuminate/Foundation/Http/Middleware/TransformsRequest.php(21): Illuminate\\Routing\\Pipeline->Illuminate\\Routing\\{closure}(Object(Illuminate\\Http\\Request))
#63 /home/adminlsp/appdir/vendor/laravel/framework/src/Illuminate/Pipeline/Pipeline.php(163): Illuminate\\Foundation\\Http\\Middleware\\TransformsRequest->handle(Object(Illuminate\\Http\\Request), Object(Closure))
#64 /home/adminlsp/appdir/vendor/laravel/framework/src/Illuminate/Routing/Pipeline.php(53): Illuminate\\Pipeline\\Pipeline->Illuminate\\Pipeline\\{closure}(Object(Illuminate\\Http\\Request))
#65 /home/adminlsp/appdir/vendor/laravel/framework/src/Illuminate/Foundation/Http/Middleware/TransformsRequest.php(21): Illuminate\\Routing\\Pipeline->Illuminate\\Routing\\{closure}(Object(Illuminate\\Http\\Request))
#66 /home/adminlsp/appdir/vendor/laravel/framework/src/Illuminate/Pipeline/Pipeline.php(163): Illuminate\\Foundation\\Http\\Middleware\\TransformsRequest->handle(Object(Illuminate\\Http\\Request), Object(Closure))
#67 /home/adminlsp/appdir/vendor/laravel/framework/src/Illuminate/Routing/Pipeline.php(53): Illuminate\\Pipeline\\Pipeline->Illuminate\\Pipeline\\{closure}(Object(Illuminate\\Http\\Request))
#68 /home/adminlsp/appdir/vendor/laravel/framework/src/Illuminate/Foundation/Http/Middleware/ValidatePostSize.php(27): Illuminate\\Routing\\Pipeline->Illuminate\\Routing\\{closure}(Object(Illuminate\\Http\\Request))
#69 /home/adminlsp/appdir/vendor/laravel/framework/src/Illuminate/Pipeline/Pipeline.php(163): Illuminate\\Foundation\\Http\\Middleware\\ValidatePostSize->handle(Object(Illuminate\\Http\\Request), Object(Closure))
#70 /home/adminlsp/appdir/vendor/laravel/framework/src/Illuminate/Routing/Pipeline.php(53): Illuminate\\Pipeline\\Pipeline->Illuminate\\Pipeline\\{closure}(Object(Illuminate\\Http\\Request))
#71 /home/adminlsp/appdir/vendor/laravel/framework/src/Illuminate/Foundation/Http/Middleware/CheckForMaintenanceMode.php(62): Illuminate\\Routing\\Pipeline->Illuminate\\Routing\\{closure}(Object(Illuminate\\Http\\Request))
#72 /home/adminlsp/appdir/vendor/laravel/framework/src/Illuminate/Pipeline/Pipeline.php(163): Illuminate\\Foundation\\Http\\Middleware\\CheckForMaintenanceMode->handle(Object(Illuminate\\Http\\Request), Object(Closure))
#73 /home/adminlsp/appdir/vendor/laravel/framework/src/Illuminate/Routing/Pipeline.php(53): Illuminate\\Pipeline\\Pipeline->Illuminate\\Pipeline\\{closure}(Object(Illuminate\\Http\\Request))
#74 /home/adminlsp/appdir/vendor/laravel/framework/src/Illuminate/Pipeline/Pipeline.php(104): Illuminate\\Routing\\Pipeline->Illuminate\\Routing\\{closure}(Object(Illuminate\\Http\\Request))
#75 /home/adminlsp/appdir/vendor/laravel/framework/src/Illuminate/Foundation/Http/Kernel.php(151): Illuminate\\Pipeline\\Pipeline->then(Object(Closure))
#76 /home/adminlsp/appdir/vendor/laravel/framework/src/Illuminate/Foundation/Http/Kernel.php(116): Illuminate\\Foundation\\Http\\Kernel->sendRequestThroughRouter(Object(Illuminate\\Http\\Request))
#77 /home/adminlsp/appdir/public/index.php(55): Illuminate\\Foundation\\Http\\Kernel->handle(Object(Illuminate\\Http\\Request))
#78 /home/adminlsp/appdir/server.php(21): require_once('/home/adminlsp/...')
#79 {main}
"} 
[2021-04-08 14:25:28] local.ERROR: Expected response code 354 but got code "550", with message "550 5.4.5 Daily user sending quota exceeded. u18sm2623807pfm.4 - gsmtp
" {"exception":"[object] (Swift_TransportException(code: 550): Expected response code 354 but got code \"550\", with message \"550 5.4.5 Daily user sending quota exceeded. u18sm2623807pfm.4 - gsmtp
\" at /home/adminlsp/appdir/vendor/swiftmailer/swiftmailer/lib/classes/Swift/Transport/AbstractSmtpTransport.php:457)
[stacktrace]
#0 /home/adminlsp/appdir/vendor/swiftmailer/swiftmailer/lib/classes/Swift/Transport/AbstractSmtpTransport.php(341): Swift_Transport_AbstractSmtpTransport->assertResponseCode('550 5.4.5 Daily...', Array)
#1 /home/adminlsp/appdir/vendor/swiftmailer/swiftmailer/lib/classes/Swift/Transport/EsmtpTransport.php(305): Swift_Transport_AbstractSmtpTransport->executeCommand('DATA\\
', Array, Array, false, NULL)
#2 /home/adminlsp/appdir/vendor/swiftmailer/swiftmailer/lib/classes/Swift/Transport/AbstractSmtpTransport.php(390): Swift_Transport_EsmtpTransport->executeCommand('DATA\\
', Array, Array)
#3 /home/adminlsp/appdir/vendor/swiftmailer/swiftmailer/lib/classes/Swift/Transport/AbstractSmtpTransport.php(497): Swift_Transport_AbstractSmtpTransport->doDataCommand(Array)
#4 /home/adminlsp/appdir/vendor/swiftmailer/swiftmailer/lib/classes/Swift/Transport/AbstractSmtpTransport.php(516): Swift_Transport_AbstractSmtpTransport->doMailTransaction(Object(Swift_Message), 'lsp@polije.ac.i...', Array, Array)
#5 /home/adminlsp/appdir/vendor/swiftmailer/swiftmailer/lib/classes/Swift/Transport/AbstractSmtpTransport.php(206): Swift_Transport_AbstractSmtpTransport->sendTo(Object(Swift_Message), 'lsp@polije.ac.i...', Array, Array)
#6 /home/adminlsp/appdir/vendor/swiftmailer/swiftmailer/lib/classes/Swift/Mailer.php(71): Swift_Transport_AbstractSmtpTransport->send(Object(Swift_Message), Array)
#7 /home/adminlsp/appdir/vendor/laravel/framework/src/Illuminate/Mail/Mailer.php(484): Swift_Mailer->send(Object(Swift_Message), Array)
#8 /home/adminlsp/appdir/vendor/laravel/framework/src/Illuminate/Mail/Mailer.php(259): Illuminate\\Mail\\Mailer->sendSwiftMessage(Object(Swift_Message))
#9 /home/adminlsp/appdir/vendor/laravel/framework/src/Illuminate/Mail/Mailable.php(159): Illuminate\\Mail\\Mailer->send('auth.mail', Array, Object(Closure))
#10 /home/adminlsp/appdir/vendor/laravel/framework/src/Illuminate/Support/Traits/Localizable.php(19): Illuminate\\Mail\\Mailable->Illuminate\\Mail\\{closure}()
#11 /home/adminlsp/appdir/vendor/laravel/framework/src/Illuminate/Mail/Mailable.php(160): Illuminate\\Mail\\Mailable->withLocale(NULL, Object(Closure))
#12 /home/adminlsp/appdir/vendor/laravel/framework/src/Illuminate/Mail/Mailer.php(275): Illuminate\\Mail\\Mailable->send(Object(Illuminate\\Mail\\Mailer))
#13 /home/adminlsp/appdir/vendor/laravel/framework/src/Illuminate/Mail/Mailer.php(229): Illuminate\\Mail\\Mailer->sendMailable(Object(App\\Mail\\RegisterMail))
#14 /home/adminlsp/appdir/vendor/laravel/framework/src/Illuminate/Mail/PendingMail.php(127): Illuminate\\Mail\\Mailer->send(Object(App\\Mail\\RegisterMail))
#15 /home/adminlsp/appdir/app/Listeners/RegisteredListener.php(30): Illuminate\\Mail\\PendingMail->send(Object(App\\Mail\\RegisterMail))
#16 [internal function]: App\\Listeners\\RegisteredListener->handle(Object(Illuminate\\Auth\\Events\\Registered))
#17 /home/adminlsp/appdir/vendor/laravel/framework/src/Illuminate/Events/Dispatcher.php(366): call_user_func_array(Array, Array)
#18 /home/adminlsp/appdir/vendor/laravel/framework/src/Illuminate/Events/Dispatcher.php(196): Illuminate\\Events\\Dispatcher->Illuminate\\Events\\{closure}('Illuminate\\\\Auth...', Array)
#19 /home/adminlsp/appdir/vendor/laravel/framework/src/Illuminate/Foundation/helpers.php(482): Illuminate\\Events\\Dispatcher->dispatch('Illuminate\\\\Auth...')
#20 /home/adminlsp/appdir/vendor/laravel/framework/src/Illuminate/Foundation/Auth/RegistersUsers.php(34): event(Object(Illuminate\\Auth\\Events\\Registered))
#21 [internal function]: App\\Http\\Controllers\\Auth\\RegisterController->register(Object(Illuminate\\Http\\Request))
#22 /home/adminlsp/appdir/vendor/laravel/framework/src/Illuminate/Routing/Controller.php(54): call_user_func_array(Array, Array)
#23 /home/adminlsp/appdir/vendor/laravel/framework/src/Illuminate/Routing/ControllerDispatcher.php(45): Illuminate\\Routing\\Controller->callAction('register', Array)
#24 /home/adminlsp/appdir/vendor/laravel/framework/src/Illuminate/Routing/Route.php(219): Illuminate\\Routing\\ControllerDispatcher->dispatch(Object(Illuminate\\Routing\\Route), Object(App\\Http\\Controllers\\Auth\\RegisterController), 'register')
#25 /home/adminlsp/appdir/vendor/laravel/framework/src/Illuminate/Routing/Route.php(176): Illuminate\\Routing\\Route->runController()
#26 /home/adminlsp/appdir/vendor/laravel/framework/src/Illuminate/Routing/Router.php(680): Illuminate\\Routing\\Route->run()
#27 /home/adminlsp/appdir/vendor/laravel/framework/src/Illuminate/Routing/Pipeline.php(30): Illuminate\\Routing\\Router->Illuminate\\Routing\\{closure}(Object(Illuminate\\Http\\Request))
#28 /home/adminlsp/appdir/app/Http/Middleware/RedirectIfAuthenticated.php(24): Illuminate\\Routing\\Pipeline->Illuminate\\Routing\\{closure}(Object(Illuminate\\Http\\Request))
#29 /home/adminlsp/appdir/vendor/laravel/framework/src/Illuminate/Pipeline/Pipeline.php(163): App\\Http\\Middleware\\RedirectIfAuthenticated->handle(Object(Illuminate\\Http\\Request), Object(Closure))
#30 /home/adminlsp/appdir/vendor/laravel/framework/src/Illuminate/Routing/Pipeline.php(53): Illuminate\\Pipeline\\Pipeline->Illuminate\\Pipeline\\{closure}(Object(Illuminate\\Http\\Request))
#31 /home/adminlsp/appdir/vendor/laravel/framework/src/Illuminate/Routing/Middleware/SubstituteBindings.php(41): Illuminate\\Routing\\Pipeline->Illuminate\\Routing\\{closure}(Object(Illuminate\\Http\\Request))
#32 /home/adminlsp/appdir/vendor/laravel/framework/src/Illuminate/Pipeline/Pipeline.php(163): Illuminate\\Routing\\Middleware\\SubstituteBindings->handle(Object(Illuminate\\Http\\Request), Object(Closure))
#33 /home/adminlsp/appdir/vendor/laravel/framework/src/Illuminate/Routing/Pipeline.php(53): Illuminate\\Pipeline\\Pipeline->Illuminate\\Pipeline\\{closure}(Object(Illuminate\\Http\\Request))
#34 /home/adminlsp/appdir/vendor/laravel/framework/src/Illuminate/Foundation/Http/Middleware/VerifyCsrfToken.php(75): Illuminate\\Routing\\Pipeline->Illuminate\\Routing\\{closure}(Object(Illuminate\\Http\\Request))
#35 /home/adminlsp/appdir/vendor/laravel/framework/src/Illuminate/Pipeline/Pipeline.php(163): Illuminate\\Foundation\\Http\\Middleware\\VerifyCsrfToken->handle(Object(Illuminate\\Http\\Request), Object(Closure))
#36 /home/adminlsp/appdir/vendor/laravel/framework/src/Illuminate/Routing/Pipeline.php(53): Illuminate\\Pipeline\\Pipeline->Illuminate\\Pipeline\\{closure}(Object(Illuminate\\Http\\Request))
#37 /home/adminlsp/appdir/vendor/laravel/framework/src/Illuminate/Session/Middleware/AuthenticateSession.php(39): Illuminate\\Routing\\Pipeline->Illuminate\\Routing\\{closure}(Object(Illuminate\\Http\\Request))
#38 /home/adminlsp/appdir/vendor/laravel/framework/src/Illuminate/Pipeline/Pipeline.php(163): Illuminate\\Session\\Middleware\\AuthenticateSession->handle(Object(Illuminate\\Http\\Request), Object(Closure))
#39 /home/adminlsp/appdir/vendor/laravel/framework/src/Illuminate/Routing/Pipeline.php(53): Illuminate\\Pipeline\\Pipeline->Illuminate\\Pipeline\\{closure}(Object(Illuminate\\Http\\Request))
#40 /home/adminlsp/appdir/vendor/laravel/framework/src/Illuminate/View/Middleware/ShareErrorsFromSession.php(49): Illuminate\\Routing\\Pipeline->Illuminate\\Routing\\{closure}(Object(Illuminate\\Http\\Request))
#41 /home/adminlsp/appdir/vendor/laravel/framework/src/Illuminate/Pipeline/Pipeline.php(163): Illuminate\\View\\Middleware\\ShareErrorsFromSession->handle(Object(Illuminate\\Http\\Request), Object(Closure))
#42 /home/adminlsp/appdir/vendor/laravel/framework/src/Illuminate/Routing/Pipeline.php(53): Illuminate\\Pipeline\\Pipeline->Illuminate\\Pipeline\\{closure}(Object(Illuminate\\Http\\Request))
#43 /home/adminlsp/appdir/vendor/laravel/framework/src/Illuminate/Session/Middleware/StartSession.php(56): Illuminate\\Routing\\Pipeline->Illuminate\\Routing\\{closure}(Object(Illuminate\\Http\\Request))
#44 /home/adminlsp/appdir/vendor/laravel/framework/src/Illuminate/Pipeline/Pipeline.php(163): Illuminate\\Session\\Middleware\\StartSession->handle(Object(Illuminate\\Http\\Request), Object(Closure))
#45 /home/adminlsp/appdir/vendor/laravel/framework/src/Illuminate/Routing/Pipeline.php(53): Illuminate\\Pipeline\\Pipeline->Illuminate\\Pipeline\\{closure}(Object(Illuminate\\Http\\Request))
#46 /home/adminlsp/appdir/vendor/laravel/framework/src/Illuminate/Cookie/Middleware/AddQueuedCookiesToResponse.php(37): Illuminate\\Routing\\Pipeline->Illuminate\\Routing\\{closure}(Object(Illuminate\\Http\\Request))
#47 /home/adminlsp/appdir/vendor/laravel/framework/src/Illuminate/Pipeline/Pipeline.php(163): Illuminate\\Cookie\\Middleware\\AddQueuedCookiesToResponse->handle(Object(Illuminate\\Http\\Request), Object(Closure))
#48 /home/adminlsp/appdir/vendor/laravel/framework/src/Illuminate/Routing/Pipeline.php(53): Illuminate\\Pipeline\\Pipeline->Illuminate\\Pipeline\\{closure}(Object(Illuminate\\Http\\Request))
#49 /home/adminlsp/appdir/vendor/laravel/framework/src/Illuminate/Cookie/Middleware/EncryptCookies.php(66): Illuminate\\Routing\\Pipeline->Illuminate\\Routing\\{closure}(Object(Illuminate\\Http\\Request))
#50 /home/adminlsp/appdir/vendor/laravel/framework/src/Illuminate/Pipeline/Pipeline.php(163): Illuminate\\Cookie\\Middleware\\EncryptCookies->handle(Object(Illuminate\\Http\\Request), Object(Closure))
#51 /home/adminlsp/appdir/vendor/laravel/framework/src/Illuminate/Routing/Pipeline.php(53): Illuminate\\Pipeline\\Pipeline->Illuminate\\Pipeline\\{closure}(Object(Illuminate\\Http\\Request))
#52 /home/adminlsp/appdir/vendor/laravel/framework/src/Illuminate/Pipeline/Pipeline.php(104): Illuminate\\Routing\\Pipeline->Illuminate\\Routing\\{closure}(Object(Illuminate\\Http\\Request))
#53 /home/adminlsp/appdir/vendor/laravel/framework/src/Illuminate/Routing/Router.php(682): Illuminate\\Pipeline\\Pipeline->then(Object(Closure))
#54 /home/adminlsp/appdir/vendor/laravel/framework/src/Illuminate/Routing/Router.php(657): Illuminate\\Routing\\Router->runRouteWithinStack(Object(Illuminate\\Routing\\Route), Object(Illuminate\\Http\\Request))
#55 /home/adminlsp/appdir/vendor/laravel/framework/src/Illuminate/Routing/Router.php(623): Illuminate\\Routing\\Router->runRoute(Object(Illuminate\\Http\\Request), Object(Illuminate\\Routing\\Route))
#56 /home/adminlsp/appdir/vendor/laravel/framework/src/Illuminate/Routing/Router.php(612): Illuminate\\Routing\\Router->dispatchToRoute(Object(Illuminate\\Http\\Request))
#57 /home/adminlsp/appdir/vendor/laravel/framework/src/Illuminate/Foundation/Http/Kernel.php(176): Illuminate\\Routing\\Router->dispatch(Object(Illuminate\\Http\\Request))
#58 /home/adminlsp/appdir/vendor/laravel/framework/src/Illuminate/Routing/Pipeline.php(30): Illuminate\\Foundation\\Http\\Kernel->Illuminate\\Foundation\\Http\\{closure}(Object(Illuminate\\Http\\Request))
#59 /home/adminlsp/appdir/vendor/fideloper/proxy/src/TrustProxies.php(57): Illuminate\\Routing\\Pipeline->Illuminate\\Routing\\{closure}(Object(Illuminate\\Http\\Request))
#60 /home/adminlsp/appdir/vendor/laravel/framework/src/Illuminate/Pipeline/Pipeline.php(163): Fideloper\\Proxy\\TrustProxies->handle(Object(Illuminate\\Http\\Request), Object(Closure))
#61 /home/adminlsp/appdir/vendor/laravel/framework/src/Illuminate/Routing/Pipeline.php(53): Illuminate\\Pipeline\\Pipeline->Illuminate\\Pipeline\\{closure}(Object(Illuminate\\Http\\Request))
#62 /home/adminlsp/appdir/vendor/laravel/framework/src/Illuminate/Foundation/Http/Middleware/TransformsRequest.php(21): Illuminate\\Routing\\Pipeline->Illuminate\\Routing\\{closure}(Object(Illuminate\\Http\\Request))
#63 /home/adminlsp/appdir/vendor/laravel/framework/src/Illuminate/Pipeline/Pipeline.php(163): Illuminate\\Foundation\\Http\\Middleware\\TransformsRequest->handle(Object(Illuminate\\Http\\Request), Object(Closure))
#64 /home/adminlsp/appdir/vendor/laravel/framework/src/Illuminate/Routing/Pipeline.php(53): Illuminate\\Pipeline\\Pipeline->Illuminate\\Pipeline\\{closure}(Object(Illuminate\\Http\\Request))
#65 /home/adminlsp/appdir/vendor/laravel/framework/src/Illuminate/Foundation/Http/Middleware/TransformsRequest.php(21): Illuminate\\Routing\\Pipeline->Illuminate\\Routing\\{closure}(Object(Illuminate\\Http\\Request))
#66 /home/adminlsp/appdir/vendor/laravel/framework/src/Illuminate/Pipeline/Pipeline.php(163): Illuminate\\Foundation\\Http\\Middleware\\TransformsRequest->handle(Object(Illuminate\\Http\\Request), Object(Closure))
#67 /home/adminlsp/appdir/vendor/laravel/framework/src/Illuminate/Routing/Pipeline.php(53): Illuminate\\Pipeline\\Pipeline->Illuminate\\Pipeline\\{closure}(Object(Illuminate\\Http\\Request))
#68 /home/adminlsp/appdir/vendor/laravel/framework/src/Illuminate/Foundation/Http/Middleware/ValidatePostSize.php(27): Illuminate\\Routing\\Pipeline->Illuminate\\Routing\\{closure}(Object(Illuminate\\Http\\Request))
#69 /home/adminlsp/appdir/vendor/laravel/framework/src/Illuminate/Pipeline/Pipeline.php(163): Illuminate\\Foundation\\Http\\Middleware\\ValidatePostSize->handle(Object(Illuminate\\Http\\Request), Object(Closure))
#70 /home/adminlsp/appdir/vendor/laravel/framework/src/Illuminate/Routing/Pipeline.php(53): Illuminate\\Pipeline\\Pipeline->Illuminate\\Pipeline\\{closure}(Object(Illuminate\\Http\\Request))
#71 /home/adminlsp/appdir/vendor/laravel/framework/src/Illuminate/Foundation/Http/Middleware/CheckForMaintenanceMode.php(62): Illuminate\\Routing\\Pipeline->Illuminate\\Routing\\{closure}(Object(Illuminate\\Http\\Request))
#72 /home/adminlsp/appdir/vendor/laravel/framework/src/Illuminate/Pipeline/Pipeline.php(163): Illuminate\\Foundation\\Http\\Middleware\\CheckForMaintenanceMode->handle(Object(Illuminate\\Http\\Request), Object(Closure))
#73 /home/adminlsp/appdir/vendor/laravel/framework/src/Illuminate/Routing/Pipeline.php(53): Illuminate\\Pipeline\\Pipeline->Illuminate\\Pipeline\\{closure}(Object(Illuminate\\Http\\Request))
#74 /home/adminlsp/appdir/vendor/laravel/framework/src/Illuminate/Pipeline/Pipeline.php(104): Illuminate\\Routing\\Pipeline->Illuminate\\Routing\\{closure}(Object(Illuminate\\Http\\Request))
#75 /home/adminlsp/appdir/vendor/laravel/framework/src/Illuminate/Foundation/Http/Kernel.php(151): Illuminate\\Pipeline\\Pipeline->then(Object(Closure))
#76 /home/adminlsp/appdir/vendor/laravel/framework/src/Illuminate/Foundation/Http/Kernel.php(116): Illuminate\\Foundation\\Http\\Kernel->sendRequestThroughRouter(Object(Illuminate\\Http\\Request))
#77 /home/adminlsp/appdir/public/index.php(55): Illuminate\\Foundation\\Http\\Kernel->handle(Object(Illuminate\\Http\\Request))
#78 /home/adminlsp/appdir/server.php(21): require_once('/home/adminlsp/...')
#79 {main}
"} 
[2021-04-08 16:50:14] local.ERROR: Expected response code 354 but got code "550", with message "550 5.4.5 Daily user sending quota exceeded. 81sm24442pfu.164 - gsmtp
" {"exception":"[object] (Swift_TransportException(code: 550): Expected response code 354 but got code \"550\", with message \"550 5.4.5 Daily user sending quota exceeded. 81sm24442pfu.164 - gsmtp
\" at /home/adminlsp/appdir/vendor/swiftmailer/swiftmailer/lib/classes/Swift/Transport/AbstractSmtpTransport.php:457)
[stacktrace]
#0 /home/adminlsp/appdir/vendor/swiftmailer/swiftmailer/lib/classes/Swift/Transport/AbstractSmtpTransport.php(341): Swift_Transport_AbstractSmtpTransport->assertResponseCode('550 5.4.5 Daily...', Array)
#1 /home/adminlsp/appdir/vendor/swiftmailer/swiftmailer/lib/classes/Swift/Transport/EsmtpTransport.php(305): Swift_Transport_AbstractSmtpTransport->executeCommand('DATA\\
', Array, Array, false, NULL)
#2 /home/adminlsp/appdir/vendor/swiftmailer/swiftmailer/lib/classes/Swift/Transport/AbstractSmtpTransport.php(390): Swift_Transport_EsmtpTransport->executeCommand('DATA\\
', Array, Array)
#3 /home/adminlsp/appdir/vendor/swiftmailer/swiftmailer/lib/classes/Swift/Transport/AbstractSmtpTransport.php(497): Swift_Transport_AbstractSmtpTransport->doDataCommand(Array)
#4 /home/adminlsp/appdir/vendor/swiftmailer/swiftmailer/lib/classes/Swift/Transport/AbstractSmtpTransport.php(516): Swift_Transport_AbstractSmtpTransport->doMailTransaction(Object(Swift_Message), 'lsp@polije.ac.i...', Array, Array)
#5 /home/adminlsp/appdir/vendor/swiftmailer/swiftmailer/lib/classes/Swift/Transport/AbstractSmtpTransport.php(206): Swift_Transport_AbstractSmtpTransport->sendTo(Object(Swift_Message), 'lsp@polije.ac.i...', Array, Array)
#6 /home/adminlsp/appdir/vendor/swiftmailer/swiftmailer/lib/classes/Swift/Mailer.php(71): Swift_Transport_AbstractSmtpTransport->send(Object(Swift_Message), Array)
#7 /home/adminlsp/appdir/vendor/laravel/framework/src/Illuminate/Mail/Mailer.php(484): Swift_Mailer->send(Object(Swift_Message), Array)
#8 /home/adminlsp/appdir/vendor/laravel/framework/src/Illuminate/Mail/Mailer.php(259): Illuminate\\Mail\\Mailer->sendSwiftMessage(Object(Swift_Message))
#9 /home/adminlsp/appdir/vendor/laravel/framework/src/Illuminate/Mail/Mailable.php(159): Illuminate\\Mail\\Mailer->send('auth.mail', Array, Object(Closure))
#10 /home/adminlsp/appdir/vendor/laravel/framework/src/Illuminate/Support/Traits/Localizable.php(19): Illuminate\\Mail\\Mailable->Illuminate\\Mail\\{closure}()
#11 /home/adminlsp/appdir/vendor/laravel/framework/src/Illuminate/Mail/Mailable.php(160): Illuminate\\Mail\\Mailable->withLocale(NULL, Object(Closure))
#12 /home/adminlsp/appdir/vendor/laravel/framework/src/Illuminate/Mail/Mailer.php(275): Illuminate\\Mail\\Mailable->send(Object(Illuminate\\Mail\\Mailer))
#13 /home/adminlsp/appdir/vendor/laravel/framework/src/Illuminate/Mail/Mailer.php(229): Illuminate\\Mail\\Mailer->sendMailable(Object(App\\Mail\\RegisterMail))
#14 /home/adminlsp/appdir/vendor/laravel/framework/src/Illuminate/Mail/PendingMail.php(127): Illuminate\\Mail\\Mailer->send(Object(App\\Mail\\RegisterMail))
#15 /home/adminlsp/appdir/app/Listeners/RegisteredListener.php(30): Illuminate\\Mail\\PendingMail->send(Object(App\\Mail\\RegisterMail))
#16 [internal function]: App\\Listeners\\RegisteredListener->handle(Object(Illuminate\\Auth\\Events\\Registered))
#17 /home/adminlsp/appdir/vendor/laravel/framework/src/Illuminate/Events/Dispatcher.php(366): call_user_func_array(Array, Array)
#18 /home/adminlsp/appdir/vendor/laravel/framework/src/Illuminate/Events/Dispatcher.php(196): Illuminate\\Events\\Dispatcher->Illuminate\\Events\\{closure}('Illuminate\\\\Auth...', Array)
#19 /home/adminlsp/appdir/vendor/laravel/framework/src/Illuminate/Foundation/helpers.php(482): Illuminate\\Events\\Dispatcher->dispatch('Illuminate\\\\Auth...')
#20 /home/adminlsp/appdir/vendor/laravel/framework/src/Illuminate/Foundation/Auth/RegistersUsers.php(34): event(Object(Illuminate\\Auth\\Events\\Registered))
#21 [internal function]: App\\Http\\Controllers\\Auth\\RegisterController->register(Object(Illuminate\\Http\\Request))
#22 /home/adminlsp/appdir/vendor/laravel/framework/src/Illuminate/Routing/Controller.php(54): call_user_func_array(Array, Array)
#23 /home/adminlsp/appdir/vendor/laravel/framework/src/Illuminate/Routing/ControllerDispatcher.php(45): Illuminate\\Routing\\Controller->callAction('register', Array)
#24 /home/adminlsp/appdir/vendor/laravel/framework/src/Illuminate/Routing/Route.php(219): Illuminate\\Routing\\ControllerDispatcher->dispatch(Object(Illuminate\\Routing\\Route), Object(App\\Http\\Controllers\\Auth\\RegisterController), 'register')
#25 /home/adminlsp/appdir/vendor/laravel/framework/src/Illuminate/Routing/Route.php(176): Illuminate\\Routing\\Route->runController()
#26 /home/adminlsp/appdir/vendor/laravel/framework/src/Illuminate/Routing/Router.php(680): Illuminate\\Routing\\Route->run()
#27 /home/adminlsp/appdir/vendor/laravel/framework/src/Illuminate/Routing/Pipeline.php(30): Illuminate\\Routing\\Router->Illuminate\\Routing\\{closure}(Object(Illuminate\\Http\\Request))
#28 /home/adminlsp/appdir/app/Http/Middleware/RedirectIfAuthenticated.php(24): Illuminate\\Routing\\Pipeline->Illuminate\\Routing\\{closure}(Object(Illuminate\\Http\\Request))
#29 /home/adminlsp/appdir/vendor/laravel/framework/src/Illuminate/Pipeline/Pipeline.php(163): App\\Http\\Middleware\\RedirectIfAuthenticated->handle(Object(Illuminate\\Http\\Request), Object(Closure))
#30 /home/adminlsp/appdir/vendor/laravel/framework/src/Illuminate/Routing/Pipeline.php(53): Illuminate\\Pipeline\\Pipeline->Illuminate\\Pipeline\\{closure}(Object(Illuminate\\Http\\Request))
#31 /home/adminlsp/appdir/vendor/laravel/framework/src/Illuminate/Routing/Middleware/SubstituteBindings.php(41): Illuminate\\Routing\\Pipeline->Illuminate\\Routing\\{closure}(Object(Illuminate\\Http\\Request))
#32 /home/adminlsp/appdir/vendor/laravel/framework/src/Illuminate/Pipeline/Pipeline.php(163): Illuminate\\Routing\\Middleware\\SubstituteBindings->handle(Object(Illuminate\\Http\\Request), Object(Closure))
#33 /home/adminlsp/appdir/vendor/laravel/framework/src/Illuminate/Routing/Pipeline.php(53): Illuminate\\Pipeline\\Pipeline->Illuminate\\Pipeline\\{closure}(Object(Illuminate\\Http\\Request))
#34 /home/adminlsp/appdir/vendor/laravel/framework/src/Illuminate/Foundation/Http/Middleware/VerifyCsrfToken.php(75): Illuminate\\Routing\\Pipeline->Illuminate\\Routing\\{closure}(Object(Illuminate\\Http\\Request))
#35 /home/adminlsp/appdir/vendor/laravel/framework/src/Illuminate/Pipeline/Pipeline.php(163): Illuminate\\Foundation\\Http\\Middleware\\VerifyCsrfToken->handle(Object(Illuminate\\Http\\Request), Object(Closure))
#36 /home/adminlsp/appdir/vendor/laravel/framework/src/Illuminate/Routing/Pipeline.php(53): Illuminate\\Pipeline\\Pipeline->Illuminate\\Pipeline\\{closure}(Object(Illuminate\\Http\\Request))
#37 /home/adminlsp/appdir/vendor/laravel/framework/src/Illuminate/Session/Middleware/AuthenticateSession.php(39): Illuminate\\Routing\\Pipeline->Illuminate\\Routing\\{closure}(Object(Illuminate\\Http\\Request))
#38 /home/adminlsp/appdir/vendor/laravel/framework/src/Illuminate/Pipeline/Pipeline.php(163): Illuminate\\Session\\Middleware\\AuthenticateSession->handle(Object(Illuminate\\Http\\Request), Object(Closure))
#39 /home/adminlsp/appdir/vendor/laravel/framework/src/Illuminate/Routing/Pipeline.php(53): Illuminate\\Pipeline\\Pipeline->Illuminate\\Pipeline\\{closure}(Object(Illuminate\\Http\\Request))
#40 /home/adminlsp/appdir/vendor/laravel/framework/src/Illuminate/View/Middleware/ShareErrorsFromSession.php(49): Illuminate\\Routing\\Pipeline->Illuminate\\Routing\\{closure}(Object(Illuminate\\Http\\Request))
#41 /home/adminlsp/appdir/vendor/laravel/framework/src/Illuminate/Pipeline/Pipeline.php(163): Illuminate\\View\\Middleware\\ShareErrorsFromSession->handle(Object(Illuminate\\Http\\Request), Object(Closure))
#42 /home/adminlsp/appdir/vendor/laravel/framework/src/Illuminate/Routing/Pipeline.php(53): Illuminate\\Pipeline\\Pipeline->Illuminate\\Pipeline\\{closure}(Object(Illuminate\\Http\\Request))
#43 /home/adminlsp/appdir/vendor/laravel/framework/src/Illuminate/Session/Middleware/StartSession.php(56): Illuminate\\Routing\\Pipeline->Illuminate\\Routing\\{closure}(Object(Illuminate\\Http\\Request))
#44 /home/adminlsp/appdir/vendor/laravel/framework/src/Illuminate/Pipeline/Pipeline.php(163): Illuminate\\Session\\Middleware\\StartSession->handle(Object(Illuminate\\Http\\Request), Object(Closure))
#45 /home/adminlsp/appdir/vendor/laravel/framework/src/Illuminate/Routing/Pipeline.php(53): Illuminate\\Pipeline\\Pipeline->Illuminate\\Pipeline\\{closure}(Object(Illuminate\\Http\\Request))
#46 /home/adminlsp/appdir/vendor/laravel/framework/src/Illuminate/Cookie/Middleware/AddQueuedCookiesToResponse.php(37): Illuminate\\Routing\\Pipeline->Illuminate\\Routing\\{closure}(Object(Illuminate\\Http\\Request))
#47 /home/adminlsp/appdir/vendor/laravel/framework/src/Illuminate/Pipeline/Pipeline.php(163): Illuminate\\Cookie\\Middleware\\AddQueuedCookiesToResponse->handle(Object(Illuminate\\Http\\Request), Object(Closure))
#48 /home/adminlsp/appdir/vendor/laravel/framework/src/Illuminate/Routing/Pipeline.php(53): Illuminate\\Pipeline\\Pipeline->Illuminate\\Pipeline\\{closure}(Object(Illuminate\\Http\\Request))
#49 /home/adminlsp/appdir/vendor/laravel/framework/src/Illuminate/Cookie/Middleware/EncryptCookies.php(66): Illuminate\\Routing\\Pipeline->Illuminate\\Routing\\{closure}(Object(Illuminate\\Http\\Request))
#50 /home/adminlsp/appdir/vendor/laravel/framework/src/Illuminate/Pipeline/Pipeline.php(163): Illuminate\\Cookie\\Middleware\\EncryptCookies->handle(Object(Illuminate\\Http\\Request), Object(Closure))
#51 /home/adminlsp/appdir/vendor/laravel/framework/src/Illuminate/Routing/Pipeline.php(53): Illuminate\\Pipeline\\Pipeline->Illuminate\\Pipeline\\{closure}(Object(Illuminate\\Http\\Request))
#52 /home/adminlsp/appdir/vendor/laravel/framework/src/Illuminate/Pipeline/Pipeline.php(104): Illuminate\\Routing\\Pipeline->Illuminate\\Routing\\{closure}(Object(Illuminate\\Http\\Request))
#53 /home/adminlsp/appdir/vendor/laravel/framework/src/Illuminate/Routing/Router.php(682): Illuminate\\Pipeline\\Pipeline->then(Object(Closure))
#54 /home/adminlsp/appdir/vendor/laravel/framework/src/Illuminate/Routing/Router.php(657): Illuminate\\Routing\\Router->runRouteWithinStack(Object(Illuminate\\Routing\\Route), Object(Illuminate\\Http\\Request))
#55 /home/adminlsp/appdir/vendor/laravel/framework/src/Illuminate/Routing/Router.php(623): Illuminate\\Routing\\Router->runRoute(Object(Illuminate\\Http\\Request), Object(Illuminate\\Routing\\Route))
#56 /home/adminlsp/appdir/vendor/laravel/framework/src/Illuminate/Routing/Router.php(612): Illuminate\\Routing\\Router->dispatchToRoute(Object(Illuminate\\Http\\Request))
#57 /home/adminlsp/appdir/vendor/laravel/framework/src/Illuminate/Foundation/Http/Kernel.php(176): Illuminate\\Routing\\Router->dispatch(Object(Illuminate\\Http\\Request))
#58 /home/adminlsp/appdir/vendor/laravel/framework/src/Illuminate/Routing/Pipeline.php(30): Illuminate\\Foundation\\Http\\Kernel->Illuminate\\Foundation\\Http\\{closure}(Object(Illuminate\\Http\\Request))
#59 /home/adminlsp/appdir/vendor/fideloper/proxy/src/TrustProxies.php(57): Illuminate\\Routing\\Pipeline->Illuminate\\Routing\\{closure}(Object(Illuminate\\Http\\Request))
#60 /home/adminlsp/appdir/vendor/laravel/framework/src/Illuminate/Pipeline/Pipeline.php(163): Fideloper\\Proxy\\TrustProxies->handle(Object(Illuminate\\Http\\Request), Object(Closure))
#61 /home/adminlsp/appdir/vendor/laravel/framework/src/Illuminate/Routing/Pipeline.php(53): Illuminate\\Pipeline\\Pipeline->Illuminate\\Pipeline\\{closure}(Object(Illuminate\\Http\\Request))
#62 /home/adminlsp/appdir/vendor/laravel/framework/src/Illuminate/Foundation/Http/Middleware/TransformsRequest.php(21): Illuminate\\Routing\\Pipeline->Illuminate\\Routing\\{closure}(Object(Illuminate\\Http\\Request))
#63 /home/adminlsp/appdir/vendor/laravel/framework/src/Illuminate/Pipeline/Pipeline.php(163): Illuminate\\Foundation\\Http\\Middleware\\TransformsRequest->handle(Object(Illuminate\\Http\\Request), Object(Closure))
#64 /home/adminlsp/appdir/vendor/laravel/framework/src/Illuminate/Routing/Pipeline.php(53): Illuminate\\Pipeline\\Pipeline->Illuminate\\Pipeline\\{closure}(Object(Illuminate\\Http\\Request))
#65 /home/adminlsp/appdir/vendor/laravel/framework/src/Illuminate/Foundation/Http/Middleware/TransformsRequest.php(21): Illuminate\\Routing\\Pipeline->Illuminate\\Routing\\{closure}(Object(Illuminate\\Http\\Request))
#66 /home/adminlsp/appdir/vendor/laravel/framework/src/Illuminate/Pipeline/Pipeline.php(163): Illuminate\\Foundation\\Http\\Middleware\\TransformsRequest->handle(Object(Illuminate\\Http\\Request), Object(Closure))
#67 /home/adminlsp/appdir/vendor/laravel/framework/src/Illuminate/Routing/Pipeline.php(53): Illuminate\\Pipeline\\Pipeline->Illuminate\\Pipeline\\{closure}(Object(Illuminate\\Http\\Request))
#68 /home/adminlsp/appdir/vendor/laravel/framework/src/Illuminate/Foundation/Http/Middleware/ValidatePostSize.php(27): Illuminate\\Routing\\Pipeline->Illuminate\\Routing\\{closure}(Object(Illuminate\\Http\\Request))
#69 /home/adminlsp/appdir/vendor/laravel/framework/src/Illuminate/Pipeline/Pipeline.php(163): Illuminate\\Foundation\\Http\\Middleware\\ValidatePostSize->handle(Object(Illuminate\\Http\\Request), Object(Closure))
#70 /home/adminlsp/appdir/vendor/laravel/framework/src/Illuminate/Routing/Pipeline.php(53): Illuminate\\Pipeline\\Pipeline->Illuminate\\Pipeline\\{closure}(Object(Illuminate\\Http\\Request))
#71 /home/adminlsp/appdir/vendor/laravel/framework/src/Illuminate/Foundation/Http/Middleware/CheckForMaintenanceMode.php(62): Illuminate\\Routing\\Pipeline->Illuminate\\Routing\\{closure}(Object(Illuminate\\Http\\Request))
#72 /home/adminlsp/appdir/vendor/laravel/framework/src/Illuminate/Pipeline/Pipeline.php(163): Illuminate\\Foundation\\Http\\Middleware\\CheckForMaintenanceMode->handle(Object(Illuminate\\Http\\Request), Object(Closure))
#73 /home/adminlsp/appdir/vendor/laravel/framework/src/Illuminate/Routing/Pipeline.php(53): Illuminate\\Pipeline\\Pipeline->Illuminate\\Pipeline\\{closure}(Object(Illuminate\\Http\\Request))
#74 /home/adminlsp/appdir/vendor/laravel/framework/src/Illuminate/Pipeline/Pipeline.php(104): Illuminate\\Routing\\Pipeline->Illuminate\\Routing\\{closure}(Object(Illuminate\\Http\\Request))
#75 /home/adminlsp/appdir/vendor/laravel/framework/src/Illuminate/Foundation/Http/Kernel.php(151): Illuminate\\Pipeline\\Pipeline->then(Object(Closure))
#76 /home/adminlsp/appdir/vendor/laravel/framework/src/Illuminate/Foundation/Http/Kernel.php(116): Illuminate\\Foundation\\Http\\Kernel->sendRequestThroughRouter(Object(Illuminate\\Http\\Request))
#77 /home/adminlsp/appdir/public/index.php(55): Illuminate\\Foundation\\Http\\Kernel->handle(Object(Illuminate\\Http\\Request))
#78 /home/adminlsp/appdir/server.php(21): require_once('/home/adminlsp/...')
#79 {main}
"} 
[2021-04-08 17:19:30] local.ERROR: Expected response code 354 but got code "550", with message "550 5.4.5 Daily user sending quota exceeded. x17sm35338pjn.37 - gsmtp
" {"exception":"[object] (Swift_TransportException(code: 550): Expected response code 354 but got code \"550\", with message \"550 5.4.5 Daily user sending quota exceeded. x17sm35338pjn.37 - gsmtp
\" at /home/adminlsp/appdir/vendor/swiftmailer/swiftmailer/lib/classes/Swift/Transport/AbstractSmtpTransport.php:457)
[stacktrace]
#0 /home/adminlsp/appdir/vendor/swiftmailer/swiftmailer/lib/classes/Swift/Transport/AbstractSmtpTransport.php(341): Swift_Transport_AbstractSmtpTransport->assertResponseCode('550 5.4.5 Daily...', Array)
#1 /home/adminlsp/appdir/vendor/swiftmailer/swiftmailer/lib/classes/Swift/Transport/EsmtpTransport.php(305): Swift_Transport_AbstractSmtpTransport->executeCommand('DATA\\
', Array, Array, false, NULL)
#2 /home/adminlsp/appdir/vendor/swiftmailer/swiftmailer/lib/classes/Swift/Transport/AbstractSmtpTransport.php(390): Swift_Transport_EsmtpTransport->executeCommand('DATA\\
', Array, Array)
#3 /home/adminlsp/appdir/vendor/swiftmailer/swiftmailer/lib/classes/Swift/Transport/AbstractSmtpTransport.php(497): Swift_Transport_AbstractSmtpTransport->doDataCommand(Array)
#4 /home/adminlsp/appdir/vendor/swiftmailer/swiftmailer/lib/classes/Swift/Transport/AbstractSmtpTransport.php(516): Swift_Transport_AbstractSmtpTransport->doMailTransaction(Object(Swift_Message), 'lsp@polije.ac.i...', Array, Array)
#5 /home/adminlsp/appdir/vendor/swiftmailer/swiftmailer/lib/classes/Swift/Transport/AbstractSmtpTransport.php(206): Swift_Transport_AbstractSmtpTransport->sendTo(Object(Swift_Message), 'lsp@polije.ac.i...', Array, Array)
#6 /home/adminlsp/appdir/vendor/swiftmailer/swiftmailer/lib/classes/Swift/Mailer.php(71): Swift_Transport_AbstractSmtpTransport->send(Object(Swift_Message), Array)
#7 /home/adminlsp/appdir/vendor/laravel/framework/src/Illuminate/Mail/Mailer.php(484): Swift_Mailer->send(Object(Swift_Message), Array)
#8 /home/adminlsp/appdir/vendor/laravel/framework/src/Illuminate/Mail/Mailer.php(259): Illuminate\\Mail\\Mailer->sendSwiftMessage(Object(Swift_Message))
#9 /home/adminlsp/appdir/vendor/laravel/framework/src/Illuminate/Mail/Mailable.php(159): Illuminate\\Mail\\Mailer->send('auth.mail', Array, Object(Closure))
#10 /home/adminlsp/appdir/vendor/laravel/framework/src/Illuminate/Support/Traits/Localizable.php(19): Illuminate\\Mail\\Mailable->Illuminate\\Mail\\{closure}()
#11 /home/adminlsp/appdir/vendor/laravel/framework/src/Illuminate/Mail/Mailable.php(160): Illuminate\\Mail\\Mailable->withLocale(NULL, Object(Closure))
#12 /home/adminlsp/appdir/vendor/laravel/framework/src/Illuminate/Mail/Mailer.php(275): Illuminate\\Mail\\Mailable->send(Object(Illuminate\\Mail\\Mailer))
#13 /home/adminlsp/appdir/vendor/laravel/framework/src/Illuminate/Mail/Mailer.php(229): Illuminate\\Mail\\Mailer->sendMailable(Object(App\\Mail\\RegisterMail))
#14 /home/adminlsp/appdir/vendor/laravel/framework/src/Illuminate/Mail/PendingMail.php(127): Illuminate\\Mail\\Mailer->send(Object(App\\Mail\\RegisterMail))
#15 /home/adminlsp/appdir/app/Listeners/RegisteredListener.php(30): Illuminate\\Mail\\PendingMail->send(Object(App\\Mail\\RegisterMail))
#16 [internal function]: App\\Listeners\\RegisteredListener->handle(Object(Illuminate\\Auth\\Events\\Registered))
#17 /home/adminlsp/appdir/vendor/laravel/framework/src/Illuminate/Events/Dispatcher.php(366): call_user_func_array(Array, Array)
#18 /home/adminlsp/appdir/vendor/laravel/framework/src/Illuminate/Events/Dispatcher.php(196): Illuminate\\Events\\Dispatcher->Illuminate\\Events\\{closure}('Illuminate\\\\Auth...', Array)
#19 /home/adminlsp/appdir/vendor/laravel/framework/src/Illuminate/Foundation/helpers.php(482): Illuminate\\Events\\Dispatcher->dispatch('Illuminate\\\\Auth...')
#20 /home/adminlsp/appdir/vendor/laravel/framework/src/Illuminate/Foundation/Auth/RegistersUsers.php(34): event(Object(Illuminate\\Auth\\Events\\Registered))
#21 [internal function]: App\\Http\\Controllers\\Auth\\RegisterController->register(Object(Illuminate\\Http\\Request))
#22 /home/adminlsp/appdir/vendor/laravel/framework/src/Illuminate/Routing/Controller.php(54): call_user_func_array(Array, Array)
#23 /home/adminlsp/appdir/vendor/laravel/framework/src/Illuminate/Routing/ControllerDispatcher.php(45): Illuminate\\Routing\\Controller->callAction('register', Array)
#24 /home/adminlsp/appdir/vendor/laravel/framework/src/Illuminate/Routing/Route.php(219): Illuminate\\Routing\\ControllerDispatcher->dispatch(Object(Illuminate\\Routing\\Route), Object(App\\Http\\Controllers\\Auth\\RegisterController), 'register')
#25 /home/adminlsp/appdir/vendor/laravel/framework/src/Illuminate/Routing/Route.php(176): Illuminate\\Routing\\Route->runController()
#26 /home/adminlsp/appdir/vendor/laravel/framework/src/Illuminate/Routing/Router.php(680): Illuminate\\Routing\\Route->run()
#27 /home/adminlsp/appdir/vendor/laravel/framework/src/Illuminate/Routing/Pipeline.php(30): Illuminate\\Routing\\Router->Illuminate\\Routing\\{closure}(Object(Illuminate\\Http\\Request))
#28 /home/adminlsp/appdir/app/Http/Middleware/RedirectIfAuthenticated.php(24): Illuminate\\Routing\\Pipeline->Illuminate\\Routing\\{closure}(Object(Illuminate\\Http\\Request))
#29 /home/adminlsp/appdir/vendor/laravel/framework/src/Illuminate/Pipeline/Pipeline.php(163): App\\Http\\Middleware\\RedirectIfAuthenticated->handle(Object(Illuminate\\Http\\Request), Object(Closure))
#30 /home/adminlsp/appdir/vendor/laravel/framework/src/Illuminate/Routing/Pipeline.php(53): Illuminate\\Pipeline\\Pipeline->Illuminate\\Pipeline\\{closure}(Object(Illuminate\\Http\\Request))
#31 /home/adminlsp/appdir/vendor/laravel/framework/src/Illuminate/Routing/Middleware/SubstituteBindings.php(41): Illuminate\\Routing\\Pipeline->Illuminate\\Routing\\{closure}(Object(Illuminate\\Http\\Request))
#32 /home/adminlsp/appdir/vendor/laravel/framework/src/Illuminate/Pipeline/Pipeline.php(163): Illuminate\\Routing\\Middleware\\SubstituteBindings->handle(Object(Illuminate\\Http\\Request), Object(Closure))
#33 /home/adminlsp/appdir/vendor/laravel/framework/src/Illuminate/Routing/Pipeline.php(53): Illuminate\\Pipeline\\Pipeline->Illuminate\\Pipeline\\{closure}(Object(Illuminate\\Http\\Request))
#34 /home/adminlsp/appdir/vendor/laravel/framework/src/Illuminate/Foundation/Http/Middleware/VerifyCsrfToken.php(75): Illuminate\\Routing\\Pipeline->Illuminate\\Routing\\{closure}(Object(Illuminate\\Http\\Request))
#35 /home/adminlsp/appdir/vendor/laravel/framework/src/Illuminate/Pipeline/Pipeline.php(163): Illuminate\\Foundation\\Http\\Middleware\\VerifyCsrfToken->handle(Object(Illuminate\\Http\\Request), Object(Closure))
#36 /home/adminlsp/appdir/vendor/laravel/framework/src/Illuminate/Routing/Pipeline.php(53): Illuminate\\Pipeline\\Pipeline->Illuminate\\Pipeline\\{closure}(Object(Illuminate\\Http\\Request))
#37 /home/adminlsp/appdir/vendor/laravel/framework/src/Illuminate/Session/Middleware/AuthenticateSession.php(39): Illuminate\\Routing\\Pipeline->Illuminate\\Routing\\{closure}(Object(Illuminate\\Http\\Request))
#38 /home/adminlsp/appdir/vendor/laravel/framework/src/Illuminate/Pipeline/Pipeline.php(163): Illuminate\\Session\\Middleware\\AuthenticateSession->handle(Object(Illuminate\\Http\\Request), Object(Closure))
#39 /home/adminlsp/appdir/vendor/laravel/framework/src/Illuminate/Routing/Pipeline.php(53): Illuminate\\Pipeline\\Pipeline->Illuminate\\Pipeline\\{closure}(Object(Illuminate\\Http\\Request))
#40 /home/adminlsp/appdir/vendor/laravel/framework/src/Illuminate/View/Middleware/ShareErrorsFromSession.php(49): Illuminate\\Routing\\Pipeline->Illuminate\\Routing\\{closure}(Object(Illuminate\\Http\\Request))
#41 /home/adminlsp/appdir/vendor/laravel/framework/src/Illuminate/Pipeline/Pipeline.php(163): Illuminate\\View\\Middleware\\ShareErrorsFromSession->handle(Object(Illuminate\\Http\\Request), Object(Closure))
#42 /home/adminlsp/appdir/vendor/laravel/framework/src/Illuminate/Routing/Pipeline.php(53): Illuminate\\Pipeline\\Pipeline->Illuminate\\Pipeline\\{closure}(Object(Illuminate\\Http\\Request))
#43 /home/adminlsp/appdir/vendor/laravel/framework/src/Illuminate/Session/Middleware/StartSession.php(56): Illuminate\\Routing\\Pipeline->Illuminate\\Routing\\{closure}(Object(Illuminate\\Http\\Request))
#44 /home/adminlsp/appdir/vendor/laravel/framework/src/Illuminate/Pipeline/Pipeline.php(163): Illuminate\\Session\\Middleware\\StartSession->handle(Object(Illuminate\\Http\\Request), Object(Closure))
#45 /home/adminlsp/appdir/vendor/laravel/framework/src/Illuminate/Routing/Pipeline.php(53): Illuminate\\Pipeline\\Pipeline->Illuminate\\Pipeline\\{closure}(Object(Illuminate\\Http\\Request))
#46 /home/adminlsp/appdir/vendor/laravel/framework/src/Illuminate/Cookie/Middleware/AddQueuedCookiesToResponse.php(37): Illuminate\\Routing\\Pipeline->Illuminate\\Routing\\{closure}(Object(Illuminate\\Http\\Request))
#47 /home/adminlsp/appdir/vendor/laravel/framework/src/Illuminate/Pipeline/Pipeline.php(163): Illuminate\\Cookie\\Middleware\\AddQueuedCookiesToResponse->handle(Object(Illuminate\\Http\\Request), Object(Closure))
#48 /home/adminlsp/appdir/vendor/laravel/framework/src/Illuminate/Routing/Pipeline.php(53): Illuminate\\Pipeline\\Pipeline->Illuminate\\Pipeline\\{closure}(Object(Illuminate\\Http\\Request))
#49 /home/adminlsp/appdir/vendor/laravel/framework/src/Illuminate/Cookie/Middleware/EncryptCookies.php(66): Illuminate\\Routing\\Pipeline->Illuminate\\Routing\\{closure}(Object(Illuminate\\Http\\Request))
#50 /home/adminlsp/appdir/vendor/laravel/framework/src/Illuminate/Pipeline/Pipeline.php(163): Illuminate\\Cookie\\Middleware\\EncryptCookies->handle(Object(Illuminate\\Http\\Request), Object(Closure))
#51 /home/adminlsp/appdir/vendor/laravel/framework/src/Illuminate/Routing/Pipeline.php(53): Illuminate\\Pipeline\\Pipeline->Illuminate\\Pipeline\\{closure}(Object(Illuminate\\Http\\Request))
#52 /home/adminlsp/appdir/vendor/laravel/framework/src/Illuminate/Pipeline/Pipeline.php(104): Illuminate\\Routing\\Pipeline->Illuminate\\Routing\\{closure}(Object(Illuminate\\Http\\Request))
#53 /home/adminlsp/appdir/vendor/laravel/framework/src/Illuminate/Routing/Router.php(682): Illuminate\\Pipeline\\Pipeline->then(Object(Closure))
#54 /home/adminlsp/appdir/vendor/laravel/framework/src/Illuminate/Routing/Router.php(657): Illuminate\\Routing\\Router->runRouteWithinStack(Object(Illuminate\\Routing\\Route), Object(Illuminate\\Http\\Request))
#55 /home/adminlsp/appdir/vendor/laravel/framework/src/Illuminate/Routing/Router.php(623): Illuminate\\Routing\\Router->runRoute(Object(Illuminate\\Http\\Request), Object(Illuminate\\Routing\\Route))
#56 /home/adminlsp/appdir/vendor/laravel/framework/src/Illuminate/Routing/Router.php(612): Illuminate\\Routing\\Router->dispatchToRoute(Object(Illuminate\\Http\\Request))
#57 /home/adminlsp/appdir/vendor/laravel/framework/src/Illuminate/Foundation/Http/Kernel.php(176): Illuminate\\Routing\\Router->dispatch(Object(Illuminate\\Http\\Request))
#58 /home/adminlsp/appdir/vendor/laravel/framework/src/Illuminate/Routing/Pipeline.php(30): Illuminate\\Foundation\\Http\\Kernel->Illuminate\\Foundation\\Http\\{closure}(Object(Illuminate\\Http\\Request))
#59 /home/adminlsp/appdir/vendor/fideloper/proxy/src/TrustProxies.php(57): Illuminate\\Routing\\Pipeline->Illuminate\\Routing\\{closure}(Object(Illuminate\\Http\\Request))
#60 /home/adminlsp/appdir/vendor/laravel/framework/src/Illuminate/Pipeline/Pipeline.php(163): Fideloper\\Proxy\\TrustProxies->handle(Object(Illuminate\\Http\\Request), Object(Closure))
#61 /home/adminlsp/appdir/vendor/laravel/framework/src/Illuminate/Routing/Pipeline.php(53): Illuminate\\Pipeline\\Pipeline->Illuminate\\Pipeline\\{closure}(Object(Illuminate\\Http\\Request))
#62 /home/adminlsp/appdir/vendor/laravel/framework/src/Illuminate/Foundation/Http/Middleware/TransformsRequest.php(21): Illuminate\\Routing\\Pipeline->Illuminate\\Routing\\{closure}(Object(Illuminate\\Http\\Request))
#63 /home/adminlsp/appdir/vendor/laravel/framework/src/Illuminate/Pipeline/Pipeline.php(163): Illuminate\\Foundation\\Http\\Middleware\\TransformsRequest->handle(Object(Illuminate\\Http\\Request), Object(Closure))
#64 /home/adminlsp/appdir/vendor/laravel/framework/src/Illuminate/Routing/Pipeline.php(53): Illuminate\\Pipeline\\Pipeline->Illuminate\\Pipeline\\{closure}(Object(Illuminate\\Http\\Request))
#65 /home/adminlsp/appdir/vendor/laravel/framework/src/Illuminate/Foundation/Http/Middleware/TransformsRequest.php(21): Illuminate\\Routing\\Pipeline->Illuminate\\Routing\\{closure}(Object(Illuminate\\Http\\Request))
#66 /home/adminlsp/appdir/vendor/laravel/framework/src/Illuminate/Pipeline/Pipeline.php(163): Illuminate\\Foundation\\Http\\Middleware\\TransformsRequest->handle(Object(Illuminate\\Http\\Request), Object(Closure))
#67 /home/adminlsp/appdir/vendor/laravel/framework/src/Illuminate/Routing/Pipeline.php(53): Illuminate\\Pipeline\\Pipeline->Illuminate\\Pipeline\\{closure}(Object(Illuminate\\Http\\Request))
#68 /home/adminlsp/appdir/vendor/laravel/framework/src/Illuminate/Foundation/Http/Middleware/ValidatePostSize.php(27): Illuminate\\Routing\\Pipeline->Illuminate\\Routing\\{closure}(Object(Illuminate\\Http\\Request))
#69 /home/adminlsp/appdir/vendor/laravel/framework/src/Illuminate/Pipeline/Pipeline.php(163): Illuminate\\Foundation\\Http\\Middleware\\ValidatePostSize->handle(Object(Illuminate\\Http\\Request), Object(Closure))
#70 /home/adminlsp/appdir/vendor/laravel/framework/src/Illuminate/Routing/Pipeline.php(53): Illuminate\\Pipeline\\Pipeline->Illuminate\\Pipeline\\{closure}(Object(Illuminate\\Http\\Request))
#71 /home/adminlsp/appdir/vendor/laravel/framework/src/Illuminate/Foundation/Http/Middleware/CheckForMaintenanceMode.php(62): Illuminate\\Routing\\Pipeline->Illuminate\\Routing\\{closure}(Object(Illuminate\\Http\\Request))
#72 /home/adminlsp/appdir/vendor/laravel/framework/src/Illuminate/Pipeline/Pipeline.php(163): Illuminate\\Foundation\\Http\\Middleware\\CheckForMaintenanceMode->handle(Object(Illuminate\\Http\\Request), Object(Closure))
#73 /home/adminlsp/appdir/vendor/laravel/framework/src/Illuminate/Routing/Pipeline.php(53): Illuminate\\Pipeline\\Pipeline->Illuminate\\Pipeline\\{closure}(Object(Illuminate\\Http\\Request))
#74 /home/adminlsp/appdir/vendor/laravel/framework/src/Illuminate/Pipeline/Pipeline.php(104): Illuminate\\Routing\\Pipeline->Illuminate\\Routing\\{closure}(Object(Illuminate\\Http\\Request))
#75 /home/adminlsp/appdir/vendor/laravel/framework/src/Illuminate/Foundation/Http/Kernel.php(151): Illuminate\\Pipeline\\Pipeline->then(Object(Closure))
#76 /home/adminlsp/appdir/vendor/laravel/framework/src/Illuminate/Foundation/Http/Kernel.php(116): Illuminate\\Foundation\\Http\\Kernel->sendRequestThroughRouter(Object(Illuminate\\Http\\Request))
#77 /home/adminlsp/appdir/public/index.php(55): Illuminate\\Foundation\\Http\\Kernel->handle(Object(Illuminate\\Http\\Request))
#78 /home/adminlsp/appdir/server.php(21): require_once('/home/adminlsp/...')
#79 {main}
"} 
[2021-04-08 18:41:37] local.ERROR: Expected response code 354 but got code "550", with message "550 5.4.5 Daily user sending quota exceeded. h15sm188415pfo.20 - gsmtp
" {"exception":"[object] (Swift_TransportException(code: 550): Expected response code 354 but got code \"550\", with message \"550 5.4.5 Daily user sending quota exceeded. h15sm188415pfo.20 - gsmtp
\" at /home/adminlsp/appdir/vendor/swiftmailer/swiftmailer/lib/classes/Swift/Transport/AbstractSmtpTransport.php:457)
[stacktrace]
#0 /home/adminlsp/appdir/vendor/swiftmailer/swiftmailer/lib/classes/Swift/Transport/AbstractSmtpTransport.php(341): Swift_Transport_AbstractSmtpTransport->assertResponseCode('550 5.4.5 Daily...', Array)
#1 /home/adminlsp/appdir/vendor/swiftmailer/swiftmailer/lib/classes/Swift/Transport/EsmtpTransport.php(305): Swift_Transport_AbstractSmtpTransport->executeCommand('DATA\\
', Array, Array, false, NULL)
#2 /home/adminlsp/appdir/vendor/swiftmailer/swiftmailer/lib/classes/Swift/Transport/AbstractSmtpTransport.php(390): Swift_Transport_EsmtpTransport->executeCommand('DATA\\
', Array, Array)
#3 /home/adminlsp/appdir/vendor/swiftmailer/swiftmailer/lib/classes/Swift/Transport/AbstractSmtpTransport.php(497): Swift_Transport_AbstractSmtpTransport->doDataCommand(Array)
#4 /home/adminlsp/appdir/vendor/swiftmailer/swiftmailer/lib/classes/Swift/Transport/AbstractSmtpTransport.php(516): Swift_Transport_AbstractSmtpTransport->doMailTransaction(Object(Swift_Message), 'lsp@polije.ac.i...', Array, Array)
#5 /home/adminlsp/appdir/vendor/swiftmailer/swiftmailer/lib/classes/Swift/Transport/AbstractSmtpTransport.php(206): Swift_Transport_AbstractSmtpTransport->sendTo(Object(Swift_Message), 'lsp@polije.ac.i...', Array, Array)
#6 /home/adminlsp/appdir/vendor/swiftmailer/swiftmailer/lib/classes/Swift/Mailer.php(71): Swift_Transport_AbstractSmtpTransport->send(Object(Swift_Message), Array)
#7 /home/adminlsp/appdir/vendor/laravel/framework/src/Illuminate/Mail/Mailer.php(484): Swift_Mailer->send(Object(Swift_Message), Array)
#8 /home/adminlsp/appdir/vendor/laravel/framework/src/Illuminate/Mail/Mailer.php(259): Illuminate\\Mail\\Mailer->sendSwiftMessage(Object(Swift_Message))
#9 /home/adminlsp/appdir/vendor/laravel/framework/src/Illuminate/Mail/Mailable.php(159): Illuminate\\Mail\\Mailer->send('auth.mail', Array, Object(Closure))
#10 /home/adminlsp/appdir/vendor/laravel/framework/src/Illuminate/Support/Traits/Localizable.php(19): Illuminate\\Mail\\Mailable->Illuminate\\Mail\\{closure}()
#11 /home/adminlsp/appdir/vendor/laravel/framework/src/Illuminate/Mail/Mailable.php(160): Illuminate\\Mail\\Mailable->withLocale(NULL, Object(Closure))
#12 /home/adminlsp/appdir/vendor/laravel/framework/src/Illuminate/Mail/Mailer.php(275): Illuminate\\Mail\\Mailable->send(Object(Illuminate\\Mail\\Mailer))
#13 /home/adminlsp/appdir/vendor/laravel/framework/src/Illuminate/Mail/Mailer.php(229): Illuminate\\Mail\\Mailer->sendMailable(Object(App\\Mail\\RegisterMail))
#14 /home/adminlsp/appdir/vendor/laravel/framework/src/Illuminate/Mail/PendingMail.php(127): Illuminate\\Mail\\Mailer->send(Object(App\\Mail\\RegisterMail))
#15 /home/adminlsp/appdir/app/Listeners/RegisteredListener.php(30): Illuminate\\Mail\\PendingMail->send(Object(App\\Mail\\RegisterMail))
#16 [internal function]: App\\Listeners\\RegisteredListener->handle(Object(Illuminate\\Auth\\Events\\Registered))
#17 /home/adminlsp/appdir/vendor/laravel/framework/src/Illuminate/Events/Dispatcher.php(366): call_user_func_array(Array, Array)
#18 /home/adminlsp/appdir/vendor/laravel/framework/src/Illuminate/Events/Dispatcher.php(196): Illuminate\\Events\\Dispatcher->Illuminate\\Events\\{closure}('Illuminate\\\\Auth...', Array)
#19 /home/adminlsp/appdir/vendor/laravel/framework/src/Illuminate/Foundation/helpers.php(482): Illuminate\\Events\\Dispatcher->dispatch('Illuminate\\\\Auth...')
#20 /home/adminlsp/appdir/vendor/laravel/framework/src/Illuminate/Foundation/Auth/RegistersUsers.php(34): event(Object(Illuminate\\Auth\\Events\\Registered))
#21 [internal function]: App\\Http\\Controllers\\Auth\\RegisterController->register(Object(Illuminate\\Http\\Request))
#22 /home/adminlsp/appdir/vendor/laravel/framework/src/Illuminate/Routing/Controller.php(54): call_user_func_array(Array, Array)
#23 /home/adminlsp/appdir/vendor/laravel/framework/src/Illuminate/Routing/ControllerDispatcher.php(45): Illuminate\\Routing\\Controller->callAction('register', Array)
#24 /home/adminlsp/appdir/vendor/laravel/framework/src/Illuminate/Routing/Route.php(219): Illuminate\\Routing\\ControllerDispatcher->dispatch(Object(Illuminate\\Routing\\Route), Object(App\\Http\\Controllers\\Auth\\RegisterController), 'register')
#25 /home/adminlsp/appdir/vendor/laravel/framework/src/Illuminate/Routing/Route.php(176): Illuminate\\Routing\\Route->runController()
#26 /home/adminlsp/appdir/vendor/laravel/framework/src/Illuminate/Routing/Router.php(680): Illuminate\\Routing\\Route->run()
#27 /home/adminlsp/appdir/vendor/laravel/framework/src/Illuminate/Routing/Pipeline.php(30): Illuminate\\Routing\\Router->Illuminate\\Routing\\{closure}(Object(Illuminate\\Http\\Request))
#28 /home/adminlsp/appdir/app/Http/Middleware/RedirectIfAuthenticated.php(24): Illuminate\\Routing\\Pipeline->Illuminate\\Routing\\{closure}(Object(Illuminate\\Http\\Request))
#29 /home/adminlsp/appdir/vendor/laravel/framework/src/Illuminate/Pipeline/Pipeline.php(163): App\\Http\\Middleware\\RedirectIfAuthenticated->handle(Object(Illuminate\\Http\\Request), Object(Closure))
#30 /home/adminlsp/appdir/vendor/laravel/framework/src/Illuminate/Routing/Pipeline.php(53): Illuminate\\Pipeline\\Pipeline->Illuminate\\Pipeline\\{closure}(Object(Illuminate\\Http\\Request))
#31 /home/adminlsp/appdir/vendor/laravel/framework/src/Illuminate/Routing/Middleware/SubstituteBindings.php(41): Illuminate\\Routing\\Pipeline->Illuminate\\Routing\\{closure}(Object(Illuminate\\Http\\Request))
#32 /home/adminlsp/appdir/vendor/laravel/framework/src/Illuminate/Pipeline/Pipeline.php(163): Illuminate\\Routing\\Middleware\\SubstituteBindings->handle(Object(Illuminate\\Http\\Request), Object(Closure))
#33 /home/adminlsp/appdir/vendor/laravel/framework/src/Illuminate/Routing/Pipeline.php(53): Illuminate\\Pipeline\\Pipeline->Illuminate\\Pipeline\\{closure}(Object(Illuminate\\Http\\Request))
#34 /home/adminlsp/appdir/vendor/laravel/framework/src/Illuminate/Foundation/Http/Middleware/VerifyCsrfToken.php(75): Illuminate\\Routing\\Pipeline->Illuminate\\Routing\\{closure}(Object(Illuminate\\Http\\Request))
#35 /home/adminlsp/appdir/vendor/laravel/framework/src/Illuminate/Pipeline/Pipeline.php(163): Illuminate\\Foundation\\Http\\Middleware\\VerifyCsrfToken->handle(Object(Illuminate\\Http\\Request), Object(Closure))
#36 /home/adminlsp/appdir/vendor/laravel/framework/src/Illuminate/Routing/Pipeline.php(53): Illuminate\\Pipeline\\Pipeline->Illuminate\\Pipeline\\{closure}(Object(Illuminate\\Http\\Request))
#37 /home/adminlsp/appdir/vendor/laravel/framework/src/Illuminate/Session/Middleware/AuthenticateSession.php(39): Illuminate\\Routing\\Pipeline->Illuminate\\Routing\\{closure}(Object(Illuminate\\Http\\Request))
#38 /home/adminlsp/appdir/vendor/laravel/framework/src/Illuminate/Pipeline/Pipeline.php(163): Illuminate\\Session\\Middleware\\AuthenticateSession->handle(Object(Illuminate\\Http\\Request), Object(Closure))
#39 /home/adminlsp/appdir/vendor/laravel/framework/src/Illuminate/Routing/Pipeline.php(53): Illuminate\\Pipeline\\Pipeline->Illuminate\\Pipeline\\{closure}(Object(Illuminate\\Http\\Request))
#40 /home/adminlsp/appdir/vendor/laravel/framework/src/Illuminate/View/Middleware/ShareErrorsFromSession.php(49): Illuminate\\Routing\\Pipeline->Illuminate\\Routing\\{closure}(Object(Illuminate\\Http\\Request))
#41 /home/adminlsp/appdir/vendor/laravel/framework/src/Illuminate/Pipeline/Pipeline.php(163): Illuminate\\View\\Middleware\\ShareErrorsFromSession->handle(Object(Illuminate\\Http\\Request), Object(Closure))
#42 /home/adminlsp/appdir/vendor/laravel/framework/src/Illuminate/Routing/Pipeline.php(53): Illuminate\\Pipeline\\Pipeline->Illuminate\\Pipeline\\{closure}(Object(Illuminate\\Http\\Request))
#43 /home/adminlsp/appdir/vendor/laravel/framework/src/Illuminate/Session/Middleware/StartSession.php(56): Illuminate\\Routing\\Pipeline->Illuminate\\Routing\\{closure}(Object(Illuminate\\Http\\Request))
#44 /home/adminlsp/appdir/vendor/laravel/framework/src/Illuminate/Pipeline/Pipeline.php(163): Illuminate\\Session\\Middleware\\StartSession->handle(Object(Illuminate\\Http\\Request), Object(Closure))
#45 /home/adminlsp/appdir/vendor/laravel/framework/src/Illuminate/Routing/Pipeline.php(53): Illuminate\\Pipeline\\Pipeline->Illuminate\\Pipeline\\{closure}(Object(Illuminate\\Http\\Request))
#46 /home/adminlsp/appdir/vendor/laravel/framework/src/Illuminate/Cookie/Middleware/AddQueuedCookiesToResponse.php(37): Illuminate\\Routing\\Pipeline->Illuminate\\Routing\\{closure}(Object(Illuminate\\Http\\Request))
#47 /home/adminlsp/appdir/vendor/laravel/framework/src/Illuminate/Pipeline/Pipeline.php(163): Illuminate\\Cookie\\Middleware\\AddQueuedCookiesToResponse->handle(Object(Illuminate\\Http\\Request), Object(Closure))
#48 /home/adminlsp/appdir/vendor/laravel/framework/src/Illuminate/Routing/Pipeline.php(53): Illuminate\\Pipeline\\Pipeline->Illuminate\\Pipeline\\{closure}(Object(Illuminate\\Http\\Request))
#49 /home/adminlsp/appdir/vendor/laravel/framework/src/Illuminate/Cookie/Middleware/EncryptCookies.php(66): Illuminate\\Routing\\Pipeline->Illuminate\\Routing\\{closure}(Object(Illuminate\\Http\\Request))
#50 /home/adminlsp/appdir/vendor/laravel/framework/src/Illuminate/Pipeline/Pipeline.php(163): Illuminate\\Cookie\\Middleware\\EncryptCookies->handle(Object(Illuminate\\Http\\Request), Object(Closure))
#51 /home/adminlsp/appdir/vendor/laravel/framework/src/Illuminate/Routing/Pipeline.php(53): Illuminate\\Pipeline\\Pipeline->Illuminate\\Pipeline\\{closure}(Object(Illuminate\\Http\\Request))
#52 /home/adminlsp/appdir/vendor/laravel/framework/src/Illuminate/Pipeline/Pipeline.php(104): Illuminate\\Routing\\Pipeline->Illuminate\\Routing\\{closure}(Object(Illuminate\\Http\\Request))
#53 /home/adminlsp/appdir/vendor/laravel/framework/src/Illuminate/Routing/Router.php(682): Illuminate\\Pipeline\\Pipeline->then(Object(Closure))
#54 /home/adminlsp/appdir/vendor/laravel/framework/src/Illuminate/Routing/Router.php(657): Illuminate\\Routing\\Router->runRouteWithinStack(Object(Illuminate\\Routing\\Route), Object(Illuminate\\Http\\Request))
#55 /home/adminlsp/appdir/vendor/laravel/framework/src/Illuminate/Routing/Router.php(623): Illuminate\\Routing\\Router->runRoute(Object(Illuminate\\Http\\Request), Object(Illuminate\\Routing\\Route))
#56 /home/adminlsp/appdir/vendor/laravel/framework/src/Illuminate/Routing/Router.php(612): Illuminate\\Routing\\Router->dispatchToRoute(Object(Illuminate\\Http\\Request))
#57 /home/adminlsp/appdir/vendor/laravel/framework/src/Illuminate/Foundation/Http/Kernel.php(176): Illuminate\\Routing\\Router->dispatch(Object(Illuminate\\Http\\Request))
#58 /home/adminlsp/appdir/vendor/laravel/framework/src/Illuminate/Routing/Pipeline.php(30): Illuminate\\Foundation\\Http\\Kernel->Illuminate\\Foundation\\Http\\{closure}(Object(Illuminate\\Http\\Request))
#59 /home/adminlsp/appdir/vendor/fideloper/proxy/src/TrustProxies.php(57): Illuminate\\Routing\\Pipeline->Illuminate\\Routing\\{closure}(Object(Illuminate\\Http\\Request))
#60 /home/adminlsp/appdir/vendor/laravel/framework/src/Illuminate/Pipeline/Pipeline.php(163): Fideloper\\Proxy\\TrustProxies->handle(Object(Illuminate\\Http\\Request), Object(Closure))
#61 /home/adminlsp/appdir/vendor/laravel/framework/src/Illuminate/Routing/Pipeline.php(53): Illuminate\\Pipeline\\Pipeline->Illuminate\\Pipeline\\{closure}(Object(Illuminate\\Http\\Request))
#62 /home/adminlsp/appdir/vendor/laravel/framework/src/Illuminate/Foundation/Http/Middleware/TransformsRequest.php(21): Illuminate\\Routing\\Pipeline->Illuminate\\Routing\\{closure}(Object(Illuminate\\Http\\Request))
#63 /home/adminlsp/appdir/vendor/laravel/framework/src/Illuminate/Pipeline/Pipeline.php(163): Illuminate\\Foundation\\Http\\Middleware\\TransformsRequest->handle(Object(Illuminate\\Http\\Request), Object(Closure))
#64 /home/adminlsp/appdir/vendor/laravel/framework/src/Illuminate/Routing/Pipeline.php(53): Illuminate\\Pipeline\\Pipeline->Illuminate\\Pipeline\\{closure}(Object(Illuminate\\Http\\Request))
#65 /home/adminlsp/appdir/vendor/laravel/framework/src/Illuminate/Foundation/Http/Middleware/TransformsRequest.php(21): Illuminate\\Routing\\Pipeline->Illuminate\\Routing\\{closure}(Object(Illuminate\\Http\\Request))
#66 /home/adminlsp/appdir/vendor/laravel/framework/src/Illuminate/Pipeline/Pipeline.php(163): Illuminate\\Foundation\\Http\\Middleware\\TransformsRequest->handle(Object(Illuminate\\Http\\Request), Object(Closure))
#67 /home/adminlsp/appdir/vendor/laravel/framework/src/Illuminate/Routing/Pipeline.php(53): Illuminate\\Pipeline\\Pipeline->Illuminate\\Pipeline\\{closure}(Object(Illuminate\\Http\\Request))
#68 /home/adminlsp/appdir/vendor/laravel/framework/src/Illuminate/Foundation/Http/Middleware/ValidatePostSize.php(27): Illuminate\\Routing\\Pipeline->Illuminate\\Routing\\{closure}(Object(Illuminate\\Http\\Request))
#69 /home/adminlsp/appdir/vendor/laravel/framework/src/Illuminate/Pipeline/Pipeline.php(163): Illuminate\\Foundation\\Http\\Middleware\\ValidatePostSize->handle(Object(Illuminate\\Http\\Request), Object(Closure))
#70 /home/adminlsp/appdir/vendor/laravel/framework/src/Illuminate/Routing/Pipeline.php(53): Illuminate\\Pipeline\\Pipeline->Illuminate\\Pipeline\\{closure}(Object(Illuminate\\Http\\Request))
#71 /home/adminlsp/appdir/vendor/laravel/framework/src/Illuminate/Foundation/Http/Middleware/CheckForMaintenanceMode.php(62): Illuminate\\Routing\\Pipeline->Illuminate\\Routing\\{closure}(Object(Illuminate\\Http\\Request))
#72 /home/adminlsp/appdir/vendor/laravel/framework/src/Illuminate/Pipeline/Pipeline.php(163): Illuminate\\Foundation\\Http\\Middleware\\CheckForMaintenanceMode->handle(Object(Illuminate\\Http\\Request), Object(Closure))
#73 /home/adminlsp/appdir/vendor/laravel/framework/src/Illuminate/Routing/Pipeline.php(53): Illuminate\\Pipeline\\Pipeline->Illuminate\\Pipeline\\{closure}(Object(Illuminate\\Http\\Request))
#74 /home/adminlsp/appdir/vendor/laravel/framework/src/Illuminate/Pipeline/Pipeline.php(104): Illuminate\\Routing\\Pipeline->Illuminate\\Routing\\{closure}(Object(Illuminate\\Http\\Request))
#75 /home/adminlsp/appdir/vendor/laravel/framework/src/Illuminate/Foundation/Http/Kernel.php(151): Illuminate\\Pipeline\\Pipeline->then(Object(Closure))
#76 /home/adminlsp/appdir/vendor/laravel/framework/src/Illuminate/Foundation/Http/Kernel.php(116): Illuminate\\Foundation\\Http\\Kernel->sendRequestThroughRouter(Object(Illuminate\\Http\\Request))
#77 /home/adminlsp/appdir/public/index.php(55): Illuminate\\Foundation\\Http\\Kernel->handle(Object(Illuminate\\Http\\Request))
#78 /home/adminlsp/appdir/server.php(21): require_once('/home/adminlsp/...')
#79 {main}
"} 
[2021-04-08 19:30:31] local.ERROR: Expected response code 354 but got code "550", with message "550 5.4.5 Daily user sending quota exceeded. k15sm254442pfi.0 - gsmtp
" {"exception":"[object] (Swift_TransportException(code: 550): Expected response code 354 but got code \"550\", with message \"550 5.4.5 Daily user sending quota exceeded. k15sm254442pfi.0 - gsmtp
\" at /home/adminlsp/appdir/vendor/swiftmailer/swiftmailer/lib/classes/Swift/Transport/AbstractSmtpTransport.php:457)
[stacktrace]
#0 /home/adminlsp/appdir/vendor/swiftmailer/swiftmailer/lib/classes/Swift/Transport/AbstractSmtpTransport.php(341): Swift_Transport_AbstractSmtpTransport->assertResponseCode('550 5.4.5 Daily...', Array)
#1 /home/adminlsp/appdir/vendor/swiftmailer/swiftmailer/lib/classes/Swift/Transport/EsmtpTransport.php(305): Swift_Transport_AbstractSmtpTransport->executeCommand('DATA\\
', Array, Array, false, NULL)
#2 /home/adminlsp/appdir/vendor/swiftmailer/swiftmailer/lib/classes/Swift/Transport/AbstractSmtpTransport.php(390): Swift_Transport_EsmtpTransport->executeCommand('DATA\\
', Array, Array)
#3 /home/adminlsp/appdir/vendor/swiftmailer/swiftmailer/lib/classes/Swift/Transport/AbstractSmtpTransport.php(497): Swift_Transport_AbstractSmtpTransport->doDataCommand(Array)
#4 /home/adminlsp/appdir/vendor/swiftmailer/swiftmailer/lib/classes/Swift/Transport/AbstractSmtpTransport.php(516): Swift_Transport_AbstractSmtpTransport->doMailTransaction(Object(Swift_Message), 'lsp@polije.ac.i...', Array, Array)
#5 /home/adminlsp/appdir/vendor/swiftmailer/swiftmailer/lib/classes/Swift/Transport/AbstractSmtpTransport.php(206): Swift_Transport_AbstractSmtpTransport->sendTo(Object(Swift_Message), 'lsp@polije.ac.i...', Array, Array)
#6 /home/adminlsp/appdir/vendor/swiftmailer/swiftmailer/lib/classes/Swift/Mailer.php(71): Swift_Transport_AbstractSmtpTransport->send(Object(Swift_Message), Array)
#7 /home/adminlsp/appdir/vendor/laravel/framework/src/Illuminate/Mail/Mailer.php(484): Swift_Mailer->send(Object(Swift_Message), Array)
#8 /home/adminlsp/appdir/vendor/laravel/framework/src/Illuminate/Mail/Mailer.php(259): Illuminate\\Mail\\Mailer->sendSwiftMessage(Object(Swift_Message))
#9 /home/adminlsp/appdir/vendor/laravel/framework/src/Illuminate/Mail/Mailable.php(159): Illuminate\\Mail\\Mailer->send('auth.mail', Array, Object(Closure))
#10 /home/adminlsp/appdir/vendor/laravel/framework/src/Illuminate/Support/Traits/Localizable.php(19): Illuminate\\Mail\\Mailable->Illuminate\\Mail\\{closure}()
#11 /home/adminlsp/appdir/vendor/laravel/framework/src/Illuminate/Mail/Mailable.php(160): Illuminate\\Mail\\Mailable->withLocale(NULL, Object(Closure))
#12 /home/adminlsp/appdir/vendor/laravel/framework/src/Illuminate/Mail/Mailer.php(275): Illuminate\\Mail\\Mailable->send(Object(Illuminate\\Mail\\Mailer))
#13 /home/adminlsp/appdir/vendor/laravel/framework/src/Illuminate/Mail/Mailer.php(229): Illuminate\\Mail\\Mailer->sendMailable(Object(App\\Mail\\RegisterMail))
#14 /home/adminlsp/appdir/vendor/laravel/framework/src/Illuminate/Mail/PendingMail.php(127): Illuminate\\Mail\\Mailer->send(Object(App\\Mail\\RegisterMail))
#15 /home/adminlsp/appdir/app/Listeners/RegisteredListener.php(30): Illuminate\\Mail\\PendingMail->send(Object(App\\Mail\\RegisterMail))
#16 [internal function]: App\\Listeners\\RegisteredListener->handle(Object(Illuminate\\Auth\\Events\\Registered))
#17 /home/adminlsp/appdir/vendor/laravel/framework/src/Illuminate/Events/Dispatcher.php(366): call_user_func_array(Array, Array)
#18 /home/adminlsp/appdir/vendor/laravel/framework/src/Illuminate/Events/Dispatcher.php(196): Illuminate\\Events\\Dispatcher->Illuminate\\Events\\{closure}('Illuminate\\\\Auth...', Array)
#19 /home/adminlsp/appdir/vendor/laravel/framework/src/Illuminate/Foundation/helpers.php(482): Illuminate\\Events\\Dispatcher->dispatch('Illuminate\\\\Auth...')
#20 /home/adminlsp/appdir/vendor/laravel/framework/src/Illuminate/Foundation/Auth/RegistersUsers.php(34): event(Object(Illuminate\\Auth\\Events\\Registered))
#21 [internal function]: App\\Http\\Controllers\\Auth\\RegisterController->register(Object(Illuminate\\Http\\Request))
#22 /home/adminlsp/appdir/vendor/laravel/framework/src/Illuminate/Routing/Controller.php(54): call_user_func_array(Array, Array)
#23 /home/adminlsp/appdir/vendor/laravel/framework/src/Illuminate/Routing/ControllerDispatcher.php(45): Illuminate\\Routing\\Controller->callAction('register', Array)
#24 /home/adminlsp/appdir/vendor/laravel/framework/src/Illuminate/Routing/Route.php(219): Illuminate\\Routing\\ControllerDispatcher->dispatch(Object(Illuminate\\Routing\\Route), Object(App\\Http\\Controllers\\Auth\\RegisterController), 'register')
#25 /home/adminlsp/appdir/vendor/laravel/framework/src/Illuminate/Routing/Route.php(176): Illuminate\\Routing\\Route->runController()
#26 /home/adminlsp/appdir/vendor/laravel/framework/src/Illuminate/Routing/Router.php(680): Illuminate\\Routing\\Route->run()
#27 /home/adminlsp/appdir/vendor/laravel/framework/src/Illuminate/Routing/Pipeline.php(30): Illuminate\\Routing\\Router->Illuminate\\Routing\\{closure}(Object(Illuminate\\Http\\Request))
#28 /home/adminlsp/appdir/app/Http/Middleware/RedirectIfAuthenticated.php(24): Illuminate\\Routing\\Pipeline->Illuminate\\Routing\\{closure}(Object(Illuminate\\Http\\Request))
#29 /home/adminlsp/appdir/vendor/laravel/framework/src/Illuminate/Pipeline/Pipeline.php(163): App\\Http\\Middleware\\RedirectIfAuthenticated->handle(Object(Illuminate\\Http\\Request), Object(Closure))
#30 /home/adminlsp/appdir/vendor/laravel/framework/src/Illuminate/Routing/Pipeline.php(53): Illuminate\\Pipeline\\Pipeline->Illuminate\\Pipeline\\{closure}(Object(Illuminate\\Http\\Request))
#31 /home/adminlsp/appdir/vendor/laravel/framework/src/Illuminate/Routing/Middleware/SubstituteBindings.php(41): Illuminate\\Routing\\Pipeline->Illuminate\\Routing\\{closure}(Object(Illuminate\\Http\\Request))
#32 /home/adminlsp/appdir/vendor/laravel/framework/src/Illuminate/Pipeline/Pipeline.php(163): Illuminate\\Routing\\Middleware\\SubstituteBindings->handle(Object(Illuminate\\Http\\Request), Object(Closure))
#33 /home/adminlsp/appdir/vendor/laravel/framework/src/Illuminate/Routing/Pipeline.php(53): Illuminate\\Pipeline\\Pipeline->Illuminate\\Pipeline\\{closure}(Object(Illuminate\\Http\\Request))
#34 /home/adminlsp/appdir/vendor/laravel/framework/src/Illuminate/Foundation/Http/Middleware/VerifyCsrfToken.php(75): Illuminate\\Routing\\Pipeline->Illuminate\\Routing\\{closure}(Object(Illuminate\\Http\\Request))
#35 /home/adminlsp/appdir/vendor/laravel/framework/src/Illuminate/Pipeline/Pipeline.php(163): Illuminate\\Foundation\\Http\\Middleware\\VerifyCsrfToken->handle(Object(Illuminate\\Http\\Request), Object(Closure))
#36 /home/adminlsp/appdir/vendor/laravel/framework/src/Illuminate/Routing/Pipeline.php(53): Illuminate\\Pipeline\\Pipeline->Illuminate\\Pipeline\\{closure}(Object(Illuminate\\Http\\Request))
#37 /home/adminlsp/appdir/vendor/laravel/framework/src/Illuminate/Session/Middleware/AuthenticateSession.php(39): Illuminate\\Routing\\Pipeline->Illuminate\\Routing\\{closure}(Object(Illuminate\\Http\\Request))
#38 /home/adminlsp/appdir/vendor/laravel/framework/src/Illuminate/Pipeline/Pipeline.php(163): Illuminate\\Session\\Middleware\\AuthenticateSession->handle(Object(Illuminate\\Http\\Request), Object(Closure))
#39 /home/adminlsp/appdir/vendor/laravel/framework/src/Illuminate/Routing/Pipeline.php(53): Illuminate\\Pipeline\\Pipeline->Illuminate\\Pipeline\\{closure}(Object(Illuminate\\Http\\Request))
#40 /home/adminlsp/appdir/vendor/laravel/framework/src/Illuminate/View/Middleware/ShareErrorsFromSession.php(49): Illuminate\\Routing\\Pipeline->Illuminate\\Routing\\{closure}(Object(Illuminate\\Http\\Request))
#41 /home/adminlsp/appdir/vendor/laravel/framework/src/Illuminate/Pipeline/Pipeline.php(163): Illuminate\\View\\Middleware\\ShareErrorsFromSession->handle(Object(Illuminate\\Http\\Request), Object(Closure))
#42 /home/adminlsp/appdir/vendor/laravel/framework/src/Illuminate/Routing/Pipeline.php(53): Illuminate\\Pipeline\\Pipeline->Illuminate\\Pipeline\\{closure}(Object(Illuminate\\Http\\Request))
#43 /home/adminlsp/appdir/vendor/laravel/framework/src/Illuminate/Session/Middleware/StartSession.php(56): Illuminate\\Routing\\Pipeline->Illuminate\\Routing\\{closure}(Object(Illuminate\\Http\\Request))
#44 /home/adminlsp/appdir/vendor/laravel/framework/src/Illuminate/Pipeline/Pipeline.php(163): Illuminate\\Session\\Middleware\\StartSession->handle(Object(Illuminate\\Http\\Request), Object(Closure))
#45 /home/adminlsp/appdir/vendor/laravel/framework/src/Illuminate/Routing/Pipeline.php(53): Illuminate\\Pipeline\\Pipeline->Illuminate\\Pipeline\\{closure}(Object(Illuminate\\Http\\Request))
#46 /home/adminlsp/appdir/vendor/laravel/framework/src/Illuminate/Cookie/Middleware/AddQueuedCookiesToResponse.php(37): Illuminate\\Routing\\Pipeline->Illuminate\\Routing\\{closure}(Object(Illuminate\\Http\\Request))
#47 /home/adminlsp/appdir/vendor/laravel/framework/src/Illuminate/Pipeline/Pipeline.php(163): Illuminate\\Cookie\\Middleware\\AddQueuedCookiesToResponse->handle(Object(Illuminate\\Http\\Request), Object(Closure))
#48 /home/adminlsp/appdir/vendor/laravel/framework/src/Illuminate/Routing/Pipeline.php(53): Illuminate\\Pipeline\\Pipeline->Illuminate\\Pipeline\\{closure}(Object(Illuminate\\Http\\Request))
#49 /home/adminlsp/appdir/vendor/laravel/framework/src/Illuminate/Cookie/Middleware/EncryptCookies.php(66): Illuminate\\Routing\\Pipeline->Illuminate\\Routing\\{closure}(Object(Illuminate\\Http\\Request))
#50 /home/adminlsp/appdir/vendor/laravel/framework/src/Illuminate/Pipeline/Pipeline.php(163): Illuminate\\Cookie\\Middleware\\EncryptCookies->handle(Object(Illuminate\\Http\\Request), Object(Closure))
#51 /home/adminlsp/appdir/vendor/laravel/framework/src/Illuminate/Routing/Pipeline.php(53): Illuminate\\Pipeline\\Pipeline->Illuminate\\Pipeline\\{closure}(Object(Illuminate\\Http\\Request))
#52 /home/adminlsp/appdir/vendor/laravel/framework/src/Illuminate/Pipeline/Pipeline.php(104): Illuminate\\Routing\\Pipeline->Illuminate\\Routing\\{closure}(Object(Illuminate\\Http\\Request))
#53 /home/adminlsp/appdir/vendor/laravel/framework/src/Illuminate/Routing/Router.php(682): Illuminate\\Pipeline\\Pipeline->then(Object(Closure))
#54 /home/adminlsp/appdir/vendor/laravel/framework/src/Illuminate/Routing/Router.php(657): Illuminate\\Routing\\Router->runRouteWithinStack(Object(Illuminate\\Routing\\Route), Object(Illuminate\\Http\\Request))
#55 /home/adminlsp/appdir/vendor/laravel/framework/src/Illuminate/Routing/Router.php(623): Illuminate\\Routing\\Router->runRoute(Object(Illuminate\\Http\\Request), Object(Illuminate\\Routing\\Route))
#56 /home/adminlsp/appdir/vendor/laravel/framework/src/Illuminate/Routing/Router.php(612): Illuminate\\Routing\\Router->dispatchToRoute(Object(Illuminate\\Http\\Request))
#57 /home/adminlsp/appdir/vendor/laravel/framework/src/Illuminate/Foundation/Http/Kernel.php(176): Illuminate\\Routing\\Router->dispatch(Object(Illuminate\\Http\\Request))
#58 /home/adminlsp/appdir/vendor/laravel/framework/src/Illuminate/Routing/Pipeline.php(30): Illuminate\\Foundation\\Http\\Kernel->Illuminate\\Foundation\\Http\\{closure}(Object(Illuminate\\Http\\Request))
#59 /home/adminlsp/appdir/vendor/fideloper/proxy/src/TrustProxies.php(57): Illuminate\\Routing\\Pipeline->Illuminate\\Routing\\{closure}(Object(Illuminate\\Http\\Request))
#60 /home/adminlsp/appdir/vendor/laravel/framework/src/Illuminate/Pipeline/Pipeline.php(163): Fideloper\\Proxy\\TrustProxies->handle(Object(Illuminate\\Http\\Request), Object(Closure))
#61 /home/adminlsp/appdir/vendor/laravel/framework/src/Illuminate/Routing/Pipeline.php(53): Illuminate\\Pipeline\\Pipeline->Illuminate\\Pipeline\\{closure}(Object(Illuminate\\Http\\Request))
#62 /home/adminlsp/appdir/vendor/laravel/framework/src/Illuminate/Foundation/Http/Middleware/TransformsRequest.php(21): Illuminate\\Routing\\Pipeline->Illuminate\\Routing\\{closure}(Object(Illuminate\\Http\\Request))
#63 /home/adminlsp/appdir/vendor/laravel/framework/src/Illuminate/Pipeline/Pipeline.php(163): Illuminate\\Foundation\\Http\\Middleware\\TransformsRequest->handle(Object(Illuminate\\Http\\Request), Object(Closure))
#64 /home/adminlsp/appdir/vendor/laravel/framework/src/Illuminate/Routing/Pipeline.php(53): Illuminate\\Pipeline\\Pipeline->Illuminate\\Pipeline\\{closure}(Object(Illuminate\\Http\\Request))
#65 /home/adminlsp/appdir/vendor/laravel/framework/src/Illuminate/Foundation/Http/Middleware/TransformsRequest.php(21): Illuminate\\Routing\\Pipeline->Illuminate\\Routing\\{closure}(Object(Illuminate\\Http\\Request))
#66 /home/adminlsp/appdir/vendor/laravel/framework/src/Illuminate/Pipeline/Pipeline.php(163): Illuminate\\Foundation\\Http\\Middleware\\TransformsRequest->handle(Object(Illuminate\\Http\\Request), Object(Closure))
#67 /home/adminlsp/appdir/vendor/laravel/framework/src/Illuminate/Routing/Pipeline.php(53): Illuminate\\Pipeline\\Pipeline->Illuminate\\Pipeline\\{closure}(Object(Illuminate\\Http\\Request))
#68 /home/adminlsp/appdir/vendor/laravel/framework/src/Illuminate/Foundation/Http/Middleware/ValidatePostSize.php(27): Illuminate\\Routing\\Pipeline->Illuminate\\Routing\\{closure}(Object(Illuminate\\Http\\Request))
#69 /home/adminlsp/appdir/vendor/laravel/framework/src/Illuminate/Pipeline/Pipeline.php(163): Illuminate\\Foundation\\Http\\Middleware\\ValidatePostSize->handle(Object(Illuminate\\Http\\Request), Object(Closure))
#70 /home/adminlsp/appdir/vendor/laravel/framework/src/Illuminate/Routing/Pipeline.php(53): Illuminate\\Pipeline\\Pipeline->Illuminate\\Pipeline\\{closure}(Object(Illuminate\\Http\\Request))
#71 /home/adminlsp/appdir/vendor/laravel/framework/src/Illuminate/Foundation/Http/Middleware/CheckForMaintenanceMode.php(62): Illuminate\\Routing\\Pipeline->Illuminate\\Routing\\{closure}(Object(Illuminate\\Http\\Request))
#72 /home/adminlsp/appdir/vendor/laravel/framework/src/Illuminate/Pipeline/Pipeline.php(163): Illuminate\\Foundation\\Http\\Middleware\\CheckForMaintenanceMode->handle(Object(Illuminate\\Http\\Request), Object(Closure))
#73 /home/adminlsp/appdir/vendor/laravel/framework/src/Illuminate/Routing/Pipeline.php(53): Illuminate\\Pipeline\\Pipeline->Illuminate\\Pipeline\\{closure}(Object(Illuminate\\Http\\Request))
#74 /home/adminlsp/appdir/vendor/laravel/framework/src/Illuminate/Pipeline/Pipeline.php(104): Illuminate\\Routing\\Pipeline->Illuminate\\Routing\\{closure}(Object(Illuminate\\Http\\Request))
#75 /home/adminlsp/appdir/vendor/laravel/framework/src/Illuminate/Foundation/Http/Kernel.php(151): Illuminate\\Pipeline\\Pipeline->then(Object(Closure))
#76 /home/adminlsp/appdir/vendor/laravel/framework/src/Illuminate/Foundation/Http/Kernel.php(116): Illuminate\\Foundation\\Http\\Kernel->sendRequestThroughRouter(Object(Illuminate\\Http\\Request))
#77 /home/adminlsp/appdir/public/index.php(55): Illuminate\\Foundation\\Http\\Kernel->handle(Object(Illuminate\\Http\\Request))
#78 /home/adminlsp/appdir/server.php(21): require_once('/home/adminlsp/...')
#79 {main}
"} 
[2021-04-08 19:50:21] local.ERROR: Expected response code 354 but got code "550", with message "550 5.4.5 Daily user sending quota exceeded. l3sm199634pju.44 - gsmtp
" {"exception":"[object] (Swift_TransportException(code: 550): Expected response code 354 but got code \"550\", with message \"550 5.4.5 Daily user sending quota exceeded. l3sm199634pju.44 - gsmtp
\" at /home/adminlsp/appdir/vendor/swiftmailer/swiftmailer/lib/classes/Swift/Transport/AbstractSmtpTransport.php:457)
[stacktrace]
#0 /home/adminlsp/appdir/vendor/swiftmailer/swiftmailer/lib/classes/Swift/Transport/AbstractSmtpTransport.php(341): Swift_Transport_AbstractSmtpTransport->assertResponseCode('550 5.4.5 Daily...', Array)
#1 /home/adminlsp/appdir/vendor/swiftmailer/swiftmailer/lib/classes/Swift/Transport/EsmtpTransport.php(305): Swift_Transport_AbstractSmtpTransport->executeCommand('DATA\\
', Array, Array, false, NULL)
#2 /home/adminlsp/appdir/vendor/swiftmailer/swiftmailer/lib/classes/Swift/Transport/AbstractSmtpTransport.php(390): Swift_Transport_EsmtpTransport->executeCommand('DATA\\
', Array, Array)
#3 /home/adminlsp/appdir/vendor/swiftmailer/swiftmailer/lib/classes/Swift/Transport/AbstractSmtpTransport.php(497): Swift_Transport_AbstractSmtpTransport->doDataCommand(Array)
#4 /home/adminlsp/appdir/vendor/swiftmailer/swiftmailer/lib/classes/Swift/Transport/AbstractSmtpTransport.php(516): Swift_Transport_AbstractSmtpTransport->doMailTransaction(Object(Swift_Message), 'lsp@polije.ac.i...', Array, Array)
#5 /home/adminlsp/appdir/vendor/swiftmailer/swiftmailer/lib/classes/Swift/Transport/AbstractSmtpTransport.php(206): Swift_Transport_AbstractSmtpTransport->sendTo(Object(Swift_Message), 'lsp@polije.ac.i...', Array, Array)
#6 /home/adminlsp/appdir/vendor/swiftmailer/swiftmailer/lib/classes/Swift/Mailer.php(71): Swift_Transport_AbstractSmtpTransport->send(Object(Swift_Message), Array)
#7 /home/adminlsp/appdir/vendor/laravel/framework/src/Illuminate/Mail/Mailer.php(484): Swift_Mailer->send(Object(Swift_Message), Array)
#8 /home/adminlsp/appdir/vendor/laravel/framework/src/Illuminate/Mail/Mailer.php(259): Illuminate\\Mail\\Mailer->sendSwiftMessage(Object(Swift_Message))
#9 /home/adminlsp/appdir/vendor/laravel/framework/src/Illuminate/Mail/Mailable.php(159): Illuminate\\Mail\\Mailer->send('auth.mail', Array, Object(Closure))
#10 /home/adminlsp/appdir/vendor/laravel/framework/src/Illuminate/Support/Traits/Localizable.php(19): Illuminate\\Mail\\Mailable->Illuminate\\Mail\\{closure}()
#11 /home/adminlsp/appdir/vendor/laravel/framework/src/Illuminate/Mail/Mailable.php(160): Illuminate\\Mail\\Mailable->withLocale(NULL, Object(Closure))
#12 /home/adminlsp/appdir/vendor/laravel/framework/src/Illuminate/Mail/Mailer.php(275): Illuminate\\Mail\\Mailable->send(Object(Illuminate\\Mail\\Mailer))
#13 /home/adminlsp/appdir/vendor/laravel/framework/src/Illuminate/Mail/Mailer.php(229): Illuminate\\Mail\\Mailer->sendMailable(Object(App\\Mail\\RegisterMail))
#14 /home/adminlsp/appdir/vendor/laravel/framework/src/Illuminate/Mail/PendingMail.php(127): Illuminate\\Mail\\Mailer->send(Object(App\\Mail\\RegisterMail))
#15 /home/adminlsp/appdir/app/Listeners/RegisteredListener.php(30): Illuminate\\Mail\\PendingMail->send(Object(App\\Mail\\RegisterMail))
#16 [internal function]: App\\Listeners\\RegisteredListener->handle(Object(Illuminate\\Auth\\Events\\Registered))
#17 /home/adminlsp/appdir/vendor/laravel/framework/src/Illuminate/Events/Dispatcher.php(366): call_user_func_array(Array, Array)
#18 /home/adminlsp/appdir/vendor/laravel/framework/src/Illuminate/Events/Dispatcher.php(196): Illuminate\\Events\\Dispatcher->Illuminate\\Events\\{closure}('Illuminate\\\\Auth...', Array)
#19 /home/adminlsp/appdir/vendor/laravel/framework/src/Illuminate/Foundation/helpers.php(482): Illuminate\\Events\\Dispatcher->dispatch('Illuminate\\\\Auth...')
#20 /home/adminlsp/appdir/vendor/laravel/framework/src/Illuminate/Foundation/Auth/RegistersUsers.php(34): event(Object(Illuminate\\Auth\\Events\\Registered))
#21 [internal function]: App\\Http\\Controllers\\Auth\\RegisterController->register(Object(Illuminate\\Http\\Request))
#22 /home/adminlsp/appdir/vendor/laravel/framework/src/Illuminate/Routing/Controller.php(54): call_user_func_array(Array, Array)
#23 /home/adminlsp/appdir/vendor/laravel/framework/src/Illuminate/Routing/ControllerDispatcher.php(45): Illuminate\\Routing\\Controller->callAction('register', Array)
#24 /home/adminlsp/appdir/vendor/laravel/framework/src/Illuminate/Routing/Route.php(219): Illuminate\\Routing\\ControllerDispatcher->dispatch(Object(Illuminate\\Routing\\Route), Object(App\\Http\\Controllers\\Auth\\RegisterController), 'register')
#25 /home/adminlsp/appdir/vendor/laravel/framework/src/Illuminate/Routing/Route.php(176): Illuminate\\Routing\\Route->runController()
#26 /home/adminlsp/appdir/vendor/laravel/framework/src/Illuminate/Routing/Router.php(680): Illuminate\\Routing\\Route->run()
#27 /home/adminlsp/appdir/vendor/laravel/framework/src/Illuminate/Routing/Pipeline.php(30): Illuminate\\Routing\\Router->Illuminate\\Routing\\{closure}(Object(Illuminate\\Http\\Request))
#28 /home/adminlsp/appdir/app/Http/Middleware/RedirectIfAuthenticated.php(24): Illuminate\\Routing\\Pipeline->Illuminate\\Routing\\{closure}(Object(Illuminate\\Http\\Request))
#29 /home/adminlsp/appdir/vendor/laravel/framework/src/Illuminate/Pipeline/Pipeline.php(163): App\\Http\\Middleware\\RedirectIfAuthenticated->handle(Object(Illuminate\\Http\\Request), Object(Closure))
#30 /home/adminlsp/appdir/vendor/laravel/framework/src/Illuminate/Routing/Pipeline.php(53): Illuminate\\Pipeline\\Pipeline->Illuminate\\Pipeline\\{closure}(Object(Illuminate\\Http\\Request))
#31 /home/adminlsp/appdir/vendor/laravel/framework/src/Illuminate/Routing/Middleware/SubstituteBindings.php(41): Illuminate\\Routing\\Pipeline->Illuminate\\Routing\\{closure}(Object(Illuminate\\Http\\Request))
#32 /home/adminlsp/appdir/vendor/laravel/framework/src/Illuminate/Pipeline/Pipeline.php(163): Illuminate\\Routing\\Middleware\\SubstituteBindings->handle(Object(Illuminate\\Http\\Request), Object(Closure))
#33 /home/adminlsp/appdir/vendor/laravel/framework/src/Illuminate/Routing/Pipeline.php(53): Illuminate\\Pipeline\\Pipeline->Illuminate\\Pipeline\\{closure}(Object(Illuminate\\Http\\Request))
#34 /home/adminlsp/appdir/vendor/laravel/framework/src/Illuminate/Foundation/Http/Middleware/VerifyCsrfToken.php(75): Illuminate\\Routing\\Pipeline->Illuminate\\Routing\\{closure}(Object(Illuminate\\Http\\Request))
#35 /home/adminlsp/appdir/vendor/laravel/framework/src/Illuminate/Pipeline/Pipeline.php(163): Illuminate\\Foundation\\Http\\Middleware\\VerifyCsrfToken->handle(Object(Illuminate\\Http\\Request), Object(Closure))
#36 /home/adminlsp/appdir/vendor/laravel/framework/src/Illuminate/Routing/Pipeline.php(53): Illuminate\\Pipeline\\Pipeline->Illuminate\\Pipeline\\{closure}(Object(Illuminate\\Http\\Request))
#37 /home/adminlsp/appdir/vendor/laravel/framework/src/Illuminate/Session/Middleware/AuthenticateSession.php(39): Illuminate\\Routing\\Pipeline->Illuminate\\Routing\\{closure}(Object(Illuminate\\Http\\Request))
#38 /home/adminlsp/appdir/vendor/laravel/framework/src/Illuminate/Pipeline/Pipeline.php(163): Illuminate\\Session\\Middleware\\AuthenticateSession->handle(Object(Illuminate\\Http\\Request), Object(Closure))
#39 /home/adminlsp/appdir/vendor/laravel/framework/src/Illuminate/Routing/Pipeline.php(53): Illuminate\\Pipeline\\Pipeline->Illuminate\\Pipeline\\{closure}(Object(Illuminate\\Http\\Request))
#40 /home/adminlsp/appdir/vendor/laravel/framework/src/Illuminate/View/Middleware/ShareErrorsFromSession.php(49): Illuminate\\Routing\\Pipeline->Illuminate\\Routing\\{closure}(Object(Illuminate\\Http\\Request))
#41 /home/adminlsp/appdir/vendor/laravel/framework/src/Illuminate/Pipeline/Pipeline.php(163): Illuminate\\View\\Middleware\\ShareErrorsFromSession->handle(Object(Illuminate\\Http\\Request), Object(Closure))
#42 /home/adminlsp/appdir/vendor/laravel/framework/src/Illuminate/Routing/Pipeline.php(53): Illuminate\\Pipeline\\Pipeline->Illuminate\\Pipeline\\{closure}(Object(Illuminate\\Http\\Request))
#43 /home/adminlsp/appdir/vendor/laravel/framework/src/Illuminate/Session/Middleware/StartSession.php(56): Illuminate\\Routing\\Pipeline->Illuminate\\Routing\\{closure}(Object(Illuminate\\Http\\Request))
#44 /home/adminlsp/appdir/vendor/laravel/framework/src/Illuminate/Pipeline/Pipeline.php(163): Illuminate\\Session\\Middleware\\StartSession->handle(Object(Illuminate\\Http\\Request), Object(Closure))
#45 /home/adminlsp/appdir/vendor/laravel/framework/src/Illuminate/Routing/Pipeline.php(53): Illuminate\\Pipeline\\Pipeline->Illuminate\\Pipeline\\{closure}(Object(Illuminate\\Http\\Request))
#46 /home/adminlsp/appdir/vendor/laravel/framework/src/Illuminate/Cookie/Middleware/AddQueuedCookiesToResponse.php(37): Illuminate\\Routing\\Pipeline->Illuminate\\Routing\\{closure}(Object(Illuminate\\Http\\Request))
#47 /home/adminlsp/appdir/vendor/laravel/framework/src/Illuminate/Pipeline/Pipeline.php(163): Illuminate\\Cookie\\Middleware\\AddQueuedCookiesToResponse->handle(Object(Illuminate\\Http\\Request), Object(Closure))
#48 /home/adminlsp/appdir/vendor/laravel/framework/src/Illuminate/Routing/Pipeline.php(53): Illuminate\\Pipeline\\Pipeline->Illuminate\\Pipeline\\{closure}(Object(Illuminate\\Http\\Request))
#49 /home/adminlsp/appdir/vendor/laravel/framework/src/Illuminate/Cookie/Middleware/EncryptCookies.php(66): Illuminate\\Routing\\Pipeline->Illuminate\\Routing\\{closure}(Object(Illuminate\\Http\\Request))
#50 /home/adminlsp/appdir/vendor/laravel/framework/src/Illuminate/Pipeline/Pipeline.php(163): Illuminate\\Cookie\\Middleware\\EncryptCookies->handle(Object(Illuminate\\Http\\Request), Object(Closure))
#51 /home/adminlsp/appdir/vendor/laravel/framework/src/Illuminate/Routing/Pipeline.php(53): Illuminate\\Pipeline\\Pipeline->Illuminate\\Pipeline\\{closure}(Object(Illuminate\\Http\\Request))
#52 /home/adminlsp/appdir/vendor/laravel/framework/src/Illuminate/Pipeline/Pipeline.php(104): Illuminate\\Routing\\Pipeline->Illuminate\\Routing\\{closure}(Object(Illuminate\\Http\\Request))
#53 /home/adminlsp/appdir/vendor/laravel/framework/src/Illuminate/Routing/Router.php(682): Illuminate\\Pipeline\\Pipeline->then(Object(Closure))
#54 /home/adminlsp/appdir/vendor/laravel/framework/src/Illuminate/Routing/Router.php(657): Illuminate\\Routing\\Router->runRouteWithinStack(Object(Illuminate\\Routing\\Route), Object(Illuminate\\Http\\Request))
#55 /home/adminlsp/appdir/vendor/laravel/framework/src/Illuminate/Routing/Router.php(623): Illuminate\\Routing\\Router->runRoute(Object(Illuminate\\Http\\Request), Object(Illuminate\\Routing\\Route))
#56 /home/adminlsp/appdir/vendor/laravel/framework/src/Illuminate/Routing/Router.php(612): Illuminate\\Routing\\Router->dispatchToRoute(Object(Illuminate\\Http\\Request))
#57 /home/adminlsp/appdir/vendor/laravel/framework/src/Illuminate/Foundation/Http/Kernel.php(176): Illuminate\\Routing\\Router->dispatch(Object(Illuminate\\Http\\Request))
#58 /home/adminlsp/appdir/vendor/laravel/framework/src/Illuminate/Routing/Pipeline.php(30): Illuminate\\Foundation\\Http\\Kernel->Illuminate\\Foundation\\Http\\{closure}(Object(Illuminate\\Http\\Request))
#59 /home/adminlsp/appdir/vendor/fideloper/proxy/src/TrustProxies.php(57): Illuminate\\Routing\\Pipeline->Illuminate\\Routing\\{closure}(Object(Illuminate\\Http\\Request))
#60 /home/adminlsp/appdir/vendor/laravel/framework/src/Illuminate/Pipeline/Pipeline.php(163): Fideloper\\Proxy\\TrustProxies->handle(Object(Illuminate\\Http\\Request), Object(Closure))
#61 /home/adminlsp/appdir/vendor/laravel/framework/src/Illuminate/Routing/Pipeline.php(53): Illuminate\\Pipeline\\Pipeline->Illuminate\\Pipeline\\{closure}(Object(Illuminate\\Http\\Request))
#62 /home/adminlsp/appdir/vendor/laravel/framework/src/Illuminate/Foundation/Http/Middleware/TransformsRequest.php(21): Illuminate\\Routing\\Pipeline->Illuminate\\Routing\\{closure}(Object(Illuminate\\Http\\Request))
#63 /home/adminlsp/appdir/vendor/laravel/framework/src/Illuminate/Pipeline/Pipeline.php(163): Illuminate\\Foundation\\Http\\Middleware\\TransformsRequest->handle(Object(Illuminate\\Http\\Request), Object(Closure))
#64 /home/adminlsp/appdir/vendor/laravel/framework/src/Illuminate/Routing/Pipeline.php(53): Illuminate\\Pipeline\\Pipeline->Illuminate\\Pipeline\\{closure}(Object(Illuminate\\Http\\Request))
#65 /home/adminlsp/appdir/vendor/laravel/framework/src/Illuminate/Foundation/Http/Middleware/TransformsRequest.php(21): Illuminate\\Routing\\Pipeline->Illuminate\\Routing\\{closure}(Object(Illuminate\\Http\\Request))
#66 /home/adminlsp/appdir/vendor/laravel/framework/src/Illuminate/Pipeline/Pipeline.php(163): Illuminate\\Foundation\\Http\\Middleware\\TransformsRequest->handle(Object(Illuminate\\Http\\Request), Object(Closure))
#67 /home/adminlsp/appdir/vendor/laravel/framework/src/Illuminate/Routing/Pipeline.php(53): Illuminate\\Pipeline\\Pipeline->Illuminate\\Pipeline\\{closure}(Object(Illuminate\\Http\\Request))
#68 /home/adminlsp/appdir/vendor/laravel/framework/src/Illuminate/Foundation/Http/Middleware/ValidatePostSize.php(27): Illuminate\\Routing\\Pipeline->Illuminate\\Routing\\{closure}(Object(Illuminate\\Http\\Request))
#69 /home/adminlsp/appdir/vendor/laravel/framework/src/Illuminate/Pipeline/Pipeline.php(163): Illuminate\\Foundation\\Http\\Middleware\\ValidatePostSize->handle(Object(Illuminate\\Http\\Request), Object(Closure))
#70 /home/adminlsp/appdir/vendor/laravel/framework/src/Illuminate/Routing/Pipeline.php(53): Illuminate\\Pipeline\\Pipeline->Illuminate\\Pipeline\\{closure}(Object(Illuminate\\Http\\Request))
#71 /home/adminlsp/appdir/vendor/laravel/framework/src/Illuminate/Foundation/Http/Middleware/CheckForMaintenanceMode.php(62): Illuminate\\Routing\\Pipeline->Illuminate\\Routing\\{closure}(Object(Illuminate\\Http\\Request))
#72 /home/adminlsp/appdir/vendor/laravel/framework/src/Illuminate/Pipeline/Pipeline.php(163): Illuminate\\Foundation\\Http\\Middleware\\CheckForMaintenanceMode->handle(Object(Illuminate\\Http\\Request), Object(Closure))
#73 /home/adminlsp/appdir/vendor/laravel/framework/src/Illuminate/Routing/Pipeline.php(53): Illuminate\\Pipeline\\Pipeline->Illuminate\\Pipeline\\{closure}(Object(Illuminate\\Http\\Request))
#74 /home/adminlsp/appdir/vendor/laravel/framework/src/Illuminate/Pipeline/Pipeline.php(104): Illuminate\\Routing\\Pipeline->Illuminate\\Routing\\{closure}(Object(Illuminate\\Http\\Request))
#75 /home/adminlsp/appdir/vendor/laravel/framework/src/Illuminate/Foundation/Http/Kernel.php(151): Illuminate\\Pipeline\\Pipeline->then(Object(Closure))
#76 /home/adminlsp/appdir/vendor/laravel/framework/src/Illuminate/Foundation/Http/Kernel.php(116): Illuminate\\Foundation\\Http\\Kernel->sendRequestThroughRouter(Object(Illuminate\\Http\\Request))
#77 /home/adminlsp/appdir/public/index.php(55): Illuminate\\Foundation\\Http\\Kernel->handle(Object(Illuminate\\Http\\Request))
#78 /home/adminlsp/appdir/server.php(21): require_once('/home/adminlsp/...')
#79 {main}
"} 
[2021-04-08 19:52:49] local.ERROR: Expected response code 354 but got code "550", with message "550 5.4.5 Daily user sending quota exceeded. l2sm208785pji.45 - gsmtp
" {"exception":"[object] (Swift_TransportException(code: 550): Expected response code 354 but got code \"550\", with message \"550 5.4.5 Daily user sending quota exceeded. l2sm208785pji.45 - gsmtp
\" at /home/adminlsp/appdir/vendor/swiftmailer/swiftmailer/lib/classes/Swift/Transport/AbstractSmtpTransport.php:457)
[stacktrace]
#0 /home/adminlsp/appdir/vendor/swiftmailer/swiftmailer/lib/classes/Swift/Transport/AbstractSmtpTransport.php(341): Swift_Transport_AbstractSmtpTransport->assertResponseCode('550 5.4.5 Daily...', Array)
#1 /home/adminlsp/appdir/vendor/swiftmailer/swiftmailer/lib/classes/Swift/Transport/EsmtpTransport.php(305): Swift_Transport_AbstractSmtpTransport->executeCommand('DATA\\
', Array, Array, false, NULL)
#2 /home/adminlsp/appdir/vendor/swiftmailer/swiftmailer/lib/classes/Swift/Transport/AbstractSmtpTransport.php(390): Swift_Transport_EsmtpTransport->executeCommand('DATA\\
', Array, Array)
#3 /home/adminlsp/appdir/vendor/swiftmailer/swiftmailer/lib/classes/Swift/Transport/AbstractSmtpTransport.php(497): Swift_Transport_AbstractSmtpTransport->doDataCommand(Array)
#4 /home/adminlsp/appdir/vendor/swiftmailer/swiftmailer/lib/classes/Swift/Transport/AbstractSmtpTransport.php(516): Swift_Transport_AbstractSmtpTransport->doMailTransaction(Object(Swift_Message), 'lsp@polije.ac.i...', Array, Array)
#5 /home/adminlsp/appdir/vendor/swiftmailer/swiftmailer/lib/classes/Swift/Transport/AbstractSmtpTransport.php(206): Swift_Transport_AbstractSmtpTransport->sendTo(Object(Swift_Message), 'lsp@polije.ac.i...', Array, Array)
#6 /home/adminlsp/appdir/vendor/swiftmailer/swiftmailer/lib/classes/Swift/Mailer.php(71): Swift_Transport_AbstractSmtpTransport->send(Object(Swift_Message), Array)
#7 /home/adminlsp/appdir/vendor/laravel/framework/src/Illuminate/Mail/Mailer.php(484): Swift_Mailer->send(Object(Swift_Message), Array)
#8 /home/adminlsp/appdir/vendor/laravel/framework/src/Illuminate/Mail/Mailer.php(259): Illuminate\\Mail\\Mailer->sendSwiftMessage(Object(Swift_Message))
#9 /home/adminlsp/appdir/vendor/laravel/framework/src/Illuminate/Mail/Mailable.php(159): Illuminate\\Mail\\Mailer->send('auth.mail', Array, Object(Closure))
#10 /home/adminlsp/appdir/vendor/laravel/framework/src/Illuminate/Support/Traits/Localizable.php(19): Illuminate\\Mail\\Mailable->Illuminate\\Mail\\{closure}()
#11 /home/adminlsp/appdir/vendor/laravel/framework/src/Illuminate/Mail/Mailable.php(160): Illuminate\\Mail\\Mailable->withLocale(NULL, Object(Closure))
#12 /home/adminlsp/appdir/vendor/laravel/framework/src/Illuminate/Mail/Mailer.php(275): Illuminate\\Mail\\Mailable->send(Object(Illuminate\\Mail\\Mailer))
#13 /home/adminlsp/appdir/vendor/laravel/framework/src/Illuminate/Mail/Mailer.php(229): Illuminate\\Mail\\Mailer->sendMailable(Object(App\\Mail\\RegisterMail))
#14 /home/adminlsp/appdir/vendor/laravel/framework/src/Illuminate/Mail/PendingMail.php(127): Illuminate\\Mail\\Mailer->send(Object(App\\Mail\\RegisterMail))
#15 /home/adminlsp/appdir/app/Listeners/RegisteredListener.php(30): Illuminate\\Mail\\PendingMail->send(Object(App\\Mail\\RegisterMail))
#16 [internal function]: App\\Listeners\\RegisteredListener->handle(Object(Illuminate\\Auth\\Events\\Registered))
#17 /home/adminlsp/appdir/vendor/laravel/framework/src/Illuminate/Events/Dispatcher.php(366): call_user_func_array(Array, Array)
#18 /home/adminlsp/appdir/vendor/laravel/framework/src/Illuminate/Events/Dispatcher.php(196): Illuminate\\Events\\Dispatcher->Illuminate\\Events\\{closure}('Illuminate\\\\Auth...', Array)
#19 /home/adminlsp/appdir/vendor/laravel/framework/src/Illuminate/Foundation/helpers.php(482): Illuminate\\Events\\Dispatcher->dispatch('Illuminate\\\\Auth...')
#20 /home/adminlsp/appdir/vendor/laravel/framework/src/Illuminate/Foundation/Auth/RegistersUsers.php(34): event(Object(Illuminate\\Auth\\Events\\Registered))
#21 [internal function]: App\\Http\\Controllers\\Auth\\RegisterController->register(Object(Illuminate\\Http\\Request))
#22 /home/adminlsp/appdir/vendor/laravel/framework/src/Illuminate/Routing/Controller.php(54): call_user_func_array(Array, Array)
#23 /home/adminlsp/appdir/vendor/laravel/framework/src/Illuminate/Routing/ControllerDispatcher.php(45): Illuminate\\Routing\\Controller->callAction('register', Array)
#24 /home/adminlsp/appdir/vendor/laravel/framework/src/Illuminate/Routing/Route.php(219): Illuminate\\Routing\\ControllerDispatcher->dispatch(Object(Illuminate\\Routing\\Route), Object(App\\Http\\Controllers\\Auth\\RegisterController), 'register')
#25 /home/adminlsp/appdir/vendor/laravel/framework/src/Illuminate/Routing/Route.php(176): Illuminate\\Routing\\Route->runController()
#26 /home/adminlsp/appdir/vendor/laravel/framework/src/Illuminate/Routing/Router.php(680): Illuminate\\Routing\\Route->run()
#27 /home/adminlsp/appdir/vendor/laravel/framework/src/Illuminate/Routing/Pipeline.php(30): Illuminate\\Routing\\Router->Illuminate\\Routing\\{closure}(Object(Illuminate\\Http\\Request))
#28 /home/adminlsp/appdir/app/Http/Middleware/RedirectIfAuthenticated.php(24): Illuminate\\Routing\\Pipeline->Illuminate\\Routing\\{closure}(Object(Illuminate\\Http\\Request))
#29 /home/adminlsp/appdir/vendor/laravel/framework/src/Illuminate/Pipeline/Pipeline.php(163): App\\Http\\Middleware\\RedirectIfAuthenticated->handle(Object(Illuminate\\Http\\Request), Object(Closure))
#30 /home/adminlsp/appdir/vendor/laravel/framework/src/Illuminate/Routing/Pipeline.php(53): Illuminate\\Pipeline\\Pipeline->Illuminate\\Pipeline\\{closure}(Object(Illuminate\\Http\\Request))
#31 /home/adminlsp/appdir/vendor/laravel/framework/src/Illuminate/Routing/Middleware/SubstituteBindings.php(41): Illuminate\\Routing\\Pipeline->Illuminate\\Routing\\{closure}(Object(Illuminate\\Http\\Request))
#32 /home/adminlsp/appdir/vendor/laravel/framework/src/Illuminate/Pipeline/Pipeline.php(163): Illuminate\\Routing\\Middleware\\SubstituteBindings->handle(Object(Illuminate\\Http\\Request), Object(Closure))
#33 /home/adminlsp/appdir/vendor/laravel/framework/src/Illuminate/Routing/Pipeline.php(53): Illuminate\\Pipeline\\Pipeline->Illuminate\\Pipeline\\{closure}(Object(Illuminate\\Http\\Request))
#34 /home/adminlsp/appdir/vendor/laravel/framework/src/Illuminate/Foundation/Http/Middleware/VerifyCsrfToken.php(75): Illuminate\\Routing\\Pipeline->Illuminate\\Routing\\{closure}(Object(Illuminate\\Http\\Request))
#35 /home/adminlsp/appdir/vendor/laravel/framework/src/Illuminate/Pipeline/Pipeline.php(163): Illuminate\\Foundation\\Http\\Middleware\\VerifyCsrfToken->handle(Object(Illuminate\\Http\\Request), Object(Closure))
#36 /home/adminlsp/appdir/vendor/laravel/framework/src/Illuminate/Routing/Pipeline.php(53): Illuminate\\Pipeline\\Pipeline->Illuminate\\Pipeline\\{closure}(Object(Illuminate\\Http\\Request))
#37 /home/adminlsp/appdir/vendor/laravel/framework/src/Illuminate/Session/Middleware/AuthenticateSession.php(39): Illuminate\\Routing\\Pipeline->Illuminate\\Routing\\{closure}(Object(Illuminate\\Http\\Request))
#38 /home/adminlsp/appdir/vendor/laravel/framework/src/Illuminate/Pipeline/Pipeline.php(163): Illuminate\\Session\\Middleware\\AuthenticateSession->handle(Object(Illuminate\\Http\\Request), Object(Closure))
#39 /home/adminlsp/appdir/vendor/laravel/framework/src/Illuminate/Routing/Pipeline.php(53): Illuminate\\Pipeline\\Pipeline->Illuminate\\Pipeline\\{closure}(Object(Illuminate\\Http\\Request))
#40 /home/adminlsp/appdir/vendor/laravel/framework/src/Illuminate/View/Middleware/ShareErrorsFromSession.php(49): Illuminate\\Routing\\Pipeline->Illuminate\\Routing\\{closure}(Object(Illuminate\\Http\\Request))
#41 /home/adminlsp/appdir/vendor/laravel/framework/src/Illuminate/Pipeline/Pipeline.php(163): Illuminate\\View\\Middleware\\ShareErrorsFromSession->handle(Object(Illuminate\\Http\\Request), Object(Closure))
#42 /home/adminlsp/appdir/vendor/laravel/framework/src/Illuminate/Routing/Pipeline.php(53): Illuminate\\Pipeline\\Pipeline->Illuminate\\Pipeline\\{closure}(Object(Illuminate\\Http\\Request))
#43 /home/adminlsp/appdir/vendor/laravel/framework/src/Illuminate/Session/Middleware/StartSession.php(56): Illuminate\\Routing\\Pipeline->Illuminate\\Routing\\{closure}(Object(Illuminate\\Http\\Request))
#44 /home/adminlsp/appdir/vendor/laravel/framework/src/Illuminate/Pipeline/Pipeline.php(163): Illuminate\\Session\\Middleware\\StartSession->handle(Object(Illuminate\\Http\\Request), Object(Closure))
#45 /home/adminlsp/appdir/vendor/laravel/framework/src/Illuminate/Routing/Pipeline.php(53): Illuminate\\Pipeline\\Pipeline->Illuminate\\Pipeline\\{closure}(Object(Illuminate\\Http\\Request))
#46 /home/adminlsp/appdir/vendor/laravel/framework/src/Illuminate/Cookie/Middleware/AddQueuedCookiesToResponse.php(37): Illuminate\\Routing\\Pipeline->Illuminate\\Routing\\{closure}(Object(Illuminate\\Http\\Request))
#47 /home/adminlsp/appdir/vendor/laravel/framework/src/Illuminate/Pipeline/Pipeline.php(163): Illuminate\\Cookie\\Middleware\\AddQueuedCookiesToResponse->handle(Object(Illuminate\\Http\\Request), Object(Closure))
#48 /home/adminlsp/appdir/vendor/laravel/framework/src/Illuminate/Routing/Pipeline.php(53): Illuminate\\Pipeline\\Pipeline->Illuminate\\Pipeline\\{closure}(Object(Illuminate\\Http\\Request))
#49 /home/adminlsp/appdir/vendor/laravel/framework/src/Illuminate/Cookie/Middleware/EncryptCookies.php(66): Illuminate\\Routing\\Pipeline->Illuminate\\Routing\\{closure}(Object(Illuminate\\Http\\Request))
#50 /home/adminlsp/appdir/vendor/laravel/framework/src/Illuminate/Pipeline/Pipeline.php(163): Illuminate\\Cookie\\Middleware\\EncryptCookies->handle(Object(Illuminate\\Http\\Request), Object(Closure))
#51 /home/adminlsp/appdir/vendor/laravel/framework/src/Illuminate/Routing/Pipeline.php(53): Illuminate\\Pipeline\\Pipeline->Illuminate\\Pipeline\\{closure}(Object(Illuminate\\Http\\Request))
#52 /home/adminlsp/appdir/vendor/laravel/framework/src/Illuminate/Pipeline/Pipeline.php(104): Illuminate\\Routing\\Pipeline->Illuminate\\Routing\\{closure}(Object(Illuminate\\Http\\Request))
#53 /home/adminlsp/appdir/vendor/laravel/framework/src/Illuminate/Routing/Router.php(682): Illuminate\\Pipeline\\Pipeline->then(Object(Closure))
#54 /home/adminlsp/appdir/vendor/laravel/framework/src/Illuminate/Routing/Router.php(657): Illuminate\\Routing\\Router->runRouteWithinStack(Object(Illuminate\\Routing\\Route), Object(Illuminate\\Http\\Request))
#55 /home/adminlsp/appdir/vendor/laravel/framework/src/Illuminate/Routing/Router.php(623): Illuminate\\Routing\\Router->runRoute(Object(Illuminate\\Http\\Request), Object(Illuminate\\Routing\\Route))
#56 /home/adminlsp/appdir/vendor/laravel/framework/src/Illuminate/Routing/Router.php(612): Illuminate\\Routing\\Router->dispatchToRoute(Object(Illuminate\\Http\\Request))
#57 /home/adminlsp/appdir/vendor/laravel/framework/src/Illuminate/Foundation/Http/Kernel.php(176): Illuminate\\Routing\\Router->dispatch(Object(Illuminate\\Http\\Request))
#58 /home/adminlsp/appdir/vendor/laravel/framework/src/Illuminate/Routing/Pipeline.php(30): Illuminate\\Foundation\\Http\\Kernel->Illuminate\\Foundation\\Http\\{closure}(Object(Illuminate\\Http\\Request))
#59 /home/adminlsp/appdir/vendor/fideloper/proxy/src/TrustProxies.php(57): Illuminate\\Routing\\Pipeline->Illuminate\\Routing\\{closure}(Object(Illuminate\\Http\\Request))
#60 /home/adminlsp/appdir/vendor/laravel/framework/src/Illuminate/Pipeline/Pipeline.php(163): Fideloper\\Proxy\\TrustProxies->handle(Object(Illuminate\\Http\\Request), Object(Closure))
#61 /home/adminlsp/appdir/vendor/laravel/framework/src/Illuminate/Routing/Pipeline.php(53): Illuminate\\Pipeline\\Pipeline->Illuminate\\Pipeline\\{closure}(Object(Illuminate\\Http\\Request))
#62 /home/adminlsp/appdir/vendor/laravel/framework/src/Illuminate/Foundation/Http/Middleware/TransformsRequest.php(21): Illuminate\\Routing\\Pipeline->Illuminate\\Routing\\{closure}(Object(Illuminate\\Http\\Request))
#63 /home/adminlsp/appdir/vendor/laravel/framework/src/Illuminate/Pipeline/Pipeline.php(163): Illuminate\\Foundation\\Http\\Middleware\\TransformsRequest->handle(Object(Illuminate\\Http\\Request), Object(Closure))
#64 /home/adminlsp/appdir/vendor/laravel/framework/src/Illuminate/Routing/Pipeline.php(53): Illuminate\\Pipeline\\Pipeline->Illuminate\\Pipeline\\{closure}(Object(Illuminate\\Http\\Request))
#65 /home/adminlsp/appdir/vendor/laravel/framework/src/Illuminate/Foundation/Http/Middleware/TransformsRequest.php(21): Illuminate\\Routing\\Pipeline->Illuminate\\Routing\\{closure}(Object(Illuminate\\Http\\Request))
#66 /home/adminlsp/appdir/vendor/laravel/framework/src/Illuminate/Pipeline/Pipeline.php(163): Illuminate\\Foundation\\Http\\Middleware\\TransformsRequest->handle(Object(Illuminate\\Http\\Request), Object(Closure))
#67 /home/adminlsp/appdir/vendor/laravel/framework/src/Illuminate/Routing/Pipeline.php(53): Illuminate\\Pipeline\\Pipeline->Illuminate\\Pipeline\\{closure}(Object(Illuminate\\Http\\Request))
#68 /home/adminlsp/appdir/vendor/laravel/framework/src/Illuminate/Foundation/Http/Middleware/ValidatePostSize.php(27): Illuminate\\Routing\\Pipeline->Illuminate\\Routing\\{closure}(Object(Illuminate\\Http\\Request))
#69 /home/adminlsp/appdir/vendor/laravel/framework/src/Illuminate/Pipeline/Pipeline.php(163): Illuminate\\Foundation\\Http\\Middleware\\ValidatePostSize->handle(Object(Illuminate\\Http\\Request), Object(Closure))
#70 /home/adminlsp/appdir/vendor/laravel/framework/src/Illuminate/Routing/Pipeline.php(53): Illuminate\\Pipeline\\Pipeline->Illuminate\\Pipeline\\{closure}(Object(Illuminate\\Http\\Request))
#71 /home/adminlsp/appdir/vendor/laravel/framework/src/Illuminate/Foundation/Http/Middleware/CheckForMaintenanceMode.php(62): Illuminate\\Routing\\Pipeline->Illuminate\\Routing\\{closure}(Object(Illuminate\\Http\\Request))
#72 /home/adminlsp/appdir/vendor/laravel/framework/src/Illuminate/Pipeline/Pipeline.php(163): Illuminate\\Foundation\\Http\\Middleware\\CheckForMaintenanceMode->handle(Object(Illuminate\\Http\\Request), Object(Closure))
#73 /home/adminlsp/appdir/vendor/laravel/framework/src/Illuminate/Routing/Pipeline.php(53): Illuminate\\Pipeline\\Pipeline->Illuminate\\Pipeline\\{closure}(Object(Illuminate\\Http\\Request))
#74 /home/adminlsp/appdir/vendor/laravel/framework/src/Illuminate/Pipeline/Pipeline.php(104): Illuminate\\Routing\\Pipeline->Illuminate\\Routing\\{closure}(Object(Illuminate\\Http\\Request))
#75 /home/adminlsp/appdir/vendor/laravel/framework/src/Illuminate/Foundation/Http/Kernel.php(151): Illuminate\\Pipeline\\Pipeline->then(Object(Closure))
#76 /home/adminlsp/appdir/vendor/laravel/framework/src/Illuminate/Foundation/Http/Kernel.php(116): Illuminate\\Foundation\\Http\\Kernel->sendRequestThroughRouter(Object(Illuminate\\Http\\Request))
#77 /home/adminlsp/appdir/public/index.php(55): Illuminate\\Foundation\\Http\\Kernel->handle(Object(Illuminate\\Http\\Request))
#78 /home/adminlsp/appdir/server.php(21): require_once('/home/adminlsp/...')
#79 {main}
"} 
